user_id,item_id,event_type,weight,timestamp
1,152,like,2.0,2026-04-04 23:37:39
1,131,like,2.0,2026-04-05 20:52:16
1,14,view,1.0,2026-04-07 19:31:39
1,35,view,1.0,2026-04-08 01:42:46
1,20,like,2.0,2026-04-21 17:40:19
1,12,like,2.0,2026-05-03 15:27:53
1,60,view,1.0,2026-06-07 09:28:53
1,357,like,2.0,2026-06-14 01:17:27
1,339,like,2.0,2026-06-26 20:26:49
1,258,purchase,4.0,2026-08-04 04:27:49
1,48,view,1.0,2026-08-06 02:10:37
1,286,view,1.0,2026-08-13 14:19:50
1,109,purchase,4.0,2026-08-20 18:56:33
1,210,view,1.0,2026-09-02 07:48:14
1,388,view,1.0,2026-09-10 08:47:46
1,362,purchase,4.0,2026-09-25 13:29:00
1,98,purchase,4.0,2026-09-26 11:24:11
2,399,purchase,4.0,2026-04-16 15:33:22
2,157,purchase,4.0,2026-05-14 11:13:59
2,83,view,1.0,2026-07-06 10:42:32
2,216,like,2.0,2026-07-06 14:53:50
2,150,purchase,4.0,2026-07-20 09:57:59
2,25,view,1.0,2026-08-11 05:59:59
2,339,like,2.0,2026-08-19 18:28:05
2,8,view,1.0,2026-09-01 02:10:15
2,358,view,1.0,2026-09-14 02:07:14
2,314,view,1.0,2026-09-27 20:15:27
4,158,view,1.0,2026-04-23 01:41:42
4,342,view,1.0,2026-05-09 17:37:54
4,143,view,1.0,2026-05-27 09:15:51
4,281,like,2.0,2026-06-19 14:24:22
4,226,like,2.0,2026-07-15 23:32:16
4,132,like,2.0,2026-07-27 05:29:03
4,102,like,2.0,2026-08-07 15:14:21
4,267,like,2.0,2026-08-08 02:55:18
4,52,like,2.0,2026-09-12 20:56:35
4,345,view,1.0,2026-09-18 17:31:07
4,223,like,2.0,2026-09-22 23:49:09
5,343,like,2.0,2026-04-07 21:27:09
5,397,view,1.0,2026-04-17 05:58:40
5,118,like,2.0,2026-04-17 13:03:29
5,372,purchase,4.0,2026-04-29 01:40:43
5,332,purchase,4.0,2026-04-29 09:12:00
5,31,view,1.0,2026-05-01 00:37:15
5,123,view,1.0,2026-05-07 17:04:21
5,89,view,1.0,2026-05-10 15:49:59
5,268,view,1.0,2026-05-11 14:43:27
5,220,view,1.0,2026-05-14 13:27:27
5,194,view,1.0,2026-05-16 01:21:47
5,314,view,1.0,2026-05-23 13:47:41
5,122,like,2.0,2026-05-24 14:30:44
5,150,view,1.0,2026-05-27 05:13:23
5,357,view,1.0,2026-05-31 15:03:45
5,391,like,2.0,2026-06-02 15:55:33
5,324,like,2.0,2026-06-04 04:28:19
5,47,like,2.0,2026-06-20 11:43:03
5,87,like,2.0,2026-06-26 06:31:48
5,167,view,1.0,2026-07-01 04:50:23
5,96,view,1.0,2026-07-02 13:04:02
5,273,view,1.0,2026-07-06 02:13:03
5,164,view,1.0,2026-07-18 15:08:19
5,108,view,1.0,2026-07-29 21:51:29
5,149,view,1.0,2026-07-30 11:39:17
5,186,like,2.0,2026-08-02 07:13:36
5,296,view,1.0,2026-08-20 23:01:30
5,38,view,1.0,2026-08-22 15:15:22
5,347,view,1.0,2026-08-29 00:08:55
5,48,purchase,4.0,2026-08-31 06:43:13
5,102,view,1.0,2026-09-04 08:26:14
5,85,view,1.0,2026-09-09 12:45:15
5,42,view,1.0,2026-09-11 04:32:39
5,261,view,1.0,2026-09-13 04:55:54
5,156,view,1.0,2026-09-19 08:48:02
5,35,view,1.0,2026-09-19 14:48:21
5,2,view,1.0,2026-09-26 02:55:06
6,356,like,2.0,2026-05-02 23:45:47
6,177,view,1.0,2026-05-18 15:23:40
6,251,view,1.0,2026-05-26 08:36:37
6,170,view,1.0,2026-05-30 15:02:14
6,244,view,1.0,2026-06-07 14:00:00
6,192,view,1.0,2026-06-10 09:46:58
6,305,like,2.0,2026-07-03 06:26:22
6,4,view,1.0,2026-08-30 01:32:13
6,91,like,2.0,2026-09-20 04:06:15
7,74,purchase,4.0,2026-04-08 10:02:07
7,296,like,2.0,2026-04-11 10:50:16
7,96,view,1.0,2026-04-11 22:47:05
7,120,view,1.0,2026-04-20 00:51:42
7,333,purchase,4.0,2026-05-03 07:22:54
7,293,view,1.0,2026-05-16 13:52:10
7,202,like,2.0,2026-05-28 09:07:41
7,320,view,1.0,2026-05-28 17:31:39
7,147,purchase,4.0,2026-06-17 00:50:29
7,313,view,1.0,2026-06-25 18:05:46
7,76,view,1.0,2026-07-07 10:31:04
7,190,view,1.0,2026-07-10 14:50:41
7,50,view,1.0,2026-07-11 03:18:45
7,154,view,1.0,2026-07-15 22:19:38
7,200,view,1.0,2026-07-18 15:45:45
7,30,like,2.0,2026-08-10 09:36:49
7,171,like,2.0,2026-08-12 13:01:16
7,261,view,1.0,2026-08-27 22:12:24
7,234,like,2.0,2026-09-01 16:24:08
7,25,view,1.0,2026-09-03 08:01:54
7,38,view,1.0,2026-09-06 13:20:46
7,138,view,1.0,2026-09-27 00:23:02
8,132,purchase,4.0,2026-04-03 06:47:12
8,309,view,1.0,2026-04-07 14:05:10
8,345,view,1.0,2026-04-07 16:58:24
8,45,view,1.0,2026-05-09 09:15:22
8,252,like,2.0,2026-05-13 18:02:14
8,223,purchase,4.0,2026-06-03 11:41:30
8,274,like,2.0,2026-06-04 04:36:42
8,391,view,1.0,2026-06-07 02:22:59
8,145,view,1.0,2026-06-09 20:57:04
8,129,purchase,4.0,2026-06-21 17:56:28
8,230,view,1.0,2026-06-29 17:35:56
8,171,like,2.0,2026-07-03 05:27:04
8,190,like,2.0,2026-07-14 08:42:48
8,27,purchase,4.0,2026-07-28 19:40:36
8,61,like,2.0,2026-08-06 18:59:28
8,371,view,1.0,2026-08-10 10:32:28
8,234,view,1.0,2026-08-13 04:41:36
8,307,view,1.0,2026-09-08 02:49:28
8,3,purchase,4.0,2026-09-09 06:08:44
8,81,purchase,4.0,2026-09-20 17:58:11
9,165,view,1.0,2026-04-11 16:23:46
9,271,purchase,4.0,2026-04-14 15:44:26
9,294,purchase,4.0,2026-04-15 23:45:53
9,263,purchase,4.0,2026-05-16 08:12:32
9,230,view,1.0,2026-05-24 10:24:02
9,200,like,2.0,2026-05-31 12:34:54
9,90,like,2.0,2026-06-13 09:41:17
9,332,view,1.0,2026-06-23 14:29:41
9,389,view,1.0,2026-06-26 14:36:16
9,184,view,1.0,2026-07-29 20:44:35
9,375,view,1.0,2026-08-01 02:26:27
9,399,purchase,4.0,2026-08-06 04:44:19
9,194,view,1.0,2026-08-08 22:59:18
9,286,view,1.0,2026-08-22 04:46:30
9,249,view,1.0,2026-08-22 16:43:32
9,100,view,1.0,2026-09-08 15:07:23
9,18,view,1.0,2026-09-23 04:41:05
10,310,like,2.0,2026-04-07 04:36:51
10,195,view,1.0,2026-04-11 01:54:03
10,78,like,2.0,2026-04-17 21:50:04
10,30,like,2.0,2026-04-20 17:08:06
10,50,like,2.0,2026-04-22 15:50:25
10,98,purchase,4.0,2026-04-26 01:47:01
10,146,view,1.0,2026-04-28 13:40:09
10,362,purchase,4.0,2026-05-04 10:37:09
10,97,view,1.0,2026-05-05 00:53:08
10,118,like,2.0,2026-05-05 16:57:37
10,93,like,2.0,2026-05-06 07:04:49
10,210,view,1.0,2026-05-08 05:27:53
10,233,like,2.0,2026-05-08 15:56:16
10,204,like,2.0,2026-05-10 09:28:31
10,390,like,2.0,2026-05-11 04:03:24
10,397,like,2.0,2026-05-16 04:13:32
10,341,purchase,4.0,2026-05-17 06:21:03
10,332,view,1.0,2026-05-17 06:26:03
10,145,view,1.0,2026-05-18 13:51:37
10,222,view,1.0,2026-05-19 20:17:18
10,136,view,1.0,2026-05-26 06:02:55
10,319,view,1.0,2026-05-27 01:46:08
10,77,like,2.0,2026-06-01 19:17:31
10,90,purchase,4.0,2026-06-03 08:44:20
10,14,view,1.0,2026-06-06 15:45:13
10,231,purchase,4.0,2026-06-08 19:29:38
10,271,view,1.0,2026-06-09 17:51:49
10,2,view,1.0,2026-06-09 23:28:16
10,152,like,2.0,2026-06-11 05:06:23
10,324,view,1.0,2026-06-13 18:11:36
10,19,view,1.0,2026-06-15 14:19:39
10,236,like,2.0,2026-06-16 02:00:41
10,224,view,1.0,2026-06-19 15:35:22
10,339,purchase,4.0,2026-06-19 18:29:43
10,158,view,1.0,2026-06-20 21:10:22
10,391,purchase,4.0,2026-06-21 16:34:29
10,44,view,1.0,2026-06-21 18:29:29
10,325,view,1.0,2026-06-23 21:28:41
10,5,view,1.0,2026-06-27 08:35:21
10,185,view,1.0,2026-06-29 12:34:49
10,68,purchase,4.0,2026-06-30 00:22:36
10,226,view,1.0,2026-06-30 20:47:33
10,326,purchase,4.0,2026-07-03 03:08:44
10,12,view,1.0,2026-07-05 06:58:10
10,76,purchase,4.0,2026-07-06 04:47:58
10,131,view,1.0,2026-07-09 04:37:16
10,101,view,1.0,2026-07-13 17:59:06
10,153,view,1.0,2026-07-17 02:05:17
10,41,like,2.0,2026-07-25 16:00:31
10,169,like,2.0,2026-07-26 09:10:00
10,173,like,2.0,2026-07-27 18:30:47
10,109,like,2.0,2026-07-27 21:13:15
10,287,purchase,4.0,2026-07-30 19:23:16
10,234,view,1.0,2026-08-10 17:01:11
10,164,view,1.0,2026-08-11 04:36:41
10,230,view,1.0,2026-08-16 16:21:03
10,343,like,2.0,2026-08-17 00:27:55
10,376,view,1.0,2026-08-17 03:19:04
10,106,view,1.0,2026-08-17 04:36:33
10,394,like,2.0,2026-08-17 09:56:21
10,335,view,1.0,2026-08-18 20:45:06
10,263,view,1.0,2026-08-21 06:42:40
10,170,purchase,4.0,2026-08-25 04:51:22
10,299,like,2.0,2026-08-27 01:46:58
10,279,view,1.0,2026-08-31 12:12:56
10,284,view,1.0,2026-09-02 02:19:44
10,294,view,1.0,2026-09-03 21:17:43
10,79,view,1.0,2026-09-06 06:05:51
10,128,view,1.0,2026-09-07 02:55:11
10,150,like,2.0,2026-09-09 16:05:45
10,293,view,1.0,2026-09-11 05:06:22
10,280,view,1.0,2026-09-12 04:36:11
10,328,purchase,4.0,2026-09-12 16:47:35
10,306,purchase,4.0,2026-09-20 07:50:45
10,223,view,1.0,2026-09-28 14:18:07
10,48,view,1.0,2026-09-29 19:54:32
12,222,view,1.0,2026-04-10 18:59:51
12,286,purchase,4.0,2026-04-18 11:51:14
12,206,view,1.0,2026-04-23 19:05:19
12,45,purchase,4.0,2026-05-03 07:14:10
12,21,like,2.0,2026-05-09 20:48:52
12,170,view,1.0,2026-05-31 12:49:35
12,380,like,2.0,2026-06-09 13:11:32
12,230,view,1.0,2026-06-20 11:44:59
12,129,like,2.0,2026-07-13 03:46:03
12,371,view,1.0,2026-07-28 19:44:14
12,147,view,1.0,2026-08-01 01:25:40
12,209,view,1.0,2026-08-20 10:42:33
12,35,view,1.0,2026-08-23 23:08:02
12,295,view,1.0,2026-09-21 09:33:54
12,285,view,1.0,2026-09-23 14:39:39
13,258,view,1.0,2026-04-03 15:20:09
13,66,like,2.0,2026-04-06 02:56:33
13,35,like,2.0,2026-04-09 00:17:34
13,250,view,1.0,2026-04-21 14:29:22
13,195,view,1.0,2026-04-23 00:40:05
13,96,like,2.0,2026-05-03 01:56:42
13,110,view,1.0,2026-05-08 23:12:59
13,152,view,1.0,2026-05-24 05:23:16
13,194,view,1.0,2026-05-24 20:46:26
13,151,view,1.0,2026-05-27 21:15:50
13,47,like,2.0,2026-05-28 04:55:08
13,357,like,2.0,2026-06-19 07:08:16
13,244,view,1.0,2026-06-23 20:03:04
13,61,view,1.0,2026-07-25 16:03:21
13,169,purchase,4.0,2026-08-05 17:29:08
13,164,view,1.0,2026-08-13 04:17:32
13,236,view,1.0,2026-08-23 01:29:28
13,270,view,1.0,2026-09-22 16:21:56
13,296,view,1.0,2026-09-26 22:21:53
14,308,view,1.0,2026-04-09 14:03:01
14,340,like,2.0,2026-05-08 11:09:46
14,314,view,1.0,2026-05-09 07:56:22
14,155,purchase,4.0,2026-06-10 17:52:45
14,272,view,1.0,2026-06-22 11:47:53
14,350,view,1.0,2026-07-09 12:57:08
14,58,purchase,4.0,2026-07-10 10:42:06
14,156,view,1.0,2026-08-10 02:50:35
14,6,purchase,4.0,2026-08-20 00:15:30
14,165,view,1.0,2026-09-11 01:02:16
15,273,view,1.0,2026-04-04 04:22:07
15,24,like,2.0,2026-04-10 16:10:05
15,31,purchase,4.0,2026-04-22 06:37:39
15,185,like,2.0,2026-05-14 01:46:28
15,397,like,2.0,2026-05-27 17:47:35
15,114,purchase,4.0,2026-06-01 20:23:42
15,234,view,1.0,2026-06-10 12:30:38
15,211,purchase,4.0,2026-07-10 12:56:15
15,332,like,2.0,2026-07-29 20:39:53
15,115,view,1.0,2026-08-21 06:52:38
15,217,like,2.0,2026-08-26 17:10:31
15,387,like,2.0,2026-09-09 23:40:24
15,126,purchase,4.0,2026-09-11 13:50:52
15,167,view,1.0,2026-09-17 11:16:18
16,309,view,1.0,2026-04-12 23:11:24
16,344,view,1.0,2026-04-14 05:34:32
16,304,view,1.0,2026-04-15 15:16:02
16,265,view,1.0,2026-05-02 08:32:43
16,371,view,1.0,2026-06-14 23:43:37
16,213,view,1.0,2026-06-23 20:28:49
16,267,view,1.0,2026-07-01 12:53:25
16,155,purchase,4.0,2026-07-25 14:20:49
16,118,like,2.0,2026-08-02 10:38:24
16,122,purchase,4.0,2026-08-18 20:10:29
16,51,view,1.0,2026-09-05 14:28:04
16,326,view,1.0,2026-09-17 04:56:37
17,206,view,1.0,2026-04-10 06:38:15
17,376,purchase,4.0,2026-04-18 23:33:52
17,62,like,2.0,2026-04-22 16:55:01
17,25,purchase,4.0,2026-04-29 00:44:52
17,370,like,2.0,2026-04-29 15:19:54
17,275,view,1.0,2026-05-02 11:00:32
17,96,view,1.0,2026-05-09 08:16:25
17,390,view,1.0,2026-05-12 19:21:46
17,314,view,1.0,2026-05-22 16:55:27
17,273,like,2.0,2026-05-25 10:51:06
17,84,view,1.0,2026-06-03 01:25:01
17,210,view,1.0,2026-06-03 05:59:31
17,347,like,2.0,2026-06-09 01:21:58
17,357,like,2.0,2026-06-16 00:32:13
17,220,view,1.0,2026-06-19 02:45:48
17,211,view,1.0,2026-06-20 18:30:31
17,279,like,2.0,2026-07-07 15:36:05
17,212,like,2.0,2026-07-10 13:04:41
17,164,view,1.0,2026-07-11 09:22:32
17,31,view,1.0,2026-07-14 04:37:54
17,48,view,1.0,2026-07-21 03:10:48
17,310,view,1.0,2026-07-25 02:14:11
17,10,view,1.0,2026-07-25 05:25:07
17,16,view,1.0,2026-07-29 23:25:11
17,371,view,1.0,2026-07-30 04:38:44
17,281,view,1.0,2026-07-31 13:52:55
17,3,purchase,4.0,2026-08-01 06:11:53
17,125,view,1.0,2026-08-02 15:28:01
17,313,view,1.0,2026-08-04 01:09:52
17,191,like,2.0,2026-08-05 19:56:33
17,185,view,1.0,2026-08-09 22:57:54
17,75,purchase,4.0,2026-08-18 12:48:31
17,293,like,2.0,2026-08-19 17:48:34
17,38,view,1.0,2026-08-27 11:30:30
17,12,purchase,4.0,2026-09-04 17:22:44
17,57,view,1.0,2026-09-09 07:10:18
17,74,view,1.0,2026-09-11 12:17:52
17,111,like,2.0,2026-09-19 04:01:47
17,60,purchase,4.0,2026-09-19 20:30:12
17,286,view,1.0,2026-09-21 02:51:08
17,163,like,2.0,2026-09-22 03:46:33
18,291,view,1.0,2026-04-04 01:59:16
18,232,view,1.0,2026-04-04 15:25:20
18,172,view,1.0,2026-04-12 08:14:20
18,387,like,2.0,2026-05-03 22:15:33
18,41,view,1.0,2026-05-11 02:01:35
18,355,view,1.0,2026-05-15 21:16:11
18,326,view,1.0,2026-05-27 10:49:16
18,169,like,2.0,2026-05-28 06:44:21
18,68,purchase,4.0,2026-06-19 02:33:40
18,69,purchase,4.0,2026-06-26 23:25:00
18,378,like,2.0,2026-07-07 15:33:28
18,96,like,2.0,2026-07-29 08:02:32
18,354,purchase,4.0,2026-08-23 08:41:54
18,190,view,1.0,2026-09-15 13:38:26
18,174,view,1.0,2026-09-15 21:14:27
18,231,purchase,4.0,2026-09-18 22:15:09
18,90,view,1.0,2026-09-28 22:59:09
19,308,view,1.0,2026-04-03 18:01:32
19,127,view,1.0,2026-04-15 22:33:27
19,210,view,1.0,2026-04-19 21:00:47
19,150,like,2.0,2026-05-07 11:38:36
19,74,view,1.0,2026-05-13 05:23:50
19,219,view,1.0,2026-06-09 10:28:14
19,293,view,1.0,2026-06-09 17:16:56
19,294,like,2.0,2026-06-30 09:44:17
19,144,view,1.0,2026-07-10 01:25:13
19,193,view,1.0,2026-07-23 21:48:20
19,298,view,1.0,2026-08-10 13:12:38
19,27,view,1.0,2026-09-11 08:16:22
20,394,view,1.0,2026-04-06 06:36:23
20,243,view,1.0,2026-04-20 09:31:49
20,397,like,2.0,2026-04-24 12:53:08
20,366,view,1.0,2026-05-02 08:08:07
20,2,view,1.0,2026-05-13 16:21:01
20,251,view,1.0,2026-05-31 11:35:05
20,67,view,1.0,2026-06-03 05:44:31
20,112,view,1.0,2026-06-16 11:50:03
20,114,view,1.0,2026-06-19 17:47:31
20,182,purchase,4.0,2026-06-24 23:03:53
20,5,view,1.0,2026-06-28 11:25:26
20,83,view,1.0,2026-07-10 00:22:44
20,13,like,2.0,2026-07-18 13:28:28
20,261,view,1.0,2026-07-27 14:45:34
20,357,view,1.0,2026-08-22 08:36:07
20,400,purchase,4.0,2026-08-23 20:17:44
20,166,like,2.0,2026-08-24 22:51:12
20,95,view,1.0,2026-08-25 17:01:55
20,334,view,1.0,2026-08-28 21:31:29
20,45,view,1.0,2026-09-01 16:18:38
20,283,like,2.0,2026-09-09 19:42:48
20,190,purchase,4.0,2026-09-20 17:07:47
21,301,view,1.0,2026-04-03 19:12:33
21,88,like,2.0,2026-04-11 09:15:30
21,13,like,2.0,2026-04-24 12:33:37
21,234,like,2.0,2026-04-29 00:14:58
21,283,view,1.0,2026-04-30 11:38:14
21,265,like,2.0,2026-05-10 00:47:34
21,224,view,1.0,2026-05-16 16:31:21
21,391,purchase,4.0,2026-05-17 12:34:59
21,183,view,1.0,2026-05-19 10:24:11
21,355,like,2.0,2026-05-31 13:43:54
21,37,view,1.0,2026-06-04 12:25:26
21,335,purchase,4.0,2026-06-15 03:10:14
21,230,view,1.0,2026-06-28 16:24:26
21,80,like,2.0,2026-06-28 19:03:16
21,171,like,2.0,2026-06-29 01:09:22
21,362,like,2.0,2026-07-03 04:52:04
21,1,view,1.0,2026-07-03 16:14:14
21,100,view,1.0,2026-07-15 20:17:52
21,190,view,1.0,2026-07-23 11:29:52
21,340,view,1.0,2026-08-01 01:29:40
21,263,like,2.0,2026-08-03 20:06:51
21,379,view,1.0,2026-08-07 09:38:36
21,179,view,1.0,2026-08-07 18:22:54
21,152,like,2.0,2026-09-03 19:32:01
21,90,like,2.0,2026-09-09 11:04:03
21,87,like,2.0,2026-09-16 12:45:54
21,298,like,2.0,2026-09-19 19:26:27
21,35,view,1.0,2026-09-22 16:57:16
22,301,like,2.0,2026-04-17 20:22:29
22,340,purchase,4.0,2026-05-27 08:21:33
22,77,view,1.0,2026-05-30 13:09:38
22,21,like,2.0,2026-06-15 16:34:10
22,150,view,1.0,2026-06-26 08:53:02
22,216,view,1.0,2026-08-15 12:58:23
22,142,view,1.0,2026-09-16 10:49:57
22,251,purchase,4.0,2026-09-17 11:08:04
22,210,view,1.0,2026-09-18 14:13:28
23,398,like,2.0,2026-04-15 11:26:21
23,186,view,1.0,2026-04-30 20:39:06
23,283,like,2.0,2026-05-01 18:37:32
23,376,view,1.0,2026-05-17 01:06:25
23,266,purchase,4.0,2026-05-23 03:30:47
23,90,view,1.0,2026-06-04 21:20:11
23,252,view,1.0,2026-06-26 09:47:59
23,152,view,1.0,2026-09-26 06:40:55
23,159,view,1.0,2026-09-27 12:23:46
24,308,view,1.0,2026-04-05 20:38:33
24,151,view,1.0,2026-04-09 06:57:33
24,232,view,1.0,2026-04-09 07:06:42
24,291,view,1.0,2026-04-13 12:59:57
24,390,like,2.0,2026-04-15 05:00:52
24,170,like,2.0,2026-04-19 21:48:30
24,243,view,1.0,2026-04-23 12:24:23
24,159,view,1.0,2026-04-23 15:53:23
24,287,view,1.0,2026-04-24 10:53:17
24,364,view,1.0,2026-04-24 11:28:15
24,369,view,1.0,2026-04-24 23:06:05
24,67,view,1.0,2026-04-26 19:39:47
24,84,view,1.0,2026-04-28 09:17:31
24,293,view,1.0,2026-04-28 16:59:37
24,231,view,1.0,2026-04-29 06:02:26
24,358,view,1.0,2026-05-05 03:18:39
24,120,view,1.0,2026-05-05 17:17:47
24,337,purchase,4.0,2026-05-08 20:50:25
24,256,purchase,4.0,2026-05-09 13:11:58
24,81,view,1.0,2026-05-09 17:40:52
24,50,purchase,4.0,2026-05-12 21:56:22
24,266,view,1.0,2026-05-12 23:45:49
24,68,like,2.0,2026-05-14 23:17:07
24,311,view,1.0,2026-05-22 07:38:41
24,211,view,1.0,2026-05-26 08:38:23
24,178,purchase,4.0,2026-05-26 16:45:41
24,111,view,1.0,2026-05-28 09:43:52
24,394,view,1.0,2026-05-29 20:57:18
24,279,view,1.0,2026-05-31 13:10:58
24,305,view,1.0,2026-06-03 23:09:01
24,301,view,1.0,2026-06-04 05:35:31
24,220,view,1.0,2026-06-13 02:34:00
24,380,like,2.0,2026-06-16 06:13:29
24,199,purchase,4.0,2026-06-16 23:46:53
24,110,view,1.0,2026-06-22 01:22:48
24,113,purchase,4.0,2026-06-25 09:23:05
24,134,like,2.0,2026-07-04 10:33:38
24,282,view,1.0,2026-07-06 01:42:26
24,388,view,1.0,2026-07-12 09:53:59
24,35,view,1.0,2026-07-15 02:33:29
24,250,like,2.0,2026-07-18 03:35:39
24,4,view,1.0,2026-07-18 20:35:22
24,310,purchase,4.0,2026-07-21 06:05:42
24,200,view,1.0,2026-07-27 05:30:35
24,184,view,1.0,2026-07-29 17:59:57
24,217,view,1.0,2026-07-30 00:22:33
24,125,view,1.0,2026-08-01 04:03:44
24,166,view,1.0,2026-08-06 11:16:20
24,354,view,1.0,2026-08-07 06:52:06
24,58,view,1.0,2026-08-09 09:34:06
24,126,view,1.0,2026-08-15 00:53:25
24,79,view,1.0,2026-08-23 08:42:15
24,57,like,2.0,2026-08-29 09:16:41
24,296,like,2.0,2026-09-09 08:08:29
24,37,view,1.0,2026-09-10 11:54:15
24,234,view,1.0,2026-09-16 05:57:27
24,99,like,2.0,2026-09-21 13:37:18
24,169,view,1.0,2026-09-23 03:10:15
24,76,like,2.0,2026-09-25 14:59:20
24,264,view,1.0,2026-09-26 07:05:19
24,371,view,1.0,2026-09-28 14:42:34
25,51,view,1.0,2026-04-05 19:17:04
25,226,view,1.0,2026-04-12 09:46:52
25,62,view,1.0,2026-04-21 00:57:02
25,381,view,1.0,2026-05-22 17:49:42
25,332,purchase,4.0,2026-06-01 11:47:36
25,94,view,1.0,2026-06-02 11:04:32
25,112,purchase,4.0,2026-06-03 16:09:02
25,149,like,2.0,2026-06-12 10:58:05
25,158,view,1.0,2026-06-26 10:30:23
25,339,view,1.0,2026-06-30 04:57:33
25,224,purchase,4.0,2026-07-02 19:53:41
25,169,view,1.0,2026-07-03 12:05:24
25,298,view,1.0,2026-07-06 02:08:22
25,179,view,1.0,2026-07-17 03:43:24
25,49,view,1.0,2026-07-19 11:28:03
25,44,purchase,4.0,2026-07-19 21:46:03
25,118,purchase,4.0,2026-07-24 16:44:28
25,238,view,1.0,2026-07-27 02:50:45
25,52,like,2.0,2026-08-08 20:40:00
25,217,view,1.0,2026-08-13 08:09:43
25,105,view,1.0,2026-08-19 01:30:30
25,285,view,1.0,2026-08-19 11:48:28
25,12,view,1.0,2026-09-08 14:51:58
25,181,view,1.0,2026-09-28 17:53:00
26,5,purchase,4.0,2026-04-11 21:42:36
26,94,like,2.0,2026-04-27 05:56:13
26,72,purchase,4.0,2026-04-28 04:27:37
26,143,view,1.0,2026-05-01 19:27:23
26,391,view,1.0,2026-06-06 14:33:55
26,337,view,1.0,2026-06-09 06:26:55
26,107,view,1.0,2026-06-21 02:51:22
26,210,view,1.0,2026-06-27 01:15:32
26,68,like,2.0,2026-07-04 16:39:50
26,99,view,1.0,2026-07-04 19:07:04
26,20,like,2.0,2026-08-13 23:41:50
26,268,purchase,4.0,2026-08-14 17:56:12
26,274,like,2.0,2026-09-06 21:06:13
26,334,like,2.0,2026-09-21 19:13:04
28,12,like,2.0,2026-05-06 04:12:44
28,225,view,1.0,2026-05-09 22:15:34
28,273,view,1.0,2026-05-16 09:32:34
28,394,like,2.0,2026-07-13 18:35:41
28,62,view,1.0,2026-07-14 03:29:23
28,101,purchase,4.0,2026-08-22 09:06:11
28,376,like,2.0,2026-08-30 22:51:50
28,231,view,1.0,2026-09-02 14:14:23
28,10,like,2.0,2026-09-08 09:01:10
28,31,purchase,4.0,2026-09-11 06:35:55
29,150,view,1.0,2026-04-05 09:41:23
29,164,view,1.0,2026-04-07 19:08:27
29,314,view,1.0,2026-04-21 06:10:19
29,77,purchase,4.0,2026-04-23 23:44:55
29,244,view,1.0,2026-04-28 08:23:48
29,120,like,2.0,2026-04-29 13:34:14
29,37,like,2.0,2026-05-16 14:48:45
29,258,view,1.0,2026-05-21 15:15:51
29,122,like,2.0,2026-06-05 00:02:50
29,344,view,1.0,2026-06-15 14:16:47
29,368,view,1.0,2026-06-22 04:09:35
29,337,view,1.0,2026-06-30 04:15:37
29,123,view,1.0,2026-07-13 17:49:19
29,96,view,1.0,2026-07-17 05:55:58
29,354,view,1.0,2026-07-18 05:37:49
29,172,view,1.0,2026-08-11 12:00:18
29,269,like,2.0,2026-08-22 01:57:22
29,331,like,2.0,2026-08-22 10:58:01
29,113,view,1.0,2026-08-23 06:20:36
29,48,like,2.0,2026-09-03 23:50:36
29,226,view,1.0,2026-09-21 18:31:49
30,34,view,1.0,2026-04-24 14:56:20
30,220,view,1.0,2026-04-25 12:33:19
30,209,view,1.0,2026-04-29 22:33:55
30,218,like,2.0,2026-05-04 11:51:18
30,191,purchase,4.0,2026-05-12 22:28:28
30,286,view,1.0,2026-05-15 10:19:22
30,397,purchase,4.0,2026-05-20 14:08:54
30,116,like,2.0,2026-05-27 02:25:32
30,132,view,1.0,2026-06-09 19:19:03
30,294,view,1.0,2026-06-15 04:20:18
30,146,purchase,4.0,2026-07-08 05:23:30
30,254,purchase,4.0,2026-07-22 11:24:51
30,174,view,1.0,2026-08-15 12:15:29
30,221,view,1.0,2026-08-23 12:51:12
30,318,purchase,4.0,2026-08-27 18:39:19
30,200,view,1.0,2026-08-28 12:28:18
30,114,like,2.0,2026-08-29 00:23:04
30,111,like,2.0,2026-09-02 03:20:56
30,324,view,1.0,2026-09-10 01:37:15
30,150,view,1.0,2026-09-13 11:08:09
30,52,view,1.0,2026-09-14 22:21:43
30,95,like,2.0,2026-09-24 04:41:57
32,13,like,2.0,2026-04-08 04:37:05
32,244,like,2.0,2026-05-15 07:44:47
32,92,view,1.0,2026-05-28 16:09:07
32,187,like,2.0,2026-06-11 09:54:03
32,163,like,2.0,2026-06-18 13:48:58
32,152,like,2.0,2026-06-28 21:13:27
32,87,view,1.0,2026-07-15 22:26:59
32,326,like,2.0,2026-08-07 17:25:09
32,148,purchase,4.0,2026-08-19 05:48:16
32,362,purchase,4.0,2026-08-22 14:20:52
32,130,view,1.0,2026-09-01 00:59:01
32,341,like,2.0,2026-09-15 09:27:30
32,216,like,2.0,2026-09-22 08:50:11
33,345,view,1.0,2026-04-04 05:18:22
33,170,purchase,4.0,2026-04-12 10:55:15
33,221,like,2.0,2026-04-14 14:45:29
33,50,like,2.0,2026-04-20 13:28:10
33,48,view,1.0,2026-04-21 20:31:43
33,31,view,1.0,2026-04-24 09:56:30
33,156,purchase,4.0,2026-04-25 09:06:15
33,183,like,2.0,2026-04-25 11:46:35
33,101,view,1.0,2026-04-25 20:07:28
33,149,view,1.0,2026-04-25 20:34:00
33,4,purchase,4.0,2026-04-29 12:07:14
33,150,view,1.0,2026-05-04 15:09:56
33,52,like,2.0,2026-05-05 13:52:57
33,62,view,1.0,2026-05-06 04:58:14
33,2,view,1.0,2026-05-08 17:30:50
33,258,view,1.0,2026-06-02 16:13:13
33,367,view,1.0,2026-06-03 09:42:36
33,222,like,2.0,2026-06-04 03:22:35
33,37,view,1.0,2026-06-04 18:57:20
33,394,view,1.0,2026-06-07 10:15:19
33,391,view,1.0,2026-06-09 13:41:33
33,178,like,2.0,2026-06-11 08:30:25
33,271,like,2.0,2026-06-16 02:06:12
33,384,view,1.0,2026-06-16 18:01:29
33,298,purchase,4.0,2026-06-17 09:48:22
33,392,purchase,4.0,2026-06-24 19:32:26
33,72,like,2.0,2026-06-25 13:41:51
33,318,view,1.0,2026-06-28 16:57:57
33,70,like,2.0,2026-06-30 17:02:27
33,158,view,1.0,2026-07-02 10:04:22
33,115,view,1.0,2026-07-02 19:30:10
33,6,like,2.0,2026-07-02 23:02:49
33,211,view,1.0,2026-07-04 14:51:48
33,164,view,1.0,2026-07-08 20:09:40
33,207,purchase,4.0,2026-07-09 07:18:36
33,123,view,1.0,2026-07-09 20:41:06
33,371,like,2.0,2026-07-13 06:09:05
33,220,view,1.0,2026-07-18 05:00:19
33,383,like,2.0,2026-07-23 14:57:55
33,1,purchase,4.0,2026-07-25 04:01:58
33,317,like,2.0,2026-07-26 20:55:10
33,29,view,1.0,2026-07-29 17:20:46
33,247,like,2.0,2026-07-31 16:13:13
33,5,like,2.0,2026-08-10 05:23:04
33,337,view,1.0,2026-08-13 06:59:42
33,193,view,1.0,2026-08-15 03:12:08
33,396,view,1.0,2026-08-16 01:36:55
33,169,purchase,4.0,2026-08-17 20:54:45
33,190,like,2.0,2026-08-24 20:02:54
33,291,view,1.0,2026-08-25 01:37:20
33,157,like,2.0,2026-08-29 04:53:54
33,77,purchase,4.0,2026-08-30 15:54:38
33,335,purchase,4.0,2026-08-31 10:20:09
33,321,purchase,4.0,2026-09-03 23:47:35
33,155,view,1.0,2026-09-04 10:49:18
33,272,view,1.0,2026-09-04 14:24:21
33,200,view,1.0,2026-09-11 14:03:41
33,297,like,2.0,2026-09-13 00:30:30
33,166,like,2.0,2026-09-17 15:48:02
33,209,like,2.0,2026-09-18 02:32:22
33,35,view,1.0,2026-09-20 12:43:01
33,89,view,1.0,2026-09-21 05:35:41
33,308,view,1.0,2026-09-29 09:29:26
33,25,purchase,4.0,2026-09-29 16:17:38
33,93,like,2.0,2026-09-29 17:31:43
34,1,view,1.0,2026-04-23 22:32:12
34,210,view,1.0,2026-05-04 21:26:51
34,100,view,1.0,2026-05-06 18:25:21
34,152,view,1.0,2026-05-11 23:02:54
34,157,view,1.0,2026-06-12 04:11:19
34,149,like,2.0,2026-07-16 11:26:01
34,357,view,1.0,2026-07-21 16:15:44
34,362,view,1.0,2026-07-30 10:58:04
34,282,view,1.0,2026-08-30 03:26:27
34,139,view,1.0,2026-09-09 11:53:13
34,189,purchase,4.0,2026-09-18 13:18:03
35,184,view,1.0,2026-04-22 20:53:24
35,216,like,2.0,2026-05-10 05:10:02
35,273,purchase,4.0,2026-06-09 22:47:50
35,266,like,2.0,2026-08-01 01:36:44
35,304,view,1.0,2026-09-14 10:59:41
36,123,view,1.0,2026-04-11 09:45:54
36,368,view,1.0,2026-05-02 17:56:54
36,389,like,2.0,2026-05-03 04:37:23
36,96,like,2.0,2026-05-04 04:55:10
36,353,view,1.0,2026-05-13 14:00:23
36,61,like,2.0,2026-06-03 00:04:25
36,304,view,1.0,2026-06-07 00:22:22
36,3,view,1.0,2026-07-07 20:48:39
36,170,purchase,4.0,2026-07-24 19:08:45
36,103,view,1.0,2026-08-01 03:13:53
36,279,view,1.0,2026-08-01 10:51:20
36,4,view,1.0,2026-08-02 01:57:23
36,178,view,1.0,2026-09-04 18:59:21
36,274,view,1.0,2026-09-11 12:46:07
37,131,like,2.0,2026-04-04 09:52:46
37,2,view,1.0,2026-04-05 09:25:27
37,399,view,1.0,2026-04-07 00:25:08
37,101,like,2.0,2026-04-10 08:52:46
37,391,like,2.0,2026-04-15 21:19:45
37,268,view,1.0,2026-04-16 17:31:44
37,369,like,2.0,2026-05-04 12:05:04
37,390,view,1.0,2026-05-08 08:57:25
37,231,like,2.0,2026-05-08 16:58:49
37,400,view,1.0,2026-05-12 12:39:36
37,317,view,1.0,2026-05-26 08:48:52
37,212,like,2.0,2026-05-30 23:24:52
37,270,view,1.0,2026-06-01 20:10:00
37,86,view,1.0,2026-06-18 23:18:13
37,109,purchase,4.0,2026-06-27 15:23:56
37,178,like,2.0,2026-06-30 06:24:22
37,97,purchase,4.0,2026-07-01 15:40:29
37,206,purchase,4.0,2026-07-19 06:30:59
37,272,purchase,4.0,2026-07-22 12:13:17
37,271,like,2.0,2026-07-24 02:43:15
37,367,view,1.0,2026-07-30 17:14:37
37,366,view,1.0,2026-08-03 15:57:42
37,258,view,1.0,2026-08-17 20:47:16
37,88,like,2.0,2026-08-19 05:56:47
37,380,view,1.0,2026-08-21 01:03:22
37,78,view,1.0,2026-08-21 02:15:13
37,67,view,1.0,2026-09-06 21:26:18
37,133,view,1.0,2026-09-22 02:34:20
37,226,view,1.0,2026-09-27 01:40:49
38,230,view,1.0,2026-04-03 12:14:07
38,75,like,2.0,2026-04-08 10:05:13
38,19,view,1.0,2026-04-10 20:49:22
38,158,view,1.0,2026-04-14 16:55:31
38,23,view,1.0,2026-04-16 12:19:44
38,60,view,1.0,2026-04-20 20:01:09
38,4,purchase,4.0,2026-04-21 12:57:59
38,108,like,2.0,2026-04-22 07:36:22
38,391,view,1.0,2026-04-23 22:02:29
38,143,view,1.0,2026-04-24 12:00:15
38,87,view,1.0,2026-04-27 21:00:42
38,154,view,1.0,2026-05-04 08:48:10
38,283,like,2.0,2026-05-06 05:29:17
38,266,like,2.0,2026-05-08 13:46:10
38,210,view,1.0,2026-05-11 03:24:03
38,5,view,1.0,2026-05-13 13:13:52
38,385,purchase,4.0,2026-05-29 03:57:24
38,371,view,1.0,2026-05-31 05:36:09
38,72,view,1.0,2026-06-06 23:04:00
38,298,view,1.0,2026-06-12 10:05:49
38,325,like,2.0,2026-06-12 10:16:57
38,354,view,1.0,2026-06-25 22:09:45
38,96,view,1.0,2026-06-26 10:55:50
38,174,view,1.0,2026-06-26 19:29:57
38,78,like,2.0,2026-06-29 11:09:32
38,278,like,2.0,2026-06-29 23:26:14
38,165,view,1.0,2026-07-18 12:33:39
38,91,like,2.0,2026-07-21 05:03:07
38,344,view,1.0,2026-07-21 18:48:56
38,204,purchase,4.0,2026-07-27 17:30:22
38,398,like,2.0,2026-08-02 18:48:24
38,328,view,1.0,2026-08-25 16:48:01
38,356,view,1.0,2026-09-12 23:29:06
38,322,view,1.0,2026-09-14 17:08:25
38,43,view,1.0,2026-09-16 19:30:05
39,353,purchase,4.0,2026-04-16 19:37:31
39,30,like,2.0,2026-04-24 18:12:03
39,165,view,1.0,2026-04-29 11:59:59
39,233,view,1.0,2026-05-08 11:40:42
39,153,like,2.0,2026-05-10 13:32:12
39,205,like,2.0,2026-05-15 07:55:17
39,84,view,1.0,2026-05-17 04:46:15
39,217,view,1.0,2026-05-24 12:50:01
39,58,view,1.0,2026-07-07 17:29:21
39,313,like,2.0,2026-07-29 03:41:42
39,220,view,1.0,2026-08-02 16:27:44
39,178,purchase,4.0,2026-08-02 23:11:24
39,23,view,1.0,2026-08-13 18:12:34
39,189,view,1.0,2026-08-30 08:04:16
39,215,view,1.0,2026-09-03 02:19:48
39,106,purchase,4.0,2026-09-03 15:25:14
40,397,view,1.0,2026-04-07 14:52:08
40,71,view,1.0,2026-04-25 22:37:44
40,322,view,1.0,2026-04-27 03:20:41
40,347,purchase,4.0,2026-04-29 09:31:05
40,153,view,1.0,2026-05-04 12:44:50
40,244,view,1.0,2026-05-21 21:58:46
40,169,like,2.0,2026-05-24 04:42:26
40,103,like,2.0,2026-06-08 07:56:23
40,165,view,1.0,2026-06-13 11:04:50
40,32,view,1.0,2026-06-18 09:39:10
40,283,view,1.0,2026-06-19 23:46:56
40,352,view,1.0,2026-07-31 10:49:55
40,122,like,2.0,2026-08-12 04:35:46
40,222,view,1.0,2026-08-21 18:08:58
40,91,like,2.0,2026-08-28 07:58:40
41,31,view,1.0,2026-04-11 17:51:52
41,251,view,1.0,2026-04-13 03:18:22
41,244,view,1.0,2026-04-14 06:38:44
41,324,view,1.0,2026-04-21 13:16:40
41,12,view,1.0,2026-04-23 08:17:46
41,72,view,1.0,2026-04-28 19:24:32
41,372,view,1.0,2026-05-04 10:13:55
41,233,view,1.0,2026-05-06 07:46:46
41,180,view,1.0,2026-05-21 06:33:51
41,303,purchase,4.0,2026-05-23 11:57:11
41,370,view,1.0,2026-05-25 06:54:51
41,96,view,1.0,2026-06-01 14:17:26
41,369,like,2.0,2026-06-06 14:30:58
41,394,view,1.0,2026-06-08 18:55:38
41,58,like,2.0,2026-06-09 11:00:19
41,97,like,2.0,2026-06-11 14:31:12
41,25,view,1.0,2026-06-12 16:09:45
41,331,like,2.0,2026-06-16 00:12:50
41,398,like,2.0,2026-06-17 23:50:08
41,108,like,2.0,2026-06-27 21:43:01
41,116,purchase,4.0,2026-07-09 08:30:04
41,102,view,1.0,2026-08-01 07:37:32
41,56,like,2.0,2026-08-03 12:31:27
41,6,like,2.0,2026-08-14 01:15:52
41,391,view,1.0,2026-08-30 01:52:11
41,381,purchase,4.0,2026-08-30 05:44:37
41,36,view,1.0,2026-09-04 08:42:56
41,218,view,1.0,2026-09-06 11:09:55
41,344,purchase,4.0,2026-09-06 18:55:45
41,289,view,1.0,2026-09-21 19:09:01
41,4,like,2.0,2026-09-22 15:26:51
41,32,view,1.0,2026-09-27 07:42:00
41,316,view,1.0,2026-09-28 05:26:39
41,155,view,1.0,2026-09-28 22:02:36
42,30,like,2.0,2026-04-04 05:02:23
42,399,purchase,4.0,2026-04-11 02:34:47
42,5,view,1.0,2026-04-17 23:35:32
42,274,view,1.0,2026-04-26 12:29:22
42,234,like,2.0,2026-04-28 09:54:51
42,215,view,1.0,2026-05-05 02:09:54
42,311,purchase,4.0,2026-05-11 16:51:41
42,18,view,1.0,2026-05-19 21:51:06
42,279,view,1.0,2026-05-27 08:01:21
42,122,purchase,4.0,2026-05-29 10:15:59
42,357,like,2.0,2026-06-24 09:22:48
42,171,like,2.0,2026-06-30 03:03:07
42,66,like,2.0,2026-07-03 13:15:21
42,334,like,2.0,2026-08-14 00:41:09
42,384,view,1.0,2026-08-16 07:15:40
42,47,view,1.0,2026-09-03 21:12:37
43,57,view,1.0,2026-05-27 18:03:42
43,234,view,1.0,2026-07-12 19:36:29
43,217,view,1.0,2026-08-18 07:26:33
43,374,view,1.0,2026-08-21 18:30:29
43,159,view,1.0,2026-09-27 13:19:43
44,87,purchase,4.0,2026-04-14 14:11:23
44,217,purchase,4.0,2026-05-17 01:52:56
44,397,purchase,4.0,2026-07-08 16:58:07
44,195,view,1.0,2026-07-16 05:01:20
44,122,like,2.0,2026-08-29 22:59:11
45,202,like,2.0,2026-04-06 01:51:33
45,129,view,1.0,2026-04-14 02:01:00
45,147,purchase,4.0,2026-04-25 04:33:00
45,126,view,1.0,2026-05-01 14:44:46
45,4,view,1.0,2026-05-09 05:54:45
45,276,like,2.0,2026-06-05 19:07:10
45,41,purchase,4.0,2026-06-08 14:38:23
45,79,view,1.0,2026-06-25 15:13:38
45,69,purchase,4.0,2026-07-09 00:17:14
45,133,view,1.0,2026-07-12 03:30:13
45,60,view,1.0,2026-07-20 02:00:30
45,140,view,1.0,2026-08-15 14:56:48
45,84,view,1.0,2026-08-20 03:45:45
45,25,view,1.0,2026-08-23 11:05:47
45,357,view,1.0,2026-08-31 20:06:50
45,120,purchase,4.0,2026-09-19 21:19:47
45,34,view,1.0,2026-09-21 04:10:53
45,204,view,1.0,2026-09-26 08:58:10
46,159,view,1.0,2026-05-11 03:36:47
46,303,view,1.0,2026-06-21 14:33:12
46,324,view,1.0,2026-07-11 13:45:28
46,318,view,1.0,2026-08-04 14:21:07
46,193,like,2.0,2026-08-09 08:28:29
46,145,purchase,4.0,2026-08-20 04:54:35
46,391,view,1.0,2026-08-20 08:24:31
46,248,view,1.0,2026-09-02 22:00:58
46,210,like,2.0,2026-09-04 17:57:55
46,225,like,2.0,2026-09-07 13:32:06
46,243,like,2.0,2026-09-12 15:20:25
47,205,like,2.0,2026-04-06 13:08:14
47,115,like,2.0,2026-04-21 23:50:53
47,133,view,1.0,2026-05-03 08:04:33
47,254,view,1.0,2026-06-09 21:52:16
47,244,view,1.0,2026-07-31 04:16:58
48,342,view,1.0,2026-04-11 16:50:55
48,156,like,2.0,2026-04-25 08:08:33
48,169,purchase,4.0,2026-05-04 02:00:06
48,324,purchase,4.0,2026-05-17 19:00:06
48,78,view,1.0,2026-05-18 14:17:55
48,220,like,2.0,2026-05-23 14:43:22
48,161,view,1.0,2026-05-24 19:20:25
48,394,like,2.0,2026-05-29 14:15:21
48,275,view,1.0,2026-05-30 00:15:54
48,5,view,1.0,2026-06-05 12:48:34
48,322,view,1.0,2026-06-12 12:10:33
48,268,view,1.0,2026-07-18 13:05:29
48,213,view,1.0,2026-07-21 01:38:05
48,101,view,1.0,2026-07-25 22:39:06
48,72,view,1.0,2026-07-26 12:53:23
48,234,view,1.0,2026-07-26 18:05:10
48,171,view,1.0,2026-08-10 09:41:27
48,332,view,1.0,2026-08-19 06:10:20
48,110,view,1.0,2026-08-19 21:01:15
49,348,view,1.0,2026-04-22 13:32:21
49,40,view,1.0,2026-04-23 09:03:38
49,286,view,1.0,2026-04-23 15:02:51
49,141,like,2.0,2026-04-26 08:26:21
49,272,view,1.0,2026-06-08 22:46:47
49,171,like,2.0,2026-07-03 02:01:52
49,2,view,1.0,2026-07-03 12:30:32
49,98,purchase,4.0,2026-07-19 15:58:26
49,12,view,1.0,2026-08-12 00:31:27
49,174,view,1.0,2026-08-26 07:06:08
49,345,like,2.0,2026-09-06 10:28:56
49,306,like,2.0,2026-09-12 04:12:59
49,328,like,2.0,2026-09-22 14:52:11
50,369,purchase,4.0,2026-05-09 09:52:20
50,128,purchase,4.0,2026-06-05 02:07:17
50,212,view,1.0,2026-06-06 14:21:38
50,353,view,1.0,2026-06-13 03:28:10
50,192,like,2.0,2026-06-18 13:06:40
50,340,like,2.0,2026-06-25 11:38:17
50,188,like,2.0,2026-07-06 11:23:25
50,181,view,1.0,2026-07-29 05:44:35
50,59,view,1.0,2026-08-28 01:51:57
50,41,view,1.0,2026-09-11 00:02:19
50,258,view,1.0,2026-09-11 08:00:02
50,43,view,1.0,2026-09-13 19:36:21
52,259,like,2.0,2026-04-12 17:09:51
52,65,view,1.0,2026-04-19 14:44:23
52,369,purchase,4.0,2026-06-16 02:31:40
52,357,view,1.0,2026-06-22 21:38:16
52,355,like,2.0,2026-06-24 02:03:37
52,195,view,1.0,2026-07-03 14:17:11
52,74,view,1.0,2026-07-09 07:28:41
52,294,purchase,4.0,2026-07-09 20:24:57
52,155,view,1.0,2026-07-12 19:15:56
52,129,view,1.0,2026-07-28 14:10:00
52,156,view,1.0,2026-09-09 15:07:05
52,217,view,1.0,2026-09-18 13:51:51
52,126,like,2.0,2026-09-20 18:05:50
52,258,like,2.0,2026-09-29 11:32:29
53,256,view,1.0,2026-04-03 02:58:53
53,200,view,1.0,2026-04-07 01:24:47
53,158,view,1.0,2026-04-10 01:17:56
53,128,like,2.0,2026-04-10 12:36:08
53,275,like,2.0,2026-04-13 13:52:39
53,222,like,2.0,2026-04-21 22:50:25
53,347,view,1.0,2026-04-27 14:52:25
53,213,view,1.0,2026-05-03 02:37:17
53,181,view,1.0,2026-05-12 20:50:07
53,303,view,1.0,2026-05-14 19:53:03
53,164,like,2.0,2026-05-16 13:23:37
53,352,view,1.0,2026-05-17 00:19:32
53,130,view,1.0,2026-05-17 15:59:11
53,269,like,2.0,2026-05-21 15:29:38
53,357,view,1.0,2026-05-22 11:19:52
53,305,view,1.0,2026-05-29 01:00:11
53,138,view,1.0,2026-05-30 05:50:32
53,82,like,2.0,2026-06-01 17:06:17
53,21,view,1.0,2026-06-05 09:33:48
53,316,purchase,4.0,2026-06-07 07:27:40
53,331,view,1.0,2026-06-10 15:21:31
53,5,view,1.0,2026-06-12 15:19:51
53,385,view,1.0,2026-06-16 11:14:08
53,170,view,1.0,2026-06-22 15:23:46
53,364,view,1.0,2026-06-23 20:10:07
53,314,view,1.0,2026-06-25 23:01:14
53,362,view,1.0,2026-06-27 19:24:06
53,339,view,1.0,2026-07-12 09:44:06
53,394,view,1.0,2026-07-15 22:08:31
53,233,view,1.0,2026-07-18 23:22:03
53,92,view,1.0,2026-07-21 07:27:16
53,155,view,1.0,2026-07-26 02:04:35
53,295,view,1.0,2026-07-27 19:55:53
53,62,view,1.0,2026-07-29 06:41:17
53,376,view,1.0,2026-08-02 21:16:09
53,356,view,1.0,2026-08-09 00:00:04
53,187,purchase,4.0,2026-08-11 14:42:44
53,343,view,1.0,2026-08-12 23:57:45
53,388,view,1.0,2026-08-21 01:45:56
53,167,view,1.0,2026-08-22 17:17:23
53,272,view,1.0,2026-08-27 20:42:55
53,323,view,1.0,2026-08-30 21:11:08
53,336,purchase,4.0,2026-08-31 21:17:56
53,115,like,2.0,2026-09-01 05:29:40
53,68,like,2.0,2026-09-01 14:30:33
53,335,purchase,4.0,2026-09-07 00:23:29
53,102,like,2.0,2026-09-10 23:15:13
53,390,purchase,4.0,2026-09-16 01:53:10
53,355,like,2.0,2026-09-22 17:57:14
53,217,view,1.0,2026-09-23 10:34:10
53,93,like,2.0,2026-09-24 00:19:07
53,304,view,1.0,2026-09-26 04:48:09
53,258,view,1.0,2026-09-29 17:01:44
53,132,view,1.0,2026-09-29 23:15:12
54,235,purchase,4.0,2026-04-04 10:22:08
54,284,like,2.0,2026-04-13 08:49:50
54,270,view,1.0,2026-04-18 04:20:03
54,255,like,2.0,2026-05-06 22:18:02
54,193,view,1.0,2026-05-25 17:09:21
54,212,view,1.0,2026-05-26 12:47:58
54,174,purchase,4.0,2026-05-29 08:00:46
54,163,view,1.0,2026-06-01 22:05:37
54,113,view,1.0,2026-06-04 06:11:09
54,152,view,1.0,2026-06-10 19:09:37
54,170,view,1.0,2026-06-14 17:03:53
54,217,like,2.0,2026-07-01 00:46:07
54,196,view,1.0,2026-07-01 11:01:59
54,45,like,2.0,2026-07-15 08:34:01
54,139,view,1.0,2026-08-15 19:47:51
54,156,view,1.0,2026-09-18 00:27:06
54,261,view,1.0,2026-09-28 14:53:23
55,205,view,1.0,2026-04-10 14:07:58
55,96,view,1.0,2026-05-31 04:00:11
55,171,view,1.0,2026-06-01 19:06:28
55,18,view,1.0,2026-06-04 05:52:38
55,350,view,1.0,2026-06-30 16:22:57
55,5,view,1.0,2026-07-10 10:04:49
55,285,view,1.0,2026-07-17 06:35:04
55,123,view,1.0,2026-07-27 08:39:34
55,200,view,1.0,2026-07-30 00:06:18
55,129,view,1.0,2026-08-30 01:27:40
55,170,view,1.0,2026-09-19 06:02:10
56,193,view,1.0,2026-04-21 08:53:06
56,76,like,2.0,2026-05-02 07:30:59
56,241,view,1.0,2026-05-14 00:24:22
56,311,view,1.0,2026-05-16 13:26:55
56,217,view,1.0,2026-05-20 17:21:14
56,335,like,2.0,2026-06-08 01:25:28
56,150,like,2.0,2026-07-07 19:02:56
56,366,view,1.0,2026-07-09 20:12:42
56,244,view,1.0,2026-07-11 11:11:32
56,316,like,2.0,2026-07-20 12:27:36
56,109,view,1.0,2026-07-22 21:32:38
56,170,view,1.0,2026-07-27 16:13:29
56,362,like,2.0,2026-07-28 11:14:10
56,18,view,1.0,2026-08-07 07:18:17
56,164,like,2.0,2026-08-16 20:22:47
56,307,view,1.0,2026-08-20 03:20:35
56,291,view,1.0,2026-08-20 23:00:45
56,337,purchase,4.0,2026-08-31 18:28:22
56,287,view,1.0,2026-09-02 14:05:19
56,385,view,1.0,2026-09-04 04:36:33
56,187,view,1.0,2026-09-11 21:44:03
56,226,view,1.0,2026-09-13 01:34:59
57,83,view,1.0,2026-04-05 10:37:22
57,128,view,1.0,2026-04-23 05:56:31
57,376,like,2.0,2026-05-21 05:34:43
57,222,view,1.0,2026-05-25 18:10:09
57,210,purchase,4.0,2026-05-30 18:59:27
57,366,like,2.0,2026-05-31 07:56:14
57,355,view,1.0,2026-06-07 06:02:33
57,283,view,1.0,2026-06-18 22:51:06
57,357,view,1.0,2026-07-08 09:52:14
57,48,like,2.0,2026-07-12 15:01:39
57,295,view,1.0,2026-07-24 01:42:02
57,386,like,2.0,2026-07-31 03:59:50
57,18,like,2.0,2026-08-13 06:50:33
57,96,like,2.0,2026-09-04 20:12:45
57,309,view,1.0,2026-09-07 23:32:46
57,207,like,2.0,2026-09-16 15:08:02
57,35,view,1.0,2026-09-26 10:12:56
58,16,purchase,4.0,2026-04-03 10:38:00
58,24,purchase,4.0,2026-05-23 05:19:23
58,323,view,1.0,2026-05-30 04:59:06
58,101,view,1.0,2026-06-16 11:42:38
58,124,view,1.0,2026-06-24 09:46:31
58,234,view,1.0,2026-07-09 07:55:02
58,225,view,1.0,2026-08-05 14:57:11
58,159,like,2.0,2026-08-10 18:45:25
58,4,view,1.0,2026-08-24 21:17:46
58,171,view,1.0,2026-08-26 00:02:36
58,284,view,1.0,2026-08-26 11:06:54
58,268,view,1.0,2026-09-01 12:56:09
58,6,view,1.0,2026-09-21 00:10:09
58,367,view,1.0,2026-09-25 09:54:44
59,69,like,2.0,2026-04-09 07:01:57
59,242,view,1.0,2026-04-18 02:23:12
59,158,like,2.0,2026-05-05 02:14:03
59,169,view,1.0,2026-05-06 13:39:32
59,72,like,2.0,2026-05-09 23:54:34
59,291,view,1.0,2026-05-16 10:42:38
59,271,like,2.0,2026-05-24 15:30:51
59,210,like,2.0,2026-06-02 15:44:42
59,62,view,1.0,2026-06-08 20:52:32
59,216,purchase,4.0,2026-06-21 21:57:55
59,40,purchase,4.0,2026-06-28 21:14:34
59,129,purchase,4.0,2026-07-07 09:04:15
59,146,purchase,4.0,2026-07-16 02:14:55
59,352,like,2.0,2026-07-22 01:05:55
59,157,view,1.0,2026-07-22 20:52:32
59,228,like,2.0,2026-07-23 19:30:39
59,348,like,2.0,2026-07-24 11:14:14
59,58,view,1.0,2026-08-02 12:54:00
59,143,like,2.0,2026-08-05 02:51:15
59,38,like,2.0,2026-08-06 13:40:33
59,394,like,2.0,2026-08-10 14:19:53
59,251,like,2.0,2026-08-16 09:44:58
59,238,like,2.0,2026-08-26 15:42:23
59,109,purchase,4.0,2026-09-05 09:17:54
59,375,view,1.0,2026-09-15 17:09:13
59,182,view,1.0,2026-09-17 17:45:25
59,98,view,1.0,2026-09-20 07:53:37
59,399,purchase,4.0,2026-09-21 21:03:31
59,150,view,1.0,2026-09-28 15:37:06
60,38,purchase,4.0,2026-04-17 14:37:58
60,374,view,1.0,2026-04-28 00:20:35
60,304,view,1.0,2026-05-02 19:16:05
60,60,like,2.0,2026-05-03 09:12:54
60,392,like,2.0,2026-05-11 12:57:23
60,59,purchase,4.0,2026-05-24 01:25:57
60,174,view,1.0,2026-06-18 03:56:15
60,67,view,1.0,2026-06-20 02:08:05
60,62,view,1.0,2026-06-30 09:15:19
60,220,view,1.0,2026-07-04 10:53:36
60,107,view,1.0,2026-07-07 23:04:55
60,305,like,2.0,2026-07-11 16:43:15
60,351,view,1.0,2026-07-22 19:57:56
60,369,like,2.0,2026-08-08 08:41:55
60,364,purchase,4.0,2026-08-16 20:56:50
60,244,view,1.0,2026-08-26 11:56:26
60,127,like,2.0,2026-08-29 22:07:53
60,370,view,1.0,2026-09-12 22:54:15
60,52,view,1.0,2026-09-20 18:25:27
61,374,purchase,4.0,2026-04-08 07:14:39
61,353,purchase,4.0,2026-04-11 08:00:11
61,120,purchase,4.0,2026-04-17 11:49:42
61,233,view,1.0,2026-04-21 02:58:31
61,154,view,1.0,2026-04-24 08:51:05
61,261,view,1.0,2026-04-26 12:24:22
61,141,view,1.0,2026-05-09 00:44:48
61,1,purchase,4.0,2026-05-12 01:11:13
61,33,view,1.0,2026-05-15 03:55:49
61,303,view,1.0,2026-05-18 10:00:43
61,31,like,2.0,2026-05-20 10:50:36
61,222,view,1.0,2026-05-21 01:17:09
61,340,view,1.0,2026-05-27 04:10:09
61,287,view,1.0,2026-05-30 04:37:39
61,165,view,1.0,2026-05-31 17:49:53
61,87,like,2.0,2026-06-07 21:51:24
61,370,view,1.0,2026-06-14 01:14:28
61,216,view,1.0,2026-06-14 08:52:46
61,164,purchase,4.0,2026-06-20 04:55:22
61,382,view,1.0,2026-06-29 16:29:27
61,90,view,1.0,2026-07-08 04:52:41
61,170,view,1.0,2026-07-09 20:53:22
61,39,view,1.0,2026-07-14 21:05:30
61,50,purchase,4.0,2026-07-15 00:28:42
61,264,view,1.0,2026-07-21 20:14:07
61,137,view,1.0,2026-07-23 14:55:54
61,258,like,2.0,2026-07-23 23:34:17
61,316,like,2.0,2026-07-27 21:58:20
61,352,view,1.0,2026-07-30 06:43:23
61,13,like,2.0,2026-07-31 12:38:00
61,62,view,1.0,2026-07-31 21:31:45
61,262,view,1.0,2026-08-15 18:42:57
61,153,view,1.0,2026-08-19 03:02:39
61,270,view,1.0,2026-08-20 06:30:12
61,89,view,1.0,2026-08-23 14:50:46
61,242,view,1.0,2026-08-23 21:48:00
61,74,like,2.0,2026-09-04 18:42:50
61,225,view,1.0,2026-09-05 20:35:41
61,136,view,1.0,2026-09-13 00:00:18
61,268,view,1.0,2026-09-14 01:20:54
61,276,view,1.0,2026-09-17 22:04:41
61,244,view,1.0,2026-09-18 11:41:57
61,295,view,1.0,2026-09-28 14:19:15
62,236,view,1.0,2026-04-20 07:37:28
62,239,view,1.0,2026-04-23 00:12:51
62,9,view,1.0,2026-04-30 15:13:54
62,31,view,1.0,2026-05-09 01:26:02
62,243,view,1.0,2026-05-11 02:03:17
62,134,view,1.0,2026-05-12 05:26:40
62,129,view,1.0,2026-05-21 18:31:19
62,81,view,1.0,2026-05-23 21:02:53
62,319,view,1.0,2026-05-24 11:22:31
62,389,purchase,4.0,2026-07-16 22:02:16
62,246,view,1.0,2026-07-27 20:18:39
62,376,view,1.0,2026-08-12 04:01:40
62,354,purchase,4.0,2026-09-17 08:45:42
63,8,view,1.0,2026-04-16 11:13:17
63,122,view,1.0,2026-04-21 15:53:08
63,20,view,1.0,2026-04-28 07:16:32
63,166,like,2.0,2026-04-29 05:35:39
63,323,view,1.0,2026-05-05 16:55:02
63,233,like,2.0,2026-05-13 06:40:17
63,264,view,1.0,2026-05-14 07:31:05
63,12,view,1.0,2026-05-22 20:21:21
63,341,view,1.0,2026-05-30 01:51:04
63,62,view,1.0,2026-05-31 04:36:38
63,123,purchase,4.0,2026-05-31 09:13:16
63,207,like,2.0,2026-06-08 20:16:53
63,376,purchase,4.0,2026-06-21 13:37:18
63,399,view,1.0,2026-06-26 17:55:42
63,308,view,1.0,2026-06-29 06:36:50
63,284,view,1.0,2026-07-25 12:36:36
63,209,view,1.0,2026-07-28 17:30:19
63,260,view,1.0,2026-07-30 04:36:26
63,111,view,1.0,2026-08-20 22:33:17
63,394,view,1.0,2026-09-04 05:34:17
63,391,view,1.0,2026-09-04 10:44:18
63,134,view,1.0,2026-09-14 07:48:00
63,101,like,2.0,2026-09-28 07:58:48
64,284,view,1.0,2026-04-13 20:45:25
64,390,view,1.0,2026-04-23 23:04:30
64,5,view,1.0,2026-05-05 13:58:17
64,135,like,2.0,2026-05-06 13:02:36
64,142,like,2.0,2026-05-31 08:12:54
64,122,purchase,4.0,2026-07-06 01:40:34
64,313,view,1.0,2026-07-21 22:52:57
64,17,view,1.0,2026-08-15 17:37:59
64,150,like,2.0,2026-09-05 18:37:22
64,271,like,2.0,2026-09-11 14:05:36
64,164,view,1.0,2026-09-26 17:32:37
64,70,view,1.0,2026-09-27 12:16:48
65,355,like,2.0,2026-04-22 15:05:17
65,261,like,2.0,2026-06-03 17:55:16
65,304,purchase,4.0,2026-06-06 15:53:53
65,267,like,2.0,2026-07-19 16:39:33
65,62,view,1.0,2026-07-29 05:17:09
65,369,like,2.0,2026-08-01 11:07:38
65,129,like,2.0,2026-09-10 19:25:11
65,336,like,2.0,2026-09-27 20:21:15
66,184,view,1.0,2026-04-18 21:46:25
66,303,view,1.0,2026-04-25 23:20:55
66,200,like,2.0,2026-05-27 18:00:22
66,5,view,1.0,2026-05-28 20:04:03
66,187,like,2.0,2026-06-26 23:22:15
66,25,view,1.0,2026-07-15 19:28:56
66,316,view,1.0,2026-07-17 08:49:27
66,50,view,1.0,2026-07-26 13:30:59
66,96,view,1.0,2026-08-10 16:07:34
66,174,purchase,4.0,2026-08-22 18:14:25
66,90,view,1.0,2026-09-04 21:51:05
66,205,purchase,4.0,2026-09-05 13:30:45
66,175,view,1.0,2026-09-06 07:59:47
66,378,view,1.0,2026-09-26 14:46:49
67,320,view,1.0,2026-04-11 04:56:42
67,184,view,1.0,2026-05-04 11:07:09
67,208,purchase,4.0,2026-05-05 06:46:16
67,388,view,1.0,2026-05-06 07:14:02
67,248,view,1.0,2026-05-28 17:21:24
67,220,purchase,4.0,2026-07-20 07:08:49
67,6,view,1.0,2026-07-30 15:15:37
67,92,view,1.0,2026-08-08 05:40:44
67,136,purchase,4.0,2026-08-12 08:09:38
67,143,view,1.0,2026-09-06 21:35:42
67,204,view,1.0,2026-09-15 01:20:15
67,271,purchase,4.0,2026-09-28 05:30:22
68,203,purchase,4.0,2026-04-08 22:02:47
68,306,view,1.0,2026-04-13 18:03:38
68,95,like,2.0,2026-04-13 18:21:47
68,60,view,1.0,2026-04-27 06:21:47
68,279,view,1.0,2026-05-09 19:40:50
68,123,view,1.0,2026-05-13 13:44:50
68,206,like,2.0,2026-05-22 15:03:37
68,150,view,1.0,2026-06-02 04:34:25
68,319,view,1.0,2026-06-07 13:51:23
68,252,purchase,4.0,2026-06-09 23:21:20
68,207,view,1.0,2026-06-18 02:30:39
68,314,like,2.0,2026-07-04 03:31:58
68,222,view,1.0,2026-07-08 08:14:06
68,371,purchase,4.0,2026-07-12 21:58:01
68,335,view,1.0,2026-07-14 18:32:10
68,156,view,1.0,2026-08-02 12:30:51
68,193,view,1.0,2026-08-25 10:06:35
68,381,view,1.0,2026-09-09 03:11:42
68,360,like,2.0,2026-09-09 16:07:11
68,80,like,2.0,2026-09-11 15:27:06
68,124,view,1.0,2026-09-12 23:42:39
68,144,view,1.0,2026-09-16 22:26:34
68,355,view,1.0,2026-09-17 13:25:03
69,298,view,1.0,2026-04-10 19:13:50
69,305,view,1.0,2026-04-13 10:34:56
69,354,purchase,4.0,2026-04-15 11:13:32
69,334,view,1.0,2026-05-06 23:26:07
69,163,purchase,4.0,2026-05-23 22:59:47
69,255,view,1.0,2026-06-03 22:59:04
69,200,purchase,4.0,2026-07-27 12:27:55
69,42,view,1.0,2026-08-02 20:04:15
69,324,purchase,4.0,2026-08-03 19:54:56
69,233,like,2.0,2026-08-25 15:24:27
70,295,view,1.0,2026-05-16 09:01:52
70,376,purchase,4.0,2026-06-07 13:33:54
70,207,like,2.0,2026-06-10 00:10:24
70,144,view,1.0,2026-06-28 09:51:21
70,14,like,2.0,2026-07-21 04:27:50
70,220,like,2.0,2026-08-18 18:43:51
70,156,view,1.0,2026-09-13 15:27:23
71,358,purchase,4.0,2026-04-03 13:07:58
71,150,like,2.0,2026-04-25 21:37:26
71,223,view,1.0,2026-04-30 06:58:18
71,129,view,1.0,2026-04-30 08:16:40
71,202,like,2.0,2026-05-03 21:48:03
71,23,like,2.0,2026-05-15 19:23:12
71,30,like,2.0,2026-05-16 14:21:34
71,132,view,1.0,2026-05-28 12:57:19
71,234,view,1.0,2026-05-28 20:55:14
71,17,like,2.0,2026-06-21 03:43:13
71,63,view,1.0,2026-06-27 10:55:15
71,79,purchase,4.0,2026-07-04 21:21:02
71,164,view,1.0,2026-07-09 15:02:53
71,89,like,2.0,2026-07-15 07:39:40
71,52,purchase,4.0,2026-07-15 23:11:30
71,225,view,1.0,2026-07-23 15:44:47
71,295,view,1.0,2026-07-31 19:10:18
71,274,like,2.0,2026-08-04 20:29:44
71,101,view,1.0,2026-08-05 12:06:04
71,335,view,1.0,2026-08-08 06:55:58
71,259,view,1.0,2026-08-21 03:10:23
71,85,view,1.0,2026-09-29 15:46:25
72,78,view,1.0,2026-04-03 17:13:23
72,343,view,1.0,2026-04-05 08:55:24
72,159,like,2.0,2026-04-07 20:14:51
72,356,view,1.0,2026-04-12 06:46:44
72,24,view,1.0,2026-04-13 11:58:45
72,47,like,2.0,2026-04-17 18:05:07
72,14,like,2.0,2026-04-19 09:43:39
72,234,view,1.0,2026-04-19 16:53:39
72,339,like,2.0,2026-04-20 03:18:47
72,158,purchase,4.0,2026-05-04 10:59:37
72,40,like,2.0,2026-05-05 02:20:32
72,144,view,1.0,2026-05-07 03:25:08
72,126,like,2.0,2026-05-08 21:31:42
72,251,purchase,4.0,2026-05-11 01:39:53
72,254,like,2.0,2026-05-18 00:23:08
72,44,purchase,4.0,2026-05-18 11:00:51
72,163,view,1.0,2026-05-26 19:02:27
72,102,like,2.0,2026-06-18 06:19:25
72,238,view,1.0,2026-06-21 11:11:30
72,13,view,1.0,2026-06-21 15:20:12
72,92,like,2.0,2026-07-06 00:07:48
72,315,view,1.0,2026-07-06 22:58:02
72,101,view,1.0,2026-07-13 20:47:07
72,332,view,1.0,2026-07-21 20:17:58
72,181,view,1.0,2026-07-28 20:47:54
72,187,like,2.0,2026-07-29 22:58:28
72,311,view,1.0,2026-08-16 15:27:33
72,150,like,2.0,2026-08-21 07:54:09
72,98,view,1.0,2026-08-22 15:07:03
72,262,like,2.0,2026-08-24 09:38:52
72,200,view,1.0,2026-08-30 11:29:15
72,335,view,1.0,2026-09-05 02:09:26
72,195,like,2.0,2026-09-12 09:11:30
72,171,purchase,4.0,2026-09-14 23:02:49
73,369,purchase,4.0,2026-04-10 00:00:44
73,261,like,2.0,2026-04-30 16:20:47
73,345,view,1.0,2026-05-05 16:13:11
73,331,like,2.0,2026-05-10 19:56:06
73,144,purchase,4.0,2026-06-04 10:18:13
73,190,like,2.0,2026-07-03 21:16:46
73,340,view,1.0,2026-07-05 17:26:16
73,367,like,2.0,2026-08-19 15:41:11
73,56,like,2.0,2026-09-07 11:55:06
74,385,view,1.0,2026-04-04 13:40:28
74,176,like,2.0,2026-04-13 00:08:25
74,184,view,1.0,2026-05-05 00:54:19
74,60,like,2.0,2026-05-05 01:44:05
74,127,like,2.0,2026-05-11 14:59:39
74,336,like,2.0,2026-05-30 21:57:09
74,324,view,1.0,2026-06-07 01:15:15
74,179,like,2.0,2026-06-27 07:00:31
74,367,like,2.0,2026-07-16 10:38:14
74,157,view,1.0,2026-07-17 19:18:28
74,354,view,1.0,2026-07-28 04:22:11
74,4,view,1.0,2026-08-08 21:11:18
74,142,view,1.0,2026-08-09 22:41:16
74,350,like,2.0,2026-08-13 16:01:17
74,313,view,1.0,2026-09-02 06:57:51
74,283,view,1.0,2026-09-03 02:36:29
74,294,view,1.0,2026-09-06 01:14:12
74,105,view,1.0,2026-09-06 10:38:35
74,192,view,1.0,2026-09-09 07:37:17
74,261,view,1.0,2026-09-29 12:39:37
75,107,like,2.0,2026-04-07 09:42:28
75,397,like,2.0,2026-04-09 20:44:29
75,215,view,1.0,2026-04-23 09:50:48
75,63,purchase,4.0,2026-05-03 00:35:45
75,200,view,1.0,2026-05-09 14:42:21
75,270,view,1.0,2026-05-11 07:02:18
75,332,view,1.0,2026-05-12 13:01:43
75,324,purchase,4.0,2026-05-16 15:07:46
75,9,view,1.0,2026-05-21 15:20:52
75,171,purchase,4.0,2026-06-12 06:32:40
75,4,view,1.0,2026-06-12 11:57:52
75,360,like,2.0,2026-06-18 23:42:58
75,61,like,2.0,2026-06-30 21:05:27
75,255,like,2.0,2026-07-05 03:15:04
75,224,view,1.0,2026-07-12 06:39:02
75,223,purchase,4.0,2026-07-15 05:52:56
75,287,view,1.0,2026-07-21 07:56:55
75,256,view,1.0,2026-07-25 21:26:50
75,30,like,2.0,2026-07-29 07:21:07
75,142,view,1.0,2026-07-31 00:29:09
75,121,purchase,4.0,2026-07-31 23:06:17
75,310,purchase,4.0,2026-08-04 14:30:28
75,115,view,1.0,2026-08-09 02:50:52
75,333,view,1.0,2026-08-14 21:10:37
75,52,purchase,4.0,2026-08-24 04:10:12
75,313,view,1.0,2026-08-26 07:31:27
75,65,view,1.0,2026-08-30 05:57:55
75,210,view,1.0,2026-09-12 11:50:00
75,128,view,1.0,2026-09-22 04:05:23
75,273,purchase,4.0,2026-09-22 07:25:12
76,230,purchase,4.0,2026-04-13 19:35:54
76,386,purchase,4.0,2026-05-11 13:54:23
76,5,like,2.0,2026-05-17 06:34:40
76,174,view,1.0,2026-05-30 11:22:17
76,131,view,1.0,2026-06-05 16:12:27
76,31,view,1.0,2026-06-24 21:57:42
76,387,like,2.0,2026-07-12 14:36:00
76,388,like,2.0,2026-07-19 22:02:37
76,111,view,1.0,2026-08-23 21:15:21
76,4,purchase,4.0,2026-08-24 16:39:11
76,397,view,1.0,2026-09-17 03:38:55
76,340,like,2.0,2026-09-19 05:12:33
77,164,purchase,4.0,2026-04-10 02:09:28
77,337,like,2.0,2026-05-12 19:59:22
77,18,like,2.0,2026-06-07 02:31:16
77,355,like,2.0,2026-06-16 21:08:33
77,115,like,2.0,2026-06-25 11:24:17
77,9,view,1.0,2026-07-13 19:59:08
77,217,view,1.0,2026-07-25 05:09:44
77,96,purchase,4.0,2026-08-06 21:48:02
77,177,like,2.0,2026-08-28 11:54:59
77,319,like,2.0,2026-09-17 01:52:18
77,314,purchase,4.0,2026-09-22 01:25:29
77,226,like,2.0,2026-09-26 00:24:23
78,250,purchase,4.0,2026-04-06 09:39:14
78,242,purchase,4.0,2026-04-15 18:18:24
78,342,purchase,4.0,2026-04-24 15:06:05
78,120,like,2.0,2026-04-30 15:43:24
78,291,view,1.0,2026-05-01 20:58:45
78,96,purchase,4.0,2026-05-03 13:05:21
78,226,view,1.0,2026-05-03 16:05:17
78,252,view,1.0,2026-05-04 17:21:05
78,111,view,1.0,2026-05-06 12:24:01
78,172,purchase,4.0,2026-05-08 08:31:20
78,170,view,1.0,2026-05-08 13:55:29
78,303,view,1.0,2026-05-08 18:37:24
78,1,view,1.0,2026-05-09 11:42:15
78,188,view,1.0,2026-05-10 17:30:38
78,77,purchase,4.0,2026-05-15 15:29:20
78,243,view,1.0,2026-05-16 07:12:21
78,255,view,1.0,2026-05-19 22:59:33
78,205,purchase,4.0,2026-05-22 20:28:27
78,121,like,2.0,2026-05-23 03:06:43
78,52,view,1.0,2026-05-28 01:02:05
78,245,like,2.0,2026-06-07 16:46:05
78,353,view,1.0,2026-06-21 00:34:41
78,102,view,1.0,2026-06-26 19:46:51
78,193,view,1.0,2026-06-28 21:48:40
78,11,like,2.0,2026-06-29 14:12:20
78,364,view,1.0,2026-06-30 18:08:24
78,283,view,1.0,2026-07-13 21:43:47
78,114,view,1.0,2026-08-01 10:45:45
78,222,purchase,4.0,2026-08-09 01:05:50
78,314,like,2.0,2026-08-10 23:19:24
78,31,purchase,4.0,2026-08-16 18:00:01
78,390,purchase,4.0,2026-08-26 08:23:37
78,362,view,1.0,2026-08-30 22:07:45
78,392,like,2.0,2026-09-06 00:40:45
78,332,like,2.0,2026-09-06 05:32:34
78,108,view,1.0,2026-09-10 03:06:42
78,217,like,2.0,2026-09-19 10:02:00
79,272,view,1.0,2026-04-03 22:52:41
79,150,like,2.0,2026-04-06 18:26:50
79,324,view,1.0,2026-04-12 16:46:47
79,251,purchase,4.0,2026-04-14 19:51:55
79,107,view,1.0,2026-04-19 06:06:48
79,224,view,1.0,2026-04-20 07:31:46
79,342,like,2.0,2026-04-23 11:05:01
79,145,purchase,4.0,2026-05-02 00:01:43
79,293,view,1.0,2026-05-17 23:39:24
79,210,view,1.0,2026-05-25 05:48:43
79,27,purchase,4.0,2026-05-26 12:02:49
79,170,view,1.0,2026-05-26 15:58:30
79,34,like,2.0,2026-05-28 10:18:08
79,287,like,2.0,2026-06-14 03:40:03
79,233,view,1.0,2026-06-27 22:17:59
79,129,purchase,4.0,2026-07-01 11:06:39
79,30,like,2.0,2026-07-02 11:17:21
79,376,view,1.0,2026-07-07 02:34:13
79,123,view,1.0,2026-07-14 01:43:03
79,101,view,1.0,2026-07-31 02:32:04
79,38,purchase,4.0,2026-08-01 10:48:23
79,220,view,1.0,2026-08-01 11:42:24
79,98,view,1.0,2026-08-03 21:44:25
79,331,view,1.0,2026-08-06 23:14:54
79,274,view,1.0,2026-08-12 08:39:01
79,4,view,1.0,2026-08-13 10:21:08
79,215,purchase,4.0,2026-08-19 22:31:49
79,83,like,2.0,2026-08-22 03:02:22
79,8,purchase,4.0,2026-08-23 18:24:41
79,236,view,1.0,2026-08-26 10:50:32
79,75,view,1.0,2026-08-29 12:46:19
79,359,view,1.0,2026-09-01 07:12:42
79,217,view,1.0,2026-09-05 11:23:57
79,78,like,2.0,2026-09-07 13:25:49
79,399,like,2.0,2026-09-09 02:17:51
79,63,purchase,4.0,2026-09-10 22:56:41
79,200,view,1.0,2026-09-11 00:07:11
79,395,view,1.0,2026-09-11 12:26:57
79,153,view,1.0,2026-09-15 22:50:49
79,182,view,1.0,2026-09-19 11:00:25
79,108,view,1.0,2026-09-26 03:46:08
79,67,purchase,4.0,2026-09-27 08:59:20
79,231,view,1.0,2026-09-29 13:57:21
80,122,view,1.0,2026-04-09 11:38:29
80,4,view,1.0,2026-04-10 18:26:45
80,258,view,1.0,2026-04-20 11:21:59
80,77,view,1.0,2026-05-31 20:53:54
80,213,view,1.0,2026-06-16 10:48:13
80,200,like,2.0,2026-08-10 22:14:08
80,161,view,1.0,2026-09-08 11:22:47
81,210,view,1.0,2026-05-20 19:39:56
81,385,view,1.0,2026-05-31 20:28:55
81,258,like,2.0,2026-06-09 02:09:35
81,130,like,2.0,2026-06-13 06:24:37
81,379,view,1.0,2026-06-25 02:59:22
81,293,view,1.0,2026-06-28 06:14:33
81,109,view,1.0,2026-07-04 22:01:57
81,368,like,2.0,2026-08-13 00:51:48
81,141,view,1.0,2026-09-16 06:05:07
82,213,view,1.0,2026-04-28 04:40:18
82,311,purchase,4.0,2026-05-08 07:50:06
82,25,view,1.0,2026-05-30 11:23:52
82,320,purchase,4.0,2026-06-01 23:53:06
82,26,purchase,4.0,2026-06-12 23:15:54
82,354,view,1.0,2026-07-06 09:51:07
82,20,like,2.0,2026-07-07 20:21:20
82,52,purchase,4.0,2026-07-18 17:20:54
82,67,view,1.0,2026-07-29 18:49:22
82,81,purchase,4.0,2026-07-29 23:40:56
82,150,like,2.0,2026-09-10 16:02:47
83,358,purchase,4.0,2026-04-09 06:59:22
83,290,like,2.0,2026-04-11 10:07:49
83,23,view,1.0,2026-04-16 22:04:02
83,164,like,2.0,2026-04-20 05:05:03
83,129,like,2.0,2026-04-22 04:42:10
83,275,like,2.0,2026-04-23 09:01:10
83,295,view,1.0,2026-04-24 12:10:23
83,130,view,1.0,2026-05-03 06:35:09
83,145,view,1.0,2026-05-24 10:27:33
83,63,like,2.0,2026-05-29 04:47:06
83,236,view,1.0,2026-06-05 14:56:35
83,389,like,2.0,2026-06-08 06:39:57
83,165,view,1.0,2026-06-21 04:53:15
83,399,like,2.0,2026-06-22 22:26:14
83,70,view,1.0,2026-06-26 23:10:37
83,318,like,2.0,2026-06-30 16:09:53
83,369,purchase,4.0,2026-07-03 13:15:38
83,281,view,1.0,2026-07-03 16:14:51
83,43,purchase,4.0,2026-07-05 11:29:06
83,138,view,1.0,2026-07-14 09:09:48
83,30,like,2.0,2026-07-17 23:51:45
83,242,view,1.0,2026-07-18 11:35:12
83,400,like,2.0,2026-08-02 03:34:24
83,150,view,1.0,2026-08-13 09:58:42
83,65,view,1.0,2026-08-14 00:41:49
83,112,view,1.0,2026-08-20 14:05:01
83,223,like,2.0,2026-08-24 15:19:44
83,87,purchase,4.0,2026-09-03 22:33:54
83,306,like,2.0,2026-09-11 03:39:12
83,31,view,1.0,2026-09-12 13:08:34
83,252,purchase,4.0,2026-09-17 23:22:14
83,170,view,1.0,2026-09-19 22:16:12
83,52,like,2.0,2026-09-20 07:04:16
83,262,like,2.0,2026-09-21 15:33:27
84,5,view,1.0,2026-04-07 21:07:37
84,236,view,1.0,2026-04-08 16:56:54
84,184,like,2.0,2026-04-29 19:34:01
84,13,like,2.0,2026-04-30 05:28:59
84,75,like,2.0,2026-05-12 02:09:51
84,283,view,1.0,2026-05-16 00:51:18
84,32,like,2.0,2026-05-19 20:05:56
84,331,like,2.0,2026-06-15 00:35:36
84,261,view,1.0,2026-06-18 08:06:22
84,30,purchase,4.0,2026-07-03 21:02:30
84,107,view,1.0,2026-07-05 15:41:15
84,45,like,2.0,2026-07-11 07:47:54
84,326,view,1.0,2026-07-12 05:18:14
84,220,view,1.0,2026-07-13 13:52:09
84,2,view,1.0,2026-07-17 09:48:26
84,223,view,1.0,2026-07-29 05:57:16
84,200,view,1.0,2026-08-06 14:34:22
84,269,like,2.0,2026-09-03 18:14:34
84,4,view,1.0,2026-09-04 08:33:30
84,127,view,1.0,2026-09-15 15:57:37
84,113,view,1.0,2026-09-18 13:23:40
84,95,view,1.0,2026-09-19 21:38:04
84,292,view,1.0,2026-09-29 22:57:46
85,158,purchase,4.0,2026-05-03 11:35:50
85,13,like,2.0,2026-05-10 12:39:33
85,161,purchase,4.0,2026-07-12 01:58:05
85,136,view,1.0,2026-07-21 22:17:54
85,4,view,1.0,2026-07-23 06:40:19
85,324,view,1.0,2026-07-23 16:37:44
85,67,view,1.0,2026-08-16 21:36:15
85,200,like,2.0,2026-08-17 08:49:06
85,300,view,1.0,2026-08-28 14:59:53
85,223,view,1.0,2026-09-03 20:34:57
86,325,purchase,4.0,2026-04-05 13:59:21
86,268,view,1.0,2026-04-08 02:20:43
86,394,view,1.0,2026-04-15 07:25:22
86,100,view,1.0,2026-05-30 08:35:03
86,122,purchase,4.0,2026-06-08 11:54:42
86,332,view,1.0,2026-06-15 17:06:58
86,24,purchase,4.0,2026-06-19 04:08:43
86,248,like,2.0,2026-07-08 15:07:41
86,213,view,1.0,2026-07-28 22:37:02
86,78,view,1.0,2026-08-12 21:07:20
86,328,view,1.0,2026-08-15 10:21:18
86,9,view,1.0,2026-08-31 08:24:30
87,8,like,2.0,2026-04-06 04:33:38
87,235,view,1.0,2026-04-10 07:29:44
87,52,view,1.0,2026-04-14 21:11:43
87,365,view,1.0,2026-04-22 16:24:32
87,382,view,1.0,2026-04-26 21:32:08
87,121,like,2.0,2026-05-15 01:06:44
87,322,purchase,4.0,2026-05-22 15:09:28
87,239,view,1.0,2026-06-02 00:04:34
87,38,view,1.0,2026-06-20 17:18:00
87,229,view,1.0,2026-06-29 00:11:21
87,397,like,2.0,2026-07-22 09:45:03
87,122,view,1.0,2026-08-02 01:05:20
87,2,like,2.0,2026-08-16 07:45:19
87,153,view,1.0,2026-08-25 07:40:30
87,158,like,2.0,2026-08-29 22:12:21
87,279,view,1.0,2026-09-04 16:32:39
87,230,view,1.0,2026-09-04 21:22:49
87,120,view,1.0,2026-09-19 18:22:46
87,40,like,2.0,2026-09-20 10:16:11
88,212,like,2.0,2026-04-05 14:38:38
88,279,purchase,4.0,2026-04-06 12:17:03
88,210,view,1.0,2026-04-15 20:51:43
88,141,like,2.0,2026-04-23 10:05:24
88,15,view,1.0,2026-04-24 08:31:40
88,328,view,1.0,2026-05-05 22:59:52
88,205,view,1.0,2026-05-06 20:21:36
88,213,view,1.0,2026-05-11 18:10:10
88,192,view,1.0,2026-05-15 04:17:05
88,103,like,2.0,2026-05-16 09:59:21
88,108,view,1.0,2026-05-21 04:01:56
88,20,like,2.0,2026-06-13 02:22:18
88,283,purchase,4.0,2026-06-24 07:02:03
88,107,view,1.0,2026-06-24 10:24:32
88,116,purchase,4.0,2026-07-01 01:55:36
88,397,view,1.0,2026-07-11 07:58:02
88,146,view,1.0,2026-07-16 13:12:38
88,113,view,1.0,2026-07-17 15:04:32
88,4,view,1.0,2026-07-20 15:33:17
88,357,view,1.0,2026-08-02 12:10:15
88,195,view,1.0,2026-08-25 00:47:12
88,292,view,1.0,2026-09-02 10:05:54
88,388,view,1.0,2026-09-12 03:22:43
88,2,purchase,4.0,2026-09-28 03:07:48
89,93,view,1.0,2026-04-27 22:58:19
89,248,view,1.0,2026-05-10 21:30:48
89,230,view,1.0,2026-05-30 09:53:46
89,134,like,2.0,2026-06-08 04:13:38
89,388,view,1.0,2026-06-23 23:29:24
89,41,view,1.0,2026-06-24 21:29:11
89,298,view,1.0,2026-07-05 01:16:46
89,196,view,1.0,2026-07-05 20:27:20
89,166,purchase,4.0,2026-07-21 03:49:47
89,6,view,1.0,2026-07-25 06:15:06
89,279,like,2.0,2026-08-19 21:12:22
90,392,view,1.0,2026-04-04 03:07:41
90,272,view,1.0,2026-04-19 04:28:22
90,210,purchase,4.0,2026-04-24 16:01:58
90,229,like,2.0,2026-04-24 19:31:29
90,158,purchase,4.0,2026-05-01 07:11:56
90,31,view,1.0,2026-05-20 13:02:15
90,374,view,1.0,2026-05-23 10:20:00
90,126,purchase,4.0,2026-06-09 04:37:25
90,122,view,1.0,2026-06-13 23:58:17
90,74,purchase,4.0,2026-07-22 19:18:51
90,399,like,2.0,2026-08-07 09:11:30
90,389,view,1.0,2026-08-17 16:49:47
90,138,view,1.0,2026-09-08 16:22:41
90,100,view,1.0,2026-09-12 05:15:22
90,315,view,1.0,2026-09-13 22:47:07
90,394,view,1.0,2026-09-27 16:56:20
91,9,view,1.0,2026-04-03 02:48:03
91,165,view,1.0,2026-04-08 11:16:42
91,121,purchase,4.0,2026-04-09 16:21:49
91,324,view,1.0,2026-05-02 23:58:18
91,275,like,2.0,2026-05-10 02:05:44
91,245,purchase,4.0,2026-06-09 15:13:35
91,371,view,1.0,2026-06-15 11:10:21
91,31,purchase,4.0,2026-06-19 00:36:35
91,390,view,1.0,2026-06-21 15:04:38
91,38,purchase,4.0,2026-06-28 01:03:46
91,144,view,1.0,2026-07-14 05:51:52
91,252,view,1.0,2026-07-26 01:45:04
91,143,view,1.0,2026-08-03 04:10:15
91,279,view,1.0,2026-08-04 01:17:35
91,313,like,2.0,2026-08-17 09:37:34
91,327,like,2.0,2026-08-28 23:22:05
91,69,purchase,4.0,2026-09-01 06:40:34
91,72,view,1.0,2026-09-05 12:38:00
91,20,view,1.0,2026-09-06 06:26:44
91,192,purchase,4.0,2026-09-09 08:13:35
91,52,view,1.0,2026-09-19 17:30:14
91,132,like,2.0,2026-09-20 18:12:23
92,366,view,1.0,2026-04-26 05:17:12
92,222,view,1.0,2026-05-01 05:24:21
92,291,view,1.0,2026-05-09 16:40:32
92,60,view,1.0,2026-05-10 02:47:38
92,160,view,1.0,2026-05-13 13:54:58
92,250,view,1.0,2026-05-21 04:16:11
92,100,view,1.0,2026-05-21 05:29:23
92,276,like,2.0,2026-05-23 16:00:30
92,93,purchase,4.0,2026-06-16 03:59:35
92,81,view,1.0,2026-06-18 14:10:11
92,5,like,2.0,2026-07-14 06:18:38
92,111,view,1.0,2026-07-22 01:29:14
92,97,view,1.0,2026-07-29 04:45:07
92,306,view,1.0,2026-08-04 04:48:25
92,219,view,1.0,2026-08-10 11:11:12
92,68,view,1.0,2026-09-09 21:03:31
93,357,view,1.0,2026-04-18 07:01:41
93,25,view,1.0,2026-04-25 10:11:34
93,394,purchase,4.0,2026-05-20 04:35:10
93,12,like,2.0,2026-06-01 17:47:46
93,78,like,2.0,2026-08-03 21:18:05
93,283,view,1.0,2026-09-05 02:11:06
94,226,view,1.0,2026-04-21 07:33:55
94,191,like,2.0,2026-04-30 17:10:45
94,220,like,2.0,2026-05-17 02:13:26
94,387,view,1.0,2026-06-28 01:40:30
94,133,like,2.0,2026-07-07 05:54:57
94,298,like,2.0,2026-08-16 01:04:02
94,175,like,2.0,2026-08-22 22:07:57
94,260,purchase,4.0,2026-08-28 05:33:43
94,149,view,1.0,2026-09-08 10:17:12
94,97,view,1.0,2026-09-22 16:44:20
94,37,view,1.0,2026-09-27 10:05:40
95,304,view,1.0,2026-04-14 22:43:53
95,388,view,1.0,2026-04-22 19:41:02
95,263,view,1.0,2026-04-28 22:12:05
95,391,purchase,4.0,2026-06-10 05:49:55
95,398,view,1.0,2026-07-01 11:16:50
95,332,like,2.0,2026-08-30 13:43:45
95,400,like,2.0,2026-09-13 02:20:37
95,254,view,1.0,2026-09-15 04:11:19
96,75,view,1.0,2026-05-23 16:27:25
96,107,like,2.0,2026-06-01 11:49:04
96,325,view,1.0,2026-06-22 06:43:19
96,240,view,1.0,2026-07-20 18:04:55
96,177,view,1.0,2026-07-29 07:52:37
96,134,view,1.0,2026-08-10 06:14:38
96,363,like,2.0,2026-08-20 01:28:43
97,68,view,1.0,2026-04-10 03:51:44
97,235,like,2.0,2026-04-14 07:47:44
97,143,purchase,4.0,2026-04-15 10:17:20
97,129,view,1.0,2026-04-21 08:28:44
97,388,like,2.0,2026-05-10 11:53:04
97,58,purchase,4.0,2026-05-26 07:06:33
97,333,view,1.0,2026-05-28 18:08:07
97,100,purchase,4.0,2026-06-04 15:40:03
97,5,purchase,4.0,2026-06-05 18:03:09
97,6,view,1.0,2026-07-31 11:20:33
97,155,like,2.0,2026-08-06 06:43:37
97,171,like,2.0,2026-08-07 02:29:09
97,118,like,2.0,2026-08-30 18:55:58
97,278,like,2.0,2026-09-05 01:12:03
97,187,view,1.0,2026-09-12 17:55:45
97,23,view,1.0,2026-09-26 14:36:42
98,109,view,1.0,2026-04-07 04:55:34
98,134,view,1.0,2026-04-09 04:11:24
98,253,view,1.0,2026-05-29 06:02:57
98,93,view,1.0,2026-06-14 13:16:43
98,52,view,1.0,2026-06-16 04:15:51
98,284,purchase,4.0,2026-08-17 03:43:52
98,356,like,2.0,2026-08-22 23:44:59
98,369,view,1.0,2026-08-24 09:11:43
98,342,view,1.0,2026-09-16 17:51:24
98,220,view,1.0,2026-09-20 00:22:24
99,154,purchase,4.0,2026-05-08 21:03:36
99,172,purchase,4.0,2026-05-09 17:49:19
99,9,view,1.0,2026-06-07 04:42:50
99,355,purchase,4.0,2026-06-07 20:08:06
99,138,purchase,4.0,2026-07-11 03:51:28
99,77,purchase,4.0,2026-08-10 10:52:34
99,164,like,2.0,2026-08-17 08:28:32
99,279,view,1.0,2026-09-03 22:50:47
99,357,like,2.0,2026-09-11 23:09:48
99,84,view,1.0,2026-09-12 09:36:39
99,66,view,1.0,2026-09-22 06:01:17
99,385,view,1.0,2026-09-29 03:28:14
100,388,view,1.0,2026-04-09 01:29:02
100,65,view,1.0,2026-04-15 05:49:27
100,90,view,1.0,2026-04-21 06:46:12
100,259,purchase,4.0,2026-04-25 01:15:05
100,47,purchase,4.0,2026-04-25 19:44:12
100,20,like,2.0,2026-05-11 09:33:42
100,12,view,1.0,2026-05-12 05:15:52
100,251,view,1.0,2026-05-19 14:43:11
100,331,view,1.0,2026-05-24 07:59:18
100,96,like,2.0,2026-08-03 21:16:19
100,382,view,1.0,2026-08-04 13:52:29
100,324,purchase,4.0,2026-08-14 16:54:18
100,13,view,1.0,2026-09-13 13:29:40
100,155,view,1.0,2026-09-14 17:38:19
101,226,view,1.0,2026-04-05 15:13:17
101,220,like,2.0,2026-04-09 06:50:49
101,101,view,1.0,2026-04-09 11:32:41
101,68,view,1.0,2026-04-15 17:26:46
101,115,purchase,4.0,2026-04-15 22:27:40
101,96,view,1.0,2026-04-18 17:14:29
101,219,view,1.0,2026-04-20 03:44:47
101,123,view,1.0,2026-04-24 18:16:28
101,293,purchase,4.0,2026-04-28 09:15:09
101,222,view,1.0,2026-05-04 04:11:08
101,212,view,1.0,2026-05-04 22:15:21
101,386,view,1.0,2026-05-20 16:06:42
101,129,view,1.0,2026-05-30 15:14:19
101,254,like,2.0,2026-06-02 15:30:04
101,1,view,1.0,2026-06-04 00:34:48
101,297,view,1.0,2026-06-12 00:20:13
101,209,like,2.0,2026-06-15 06:19:21
101,78,like,2.0,2026-06-24 20:37:22
101,2,view,1.0,2026-06-25 16:21:04
101,283,view,1.0,2026-07-05 03:13:40
101,269,purchase,4.0,2026-07-07 00:20:04
101,270,view,1.0,2026-07-08 06:36:45
101,170,view,1.0,2026-07-10 20:40:46
101,258,view,1.0,2026-07-11 11:07:34
101,224,view,1.0,2026-07-12 17:44:54
101,92,view,1.0,2026-07-23 13:10:51
101,210,view,1.0,2026-08-03 14:05:37
101,347,like,2.0,2026-08-04 14:06:30
101,169,view,1.0,2026-08-07 05:30:51
101,395,purchase,4.0,2026-08-07 23:03:13
101,367,view,1.0,2026-08-16 22:14:57
101,93,view,1.0,2026-08-17 18:04:28
101,376,purchase,4.0,2026-08-27 15:14:12
101,52,view,1.0,2026-08-29 03:33:43
101,357,like,2.0,2026-09-06 10:32:31
101,67,view,1.0,2026-09-08 12:22:09
101,165,like,2.0,2026-09-14 12:24:57
101,34,like,2.0,2026-09-18 00:53:20
101,339,view,1.0,2026-09-21 10:45:45
101,177,like,2.0,2026-09-23 01:29:23
101,32,like,2.0,2026-09-26 00:38:12
102,274,view,1.0,2026-04-04 15:57:19
102,166,like,2.0,2026-04-06 14:56:53
102,157,view,1.0,2026-04-10 05:12:45
102,339,view,1.0,2026-04-12 06:38:30
102,295,view,1.0,2026-04-18 17:19:13
102,200,view,1.0,2026-04-21 02:12:24
102,179,like,2.0,2026-04-21 17:56:47
102,393,like,2.0,2026-04-26 15:58:26
102,390,view,1.0,2026-04-27 00:15:24
102,356,view,1.0,2026-05-04 14:09:44
102,394,view,1.0,2026-05-12 14:14:49
102,33,purchase,4.0,2026-05-15 11:14:21
102,400,like,2.0,2026-05-22 17:30:34
102,220,like,2.0,2026-05-30 13:58:05
102,156,like,2.0,2026-06-03 07:10:04
102,137,view,1.0,2026-06-06 00:49:54
102,313,like,2.0,2026-06-08 15:42:30
102,252,view,1.0,2026-06-08 17:52:15
102,81,view,1.0,2026-06-12 07:10:12
102,223,like,2.0,2026-06-19 21:40:01
102,61,view,1.0,2026-06-30 17:20:29
102,191,view,1.0,2026-07-02 03:41:13
102,240,like,2.0,2026-07-08 07:03:53
102,38,like,2.0,2026-07-19 15:17:35
102,100,purchase,4.0,2026-07-23 21:20:31
102,369,view,1.0,2026-07-25 12:37:21
102,308,view,1.0,2026-07-30 18:22:32
102,294,like,2.0,2026-08-02 13:46:20
102,124,view,1.0,2026-08-29 11:01:44
102,42,purchase,4.0,2026-09-16 07:35:40
102,352,view,1.0,2026-09-29 19:01:18
103,85,view,1.0,2026-05-30 09:18:25
103,164,view,1.0,2026-06-01 17:54:45
103,266,view,1.0,2026-07-10 06:24:59
103,203,purchase,4.0,2026-07-14 05:39:34
103,345,like,2.0,2026-07-16 21:16:13
103,367,like,2.0,2026-07-23 16:17:43
103,392,view,1.0,2026-09-03 17:11:30
103,20,view,1.0,2026-09-10 16:47:17
103,125,like,2.0,2026-09-11 07:48:11
103,171,view,1.0,2026-09-20 12:49:05
104,386,view,1.0,2026-04-06 20:13:17
104,211,view,1.0,2026-04-20 13:04:15
104,251,purchase,4.0,2026-04-25 10:42:04
104,196,view,1.0,2026-04-25 16:25:42
104,254,view,1.0,2026-05-12 01:37:47
104,165,view,1.0,2026-05-22 23:04:53
104,60,view,1.0,2026-05-26 01:09:05
104,394,like,2.0,2026-05-31 16:48:35
104,273,view,1.0,2026-06-06 14:59:56
104,234,view,1.0,2026-08-17 01:27:34
104,269,view,1.0,2026-08-26 01:56:11
104,52,view,1.0,2026-09-05 11:59:05
105,263,view,1.0,2026-04-20 10:59:01
105,175,view,1.0,2026-05-13 21:58:23
105,44,like,2.0,2026-05-17 23:55:46
105,48,like,2.0,2026-06-27 17:11:36
105,109,view,1.0,2026-08-09 20:53:16
105,317,like,2.0,2026-08-31 11:48:41
105,300,purchase,4.0,2026-09-02 21:53:41
105,87,like,2.0,2026-09-20 16:29:59
106,259,purchase,4.0,2026-05-12 06:23:54
106,394,view,1.0,2026-05-12 18:29:03
106,139,view,1.0,2026-06-06 06:56:21
106,114,purchase,4.0,2026-06-09 03:25:30
106,150,view,1.0,2026-06-09 14:05:32
106,307,view,1.0,2026-06-21 05:07:12
106,91,view,1.0,2026-06-24 21:22:22
106,385,view,1.0,2026-06-25 22:28:06
106,210,view,1.0,2026-07-02 12:04:47
106,308,view,1.0,2026-07-03 20:13:16
106,328,purchase,4.0,2026-07-11 01:08:12
106,195,like,2.0,2026-07-23 13:37:29
106,285,view,1.0,2026-08-23 19:03:53
106,143,view,1.0,2026-09-06 08:01:47
106,317,view,1.0,2026-09-20 10:57:10
106,324,view,1.0,2026-09-24 15:21:50
106,219,like,2.0,2026-09-27 02:21:57
107,45,like,2.0,2026-04-11 17:12:30
107,127,view,1.0,2026-04-22 12:00:46
107,73,like,2.0,2026-05-02 01:16:15
107,137,like,2.0,2026-05-02 14:29:41
107,314,view,1.0,2026-05-28 05:00:53
107,50,view,1.0,2026-06-03 15:02:41
107,252,view,1.0,2026-06-04 16:35:45
107,242,purchase,4.0,2026-06-10 06:48:14
107,219,like,2.0,2026-06-13 23:13:07
107,203,like,2.0,2026-06-15 04:17:34
107,273,view,1.0,2026-06-15 17:31:23
107,348,purchase,4.0,2026-06-30 03:41:48
107,72,view,1.0,2026-07-01 10:11:43
107,332,view,1.0,2026-07-01 22:35:52
107,16,like,2.0,2026-07-02 00:41:44
107,210,view,1.0,2026-07-28 03:46:51
107,83,view,1.0,2026-08-18 12:34:09
107,31,view,1.0,2026-08-30 08:07:12
107,23,like,2.0,2026-09-01 11:10:27
107,9,like,2.0,2026-09-02 16:58:04
107,236,view,1.0,2026-09-08 16:22:59
107,67,purchase,4.0,2026-09-10 20:26:30
107,331,view,1.0,2026-09-16 22:22:59
107,364,view,1.0,2026-09-23 08:16:53
107,132,view,1.0,2026-09-27 05:45:58
108,367,like,2.0,2026-04-26 01:33:20
108,138,like,2.0,2026-05-05 00:38:06
108,11,view,1.0,2026-05-15 18:43:18
108,30,view,1.0,2026-06-01 07:18:06
108,192,purchase,4.0,2026-06-01 15:18:31
108,9,view,1.0,2026-06-09 03:19:08
108,315,view,1.0,2026-06-12 00:27:27
108,353,view,1.0,2026-06-12 07:54:26
108,2,purchase,4.0,2026-06-16 14:45:10
108,331,view,1.0,2026-06-27 14:13:50
108,392,view,1.0,2026-06-28 20:58:41
108,6,view,1.0,2026-07-04 06:11:30
108,304,like,2.0,2026-07-19 20:31:38
108,400,view,1.0,2026-07-28 10:51:56
108,324,view,1.0,2026-08-05 22:27:12
108,206,view,1.0,2026-08-07 21:39:45
108,355,view,1.0,2026-08-14 22:41:24
108,296,view,1.0,2026-08-15 23:04:02
108,132,like,2.0,2026-09-02 03:38:07
108,98,view,1.0,2026-09-27 23:27:48
109,279,like,2.0,2026-04-21 04:05:44
109,103,view,1.0,2026-04-23 00:07:12
109,213,view,1.0,2026-04-23 06:03:21
109,41,view,1.0,2026-05-14 23:36:04
109,9,like,2.0,2026-05-25 02:34:36
109,5,view,1.0,2026-06-06 06:40:06
109,60,like,2.0,2026-06-10 20:36:25
109,6,like,2.0,2026-07-01 04:56:52
109,51,view,1.0,2026-07-21 22:51:06
109,220,view,1.0,2026-07-27 08:38:36
109,153,like,2.0,2026-08-01 13:51:28
109,394,view,1.0,2026-08-07 21:47:49
109,340,view,1.0,2026-08-27 03:31:04
109,58,view,1.0,2026-08-31 09:13:15
109,163,view,1.0,2026-09-17 05:07:49
109,167,like,2.0,2026-09-23 14:05:14
109,142,view,1.0,2026-09-29 05:22:12
111,193,view,1.0,2026-04-05 00:35:40
111,209,purchase,4.0,2026-04-27 13:22:57
111,390,view,1.0,2026-05-06 10:23:03
111,364,view,1.0,2026-05-21 19:33:12
111,48,like,2.0,2026-06-06 01:29:44
111,150,view,1.0,2026-06-15 17:50:06
111,204,view,1.0,2026-07-05 08:18:47
111,368,like,2.0,2026-07-21 18:44:10
111,317,view,1.0,2026-07-24 00:48:02
111,157,like,2.0,2026-07-29 02:52:32
111,353,purchase,4.0,2026-08-24 05:43:21
111,154,purchase,4.0,2026-09-05 10:23:23
112,385,like,2.0,2026-04-22 22:05:40
112,146,view,1.0,2026-04-30 15:14:13
112,30,like,2.0,2026-06-24 21:50:54
112,37,like,2.0,2026-06-30 10:22:01
112,269,like,2.0,2026-07-05 03:40:04
112,145,like,2.0,2026-07-07 10:39:17
112,158,like,2.0,2026-07-10 05:35:05
112,136,view,1.0,2026-07-19 21:31:39
112,182,like,2.0,2026-09-06 05:53:45
112,262,view,1.0,2026-09-23 20:03:25
112,212,purchase,4.0,2026-09-25 00:07:46
112,61,view,1.0,2026-09-29 00:31:18
113,37,view,1.0,2026-04-09 20:32:48
113,204,view,1.0,2026-04-15 01:32:01
113,244,view,1.0,2026-04-18 20:51:26
113,187,purchase,4.0,2026-04-21 22:55:27
113,158,view,1.0,2026-04-25 20:43:46
113,383,view,1.0,2026-04-28 21:37:54
113,264,purchase,4.0,2026-04-29 01:15:09
113,390,purchase,4.0,2026-04-29 17:36:29
113,337,like,2.0,2026-05-30 12:50:40
113,322,view,1.0,2026-06-07 06:22:12
113,280,like,2.0,2026-06-12 20:12:05
113,242,purchase,4.0,2026-06-16 00:44:19
113,353,view,1.0,2026-06-18 12:37:58
113,223,view,1.0,2026-06-30 13:06:50
113,31,like,2.0,2026-07-08 14:24:55
113,220,view,1.0,2026-07-13 23:48:19
113,385,view,1.0,2026-07-15 01:18:57
113,243,view,1.0,2026-07-19 10:27:09
113,210,view,1.0,2026-08-04 09:51:40
113,82,view,1.0,2026-08-05 12:44:05
113,199,like,2.0,2026-08-17 15:57:22
113,138,like,2.0,2026-08-18 05:37:25
113,252,view,1.0,2026-08-18 17:52:11
113,222,like,2.0,2026-09-16 13:27:04
113,101,like,2.0,2026-09-17 23:32:55
113,200,view,1.0,2026-09-18 11:44:47
113,172,purchase,4.0,2026-09-26 20:52:13
113,336,view,1.0,2026-09-28 13:29:34
113,355,like,2.0,2026-09-29 15:47:51
114,222,view,1.0,2026-04-22 09:48:16
114,23,view,1.0,2026-04-26 13:29:32
114,246,like,2.0,2026-04-27 07:54:03
114,154,like,2.0,2026-05-27 21:03:07
114,367,like,2.0,2026-05-28 10:47:56
114,368,purchase,4.0,2026-06-04 03:50:34
114,324,like,2.0,2026-06-13 21:44:06
114,213,view,1.0,2026-06-14 08:52:29
114,359,view,1.0,2026-06-14 12:18:43
114,241,purchase,4.0,2026-06-15 20:15:44
114,340,view,1.0,2026-06-20 07:48:48
114,77,view,1.0,2026-06-29 09:15:37
114,354,view,1.0,2026-07-02 18:33:06
114,248,purchase,4.0,2026-07-03 08:09:00
114,123,view,1.0,2026-07-03 13:13:49
114,399,purchase,4.0,2026-07-19 19:51:11
114,254,view,1.0,2026-07-28 13:55:39
114,355,view,1.0,2026-08-05 00:14:31
114,4,view,1.0,2026-08-18 23:48:20
114,207,purchase,4.0,2026-08-29 07:50:26
114,265,like,2.0,2026-09-05 22:05:33
114,5,view,1.0,2026-09-07 02:55:14
114,292,like,2.0,2026-09-11 05:44:39
114,111,view,1.0,2026-09-20 21:19:30
115,20,like,2.0,2026-04-06 01:59:35
115,252,purchase,4.0,2026-04-13 17:53:10
115,369,like,2.0,2026-05-14 11:17:51
115,261,like,2.0,2026-05-26 23:38:18
115,192,like,2.0,2026-05-28 07:13:59
115,378,purchase,4.0,2026-08-01 14:36:03
115,270,view,1.0,2026-09-18 09:53:39
115,18,view,1.0,2026-09-18 15:05:16
116,313,view,1.0,2026-04-16 13:00:44
116,61,view,1.0,2026-04-29 10:44:28
116,126,view,1.0,2026-07-09 17:10:02
116,142,view,1.0,2026-07-22 19:45:09
116,81,purchase,4.0,2026-08-19 07:51:41
117,210,like,2.0,2026-04-23 09:55:43
117,355,view,1.0,2026-05-02 15:18:38
117,105,purchase,4.0,2026-05-21 09:25:11
117,87,like,2.0,2026-05-24 20:53:02
117,171,view,1.0,2026-06-12 13:19:41
117,368,view,1.0,2026-07-07 08:17:36
117,175,view,1.0,2026-07-08 21:16:58
117,298,view,1.0,2026-07-17 16:39:09
117,180,view,1.0,2026-08-05 04:31:52
117,145,view,1.0,2026-08-07 06:03:20
117,172,like,2.0,2026-08-11 04:21:55
117,317,view,1.0,2026-08-13 15:36:18
117,308,view,1.0,2026-08-28 05:23:47
117,169,like,2.0,2026-09-18 08:24:18
117,58,view,1.0,2026-09-23 06:25:20
117,2,view,1.0,2026-09-26 04:00:53
117,44,view,1.0,2026-09-28 23:27:54
118,156,view,1.0,2026-04-17 22:13:26
118,93,like,2.0,2026-04-29 02:50:06
118,77,purchase,4.0,2026-05-29 05:10:30
118,350,view,1.0,2026-06-22 14:45:43
118,331,view,1.0,2026-06-26 13:43:12
118,394,view,1.0,2026-07-19 18:04:59
118,337,view,1.0,2026-08-04 01:58:33
118,232,like,2.0,2026-08-08 22:59:38
118,61,view,1.0,2026-08-12 07:47:06
118,72,like,2.0,2026-08-12 23:14:40
118,174,purchase,4.0,2026-08-15 19:39:52
118,300,view,1.0,2026-09-09 10:28:53
118,76,view,1.0,2026-09-14 19:02:08
119,339,view,1.0,2026-04-06 13:38:08
119,79,like,2.0,2026-04-08 12:10:17
119,61,view,1.0,2026-05-05 08:25:35
119,20,like,2.0,2026-05-21 16:15:04
119,222,purchase,4.0,2026-05-30 07:16:57
119,188,like,2.0,2026-07-31 19:44:02
119,41,view,1.0,2026-08-04 03:50:46
119,174,like,2.0,2026-08-06 21:48:07
119,217,like,2.0,2026-08-25 05:50:59
119,283,view,1.0,2026-08-25 14:59:16
119,164,view,1.0,2026-09-14 14:06:43
120,112,view,1.0,2026-04-05 05:31:09
120,10,view,1.0,2026-04-05 12:24:38
120,62,like,2.0,2026-04-08 21:22:14
120,394,view,1.0,2026-04-26 17:57:22
120,240,view,1.0,2026-05-20 19:05:49
120,335,purchase,4.0,2026-06-26 00:10:24
120,4,purchase,4.0,2026-07-06 00:13:24
120,303,view,1.0,2026-07-16 19:53:27
120,187,like,2.0,2026-08-10 00:50:06
120,258,view,1.0,2026-08-15 06:19:06
120,138,purchase,4.0,2026-09-01 00:07:16
120,5,purchase,4.0,2026-09-14 05:48:43
120,320,view,1.0,2026-09-20 05:22:59
120,59,view,1.0,2026-09-27 16:13:52
121,357,view,1.0,2026-04-11 09:25:55
121,146,view,1.0,2026-04-29 06:54:40
121,4,like,2.0,2026-05-09 02:26:30
121,210,like,2.0,2026-05-24 19:25:41
121,107,view,1.0,2026-06-28 16:56:40
121,283,purchase,4.0,2026-07-24 08:05:48
122,219,view,1.0,2026-04-03 13:38:35
122,353,purchase,4.0,2026-04-09 00:44:36
122,116,view,1.0,2026-04-15 17:30:13
122,120,view,1.0,2026-04-22 12:44:56
122,123,view,1.0,2026-05-16 04:28:19
122,6,view,1.0,2026-05-16 09:23:53
122,74,purchase,4.0,2026-05-23 14:15:15
122,398,view,1.0,2026-05-25 11:59:55
122,102,view,1.0,2026-05-29 08:42:28
122,9,view,1.0,2026-06-20 16:51:22
122,114,purchase,4.0,2026-06-24 13:47:45
122,158,like,2.0,2026-07-02 15:38:48
122,216,view,1.0,2026-07-03 04:14:26
122,24,purchase,4.0,2026-07-05 20:35:27
122,313,view,1.0,2026-07-16 23:19:24
122,326,view,1.0,2026-07-17 03:44:18
122,91,view,1.0,2026-07-18 15:02:11
122,315,like,2.0,2026-07-29 02:24:40
122,141,like,2.0,2026-08-13 09:21:35
122,163,view,1.0,2026-08-14 20:42:35
122,376,like,2.0,2026-08-15 14:00:47
122,356,view,1.0,2026-08-19 22:16:58
122,148,purchase,4.0,2026-08-24 12:04:17
122,200,view,1.0,2026-09-04 19:45:52
122,210,view,1.0,2026-09-04 20:16:00
122,258,view,1.0,2026-09-05 15:44:51
122,37,like,2.0,2026-09-07 06:14:09
122,370,view,1.0,2026-09-14 02:08:39
122,274,like,2.0,2026-09-22 12:32:23
122,41,view,1.0,2026-09-24 06:18:09
122,352,purchase,4.0,2026-09-27 20:52:50
123,30,like,2.0,2026-04-22 04:40:16
123,279,like,2.0,2026-04-24 00:09:14
123,385,view,1.0,2026-04-29 22:45:20
123,323,view,1.0,2026-05-13 05:11:34
123,146,view,1.0,2026-05-14 09:53:51
123,83,purchase,4.0,2026-06-05 14:26:43
123,51,view,1.0,2026-07-01 19:11:41
123,345,view,1.0,2026-07-02 19:31:08
123,243,view,1.0,2026-07-06 18:26:17
123,145,purchase,4.0,2026-07-10 20:42:34
123,400,like,2.0,2026-07-17 20:18:17
123,192,view,1.0,2026-07-19 06:01:04
123,210,like,2.0,2026-08-05 08:50:21
123,370,view,1.0,2026-08-07 01:08:06
123,397,purchase,4.0,2026-08-10 04:39:12
123,221,purchase,4.0,2026-08-10 05:39:41
123,314,view,1.0,2026-08-12 18:47:37
123,249,view,1.0,2026-08-18 17:15:06
123,155,view,1.0,2026-08-18 22:30:02
123,23,like,2.0,2026-09-11 03:36:51
124,336,view,1.0,2026-04-17 21:13:44
124,217,like,2.0,2026-05-19 11:20:44
124,101,view,1.0,2026-05-31 00:51:52
124,160,like,2.0,2026-06-13 18:36:36
124,356,view,1.0,2026-06-15 10:57:19
124,345,purchase,4.0,2026-07-12 09:34:29
124,31,view,1.0,2026-08-08 20:24:53
124,248,view,1.0,2026-08-12 03:05:31
124,74,view,1.0,2026-08-20 15:04:07
124,96,like,2.0,2026-08-23 12:38:31
124,333,view,1.0,2026-08-26 12:42:37
124,348,view,1.0,2026-09-07 07:20:55
125,152,view,1.0,2026-04-17 18:10:39
125,224,like,2.0,2026-04-18 02:32:57
125,386,view,1.0,2026-04-23 05:09:52
125,332,view,1.0,2026-04-28 03:29:55
125,70,purchase,4.0,2026-05-03 20:18:09
125,367,view,1.0,2026-05-06 01:31:45
125,344,like,2.0,2026-05-30 06:31:49
125,306,view,1.0,2026-06-06 10:09:59
125,210,view,1.0,2026-06-17 19:22:45
125,16,view,1.0,2026-07-03 07:14:51
125,294,view,1.0,2026-07-29 23:24:31
125,110,view,1.0,2026-08-07 17:14:01
125,4,like,2.0,2026-08-17 09:27:29
125,87,purchase,4.0,2026-08-28 12:59:00
125,255,view,1.0,2026-09-18 05:14:51
126,211,view,1.0,2026-04-03 16:02:13
126,4,view,1.0,2026-04-04 20:58:29
126,103,like,2.0,2026-04-06 12:35:51
126,311,view,1.0,2026-04-13 17:27:17
126,295,purchase,4.0,2026-04-21 17:54:53
126,5,view,1.0,2026-04-24 00:12:29
126,174,view,1.0,2026-04-25 21:26:10
126,161,view,1.0,2026-05-06 02:20:40
126,262,view,1.0,2026-05-08 03:23:02
126,52,purchase,4.0,2026-05-08 16:32:03
126,239,view,1.0,2026-05-11 06:03:11
126,391,view,1.0,2026-05-14 21:09:50
126,146,like,2.0,2026-05-21 19:33:29
126,134,view,1.0,2026-05-21 23:00:32
126,12,purchase,4.0,2026-05-30 15:35:27
126,26,purchase,4.0,2026-06-10 20:21:39
126,381,view,1.0,2026-06-11 06:09:44
126,397,like,2.0,2026-07-03 04:07:52
126,360,like,2.0,2026-07-03 06:26:10
126,65,purchase,4.0,2026-07-10 11:05:48
126,213,view,1.0,2026-07-28 14:06:19
126,274,like,2.0,2026-08-08 03:20:57
126,143,like,2.0,2026-08-09 15:00:08
126,202,purchase,4.0,2026-08-10 15:32:10
126,242,view,1.0,2026-08-10 16:46:00
126,73,view,1.0,2026-08-13 08:58:20
126,399,like,2.0,2026-08-14 15:40:03
126,74,view,1.0,2026-08-18 20:26:00
126,390,view,1.0,2026-08-25 03:36:56
126,156,view,1.0,2026-08-26 13:13:26
126,150,view,1.0,2026-08-27 06:16:41
126,101,purchase,4.0,2026-09-01 21:03:52
126,11,like,2.0,2026-09-10 06:49:07
126,97,like,2.0,2026-09-12 20:48:41
126,149,view,1.0,2026-09-13 13:22:29
126,200,purchase,4.0,2026-09-16 19:45:39
126,171,view,1.0,2026-09-16 23:22:56
126,352,purchase,4.0,2026-09-23 17:45:18
126,366,view,1.0,2026-09-24 05:00:17
126,124,view,1.0,2026-09-26 04:19:41
126,383,view,1.0,2026-09-27 08:11:56
126,334,like,2.0,2026-09-27 23:50:25
127,209,purchase,4.0,2026-05-14 13:13:45
127,161,purchase,4.0,2026-06-01 14:32:45
127,284,view,1.0,2026-06-29 12:52:26
127,376,view,1.0,2026-09-05 12:04:40
127,319,view,1.0,2026-09-12 00:55:56
127,289,view,1.0,2026-09-17 10:50:04
127,202,view,1.0,2026-09-22 22:52:33
128,230,like,2.0,2026-04-13 21:46:01
128,5,view,1.0,2026-04-20 11:17:57
128,235,view,1.0,2026-04-28 18:12:19
128,375,like,2.0,2026-05-02 03:02:58
128,4,purchase,4.0,2026-05-09 23:36:31
128,344,purchase,4.0,2026-05-11 06:22:49
128,334,view,1.0,2026-05-14 15:32:17
128,37,view,1.0,2026-05-18 00:27:40
128,322,purchase,4.0,2026-05-21 18:09:53
128,195,like,2.0,2026-05-26 04:29:21
128,92,view,1.0,2026-05-30 17:50:49
128,108,like,2.0,2026-06-04 05:50:41
128,259,view,1.0,2026-06-07 07:50:43
128,93,view,1.0,2026-06-07 15:41:26
128,114,view,1.0,2026-06-17 15:33:33
128,384,view,1.0,2026-06-26 17:45:43
128,299,purchase,4.0,2026-07-01 00:28:16
128,304,view,1.0,2026-07-02 03:53:04
128,390,like,2.0,2026-07-10 03:48:06
128,91,view,1.0,2026-07-11 07:58:47
128,279,view,1.0,2026-07-13 09:40:28
128,170,like,2.0,2026-07-16 01:33:50
128,40,purchase,4.0,2026-07-16 05:14:12
128,326,like,2.0,2026-07-20 13:26:40
128,6,view,1.0,2026-07-21 22:41:23
128,224,purchase,4.0,2026-07-23 09:30:20
128,267,like,2.0,2026-07-24 13:34:27
128,111,like,2.0,2026-07-24 19:26:15
128,369,view,1.0,2026-07-29 23:09:25
128,194,like,2.0,2026-07-30 22:42:57
128,70,purchase,4.0,2026-08-03 20:37:50
128,63,view,1.0,2026-08-03 23:55:28
128,118,purchase,4.0,2026-08-13 08:42:15
128,105,view,1.0,2026-08-14 20:15:08
128,343,purchase,4.0,2026-08-18 17:26:36
128,200,view,1.0,2026-08-19 04:41:41
128,165,view,1.0,2026-08-21 15:11:04
128,51,view,1.0,2026-08-24 05:02:49
128,362,purchase,4.0,2026-08-24 14:35:29
128,10,view,1.0,2026-08-25 12:37:27
128,89,purchase,4.0,2026-08-26 13:21:23
128,263,like,2.0,2026-08-29 09:23:21
128,294,view,1.0,2026-09-12 00:21:09
128,332,like,2.0,2026-09-14 20:43:45
128,166,view,1.0,2026-09-15 20:31:58
128,138,view,1.0,2026-09-20 16:43:30
128,112,like,2.0,2026-09-22 02:50:39
128,240,view,1.0,2026-09-22 21:38:12
128,139,like,2.0,2026-09-23 07:32:36
128,131,view,1.0,2026-09-24 04:58:00
128,14,view,1.0,2026-09-29 08:40:26
129,159,view,1.0,2026-04-27 13:19:45
129,263,purchase,4.0,2026-04-28 19:32:29
129,301,view,1.0,2026-05-07 14:31:26
129,89,like,2.0,2026-05-07 19:36:48
129,108,like,2.0,2026-05-09 23:51:33
129,72,purchase,4.0,2026-05-12 03:57:00
129,304,view,1.0,2026-06-04 16:49:40
129,285,view,1.0,2026-07-07 04:08:07
129,210,purchase,4.0,2026-07-07 11:33:03
129,369,like,2.0,2026-07-09 13:40:18
129,82,purchase,4.0,2026-07-24 11:54:07
129,133,view,1.0,2026-08-21 11:29:13
130,245,purchase,4.0,2026-04-03 18:41:51
130,242,view,1.0,2026-04-04 01:00:33
130,161,like,2.0,2026-04-15 14:16:51
130,115,like,2.0,2026-05-01 20:52:06
130,201,like,2.0,2026-05-03 10:06:59
130,65,view,1.0,2026-06-02 08:20:07
130,261,like,2.0,2026-06-14 16:28:32
130,200,purchase,4.0,2026-06-20 03:09:36
130,85,view,1.0,2026-07-11 06:25:35
130,225,purchase,4.0,2026-07-31 02:28:39
130,311,view,1.0,2026-08-30 13:38:24
130,208,like,2.0,2026-09-01 21:42:35
130,335,view,1.0,2026-09-04 02:08:30
130,2,purchase,4.0,2026-09-04 17:56:46
130,166,purchase,4.0,2026-09-26 07:46:34
130,91,like,2.0,2026-09-29 14:20:56
131,332,like,2.0,2026-04-15 15:35:34
131,59,view,1.0,2026-04-17 21:20:27
131,261,view,1.0,2026-04-20 14:03:36
131,159,like,2.0,2026-05-16 09:38:21
131,13,purchase,4.0,2026-06-16 06:34:01
131,213,like,2.0,2026-07-12 04:40:58
131,102,view,1.0,2026-07-13 20:03:24
131,234,view,1.0,2026-07-27 02:25:48
131,132,view,1.0,2026-08-08 18:27:14
131,251,view,1.0,2026-08-23 11:56:57
131,369,view,1.0,2026-08-28 17:36:48
131,379,view,1.0,2026-08-29 15:18:29
131,91,purchase,4.0,2026-08-31 20:42:10
131,25,like,2.0,2026-09-05 09:22:18
131,85,view,1.0,2026-09-10 15:18:06
131,319,view,1.0,2026-09-22 11:06:54
131,267,view,1.0,2026-09-24 18:00:12
132,17,view,1.0,2026-05-05 18:00:16
132,293,view,1.0,2026-05-20 20:11:47
132,31,view,1.0,2026-05-30 03:36:20
132,357,like,2.0,2026-06-04 17:04:54
132,75,view,1.0,2026-06-12 21:49:18
132,296,view,1.0,2026-06-20 12:55:11
132,233,like,2.0,2026-06-20 23:48:40
132,146,like,2.0,2026-06-22 11:42:42
132,106,view,1.0,2026-06-28 16:52:27
132,20,view,1.0,2026-06-29 02:07:55
132,141,purchase,4.0,2026-07-07 00:48:19
132,74,purchase,4.0,2026-07-17 12:13:18
132,51,purchase,4.0,2026-07-17 22:24:54
132,298,view,1.0,2026-07-31 14:50:23
132,81,view,1.0,2026-08-08 18:57:07
132,84,view,1.0,2026-08-18 16:09:18
132,137,view,1.0,2026-08-25 23:24:04
132,187,view,1.0,2026-09-02 22:11:29
132,210,view,1.0,2026-09-23 11:33:40
133,188,view,1.0,2026-04-08 15:24:34
133,325,like,2.0,2026-04-10 05:36:20
133,391,view,1.0,2026-04-13 07:27:45
133,78,like,2.0,2026-04-30 05:15:26
133,4,purchase,4.0,2026-05-02 23:46:01
133,340,like,2.0,2026-05-16 18:04:25
133,152,like,2.0,2026-05-18 12:20:45
133,224,like,2.0,2026-05-26 06:25:04
133,87,purchase,4.0,2026-05-30 03:19:22
133,344,like,2.0,2026-06-03 09:43:16
133,296,view,1.0,2026-06-03 12:01:39
133,388,like,2.0,2026-06-07 13:57:21
133,187,view,1.0,2026-06-14 11:34:02
133,204,purchase,4.0,2026-06-15 16:22:33
133,263,view,1.0,2026-06-23 17:10:13
133,283,purchase,4.0,2026-06-25 04:25:25
133,195,like,2.0,2026-06-25 09:16:54
133,230,like,2.0,2026-06-28 05:07:53
133,131,purchase,4.0,2026-06-30 18:29:49
133,289,like,2.0,2026-07-01 19:10:40
133,5,like,2.0,2026-07-04 22:01:13
133,109,view,1.0,2026-07-07 02:51:09
133,101,view,1.0,2026-07-09 08:27:46
133,286,view,1.0,2026-07-11 14:23:16
133,85,like,2.0,2026-07-12 14:21:56
133,390,like,2.0,2026-07-26 02:38:21
133,398,like,2.0,2026-07-26 06:37:48
133,179,purchase,4.0,2026-07-27 16:44:29
133,24,view,1.0,2026-08-13 19:53:55
133,60,like,2.0,2026-08-21 01:55:38
133,385,view,1.0,2026-08-28 06:08:27
133,45,purchase,4.0,2026-09-09 08:29:45
133,276,view,1.0,2026-09-09 14:09:32
133,170,like,2.0,2026-09-15 22:08:15
133,213,view,1.0,2026-09-20 07:30:50
133,70,like,2.0,2026-09-21 06:35:18
133,295,view,1.0,2026-09-27 02:40:18
134,17,view,1.0,2026-04-23 04:31:08
134,306,view,1.0,2026-04-24 01:34:34
134,222,view,1.0,2026-05-04 06:09:17
134,337,like,2.0,2026-06-29 12:51:05
134,170,like,2.0,2026-08-30 08:44:19
134,297,view,1.0,2026-09-29 02:50:34
134,77,like,2.0,2026-09-29 21:57:16
135,96,like,2.0,2026-04-03 12:03:23
135,172,purchase,4.0,2026-04-04 02:49:32
135,148,view,1.0,2026-04-15 20:44:39
135,259,view,1.0,2026-04-20 00:04:41
135,86,purchase,4.0,2026-04-21 01:27:51
135,164,view,1.0,2026-04-21 06:33:46
135,343,like,2.0,2026-04-28 08:42:42
135,210,view,1.0,2026-04-29 15:43:05
135,362,like,2.0,2026-04-30 10:30:29
135,170,view,1.0,2026-05-05 13:35:33
135,189,like,2.0,2026-05-11 05:43:58
135,161,view,1.0,2026-05-17 19:43:35
135,267,purchase,4.0,2026-05-28 22:34:30
135,62,view,1.0,2026-05-31 11:00:40
135,199,view,1.0,2026-06-03 01:41:25
135,60,view,1.0,2026-06-09 17:36:30
135,243,view,1.0,2026-06-10 10:14:42
135,337,view,1.0,2026-06-14 04:33:50
135,5,view,1.0,2026-06-19 22:52:21
135,173,like,2.0,2026-06-21 12:51:49
135,187,view,1.0,2026-06-28 06:45:58
135,289,view,1.0,2026-06-28 19:38:57
135,31,like,2.0,2026-06-29 07:43:00
135,318,view,1.0,2026-07-01 11:06:55
135,204,view,1.0,2026-07-02 13:25:44
135,303,view,1.0,2026-07-04 06:42:38
135,144,view,1.0,2026-07-07 18:43:26
135,376,view,1.0,2026-07-08 18:59:47
135,37,view,1.0,2026-07-09 15:55:24
135,202,view,1.0,2026-07-18 19:19:09
135,178,like,2.0,2026-07-20 16:44:54
135,248,view,1.0,2026-07-23 23:43:35
135,94,like,2.0,2026-07-24 17:04:26
135,93,like,2.0,2026-07-28 11:25:19
135,301,view,1.0,2026-07-28 17:17:41
135,112,like,2.0,2026-07-29 01:09:56
135,293,view,1.0,2026-08-03 04:01:52
135,250,like,2.0,2026-08-07 04:09:43
135,35,like,2.0,2026-08-09 18:32:23
135,283,like,2.0,2026-08-10 12:24:38
135,356,view,1.0,2026-08-19 19:49:01
135,334,like,2.0,2026-08-25 14:16:29
135,4,view,1.0,2026-08-26 00:21:48
135,206,like,2.0,2026-09-02 22:58:15
135,375,like,2.0,2026-09-13 00:41:44
135,226,like,2.0,2026-09-13 02:37:57
135,115,view,1.0,2026-09-14 06:21:58
135,88,like,2.0,2026-09-16 21:15:47
135,284,like,2.0,2026-09-23 08:25:03
136,74,view,1.0,2026-05-03 18:23:44
136,291,view,1.0,2026-05-25 16:15:22
136,331,like,2.0,2026-06-08 03:39:39
136,129,purchase,4.0,2026-06-13 01:14:53
136,210,view,1.0,2026-06-14 12:01:29
136,81,like,2.0,2026-06-16 19:09:47
136,357,view,1.0,2026-06-19 14:08:55
136,396,view,1.0,2026-07-03 04:57:58
136,303,view,1.0,2026-07-21 14:16:33
136,30,view,1.0,2026-08-15 13:48:01
136,158,view,1.0,2026-08-20 04:14:19
136,399,view,1.0,2026-09-12 05:28:55
136,79,view,1.0,2026-09-17 04:28:40
136,276,purchase,4.0,2026-09-17 20:30:46
136,386,view,1.0,2026-09-29 05:27:52
137,362,like,2.0,2026-04-03 10:08:14
137,294,purchase,4.0,2026-04-12 15:57:24
137,246,view,1.0,2026-05-10 10:26:48
137,135,like,2.0,2026-07-28 04:07:22
137,8,view,1.0,2026-08-02 03:39:09
137,116,like,2.0,2026-08-17 04:16:28
137,260,purchase,4.0,2026-09-01 05:14:55
137,332,view,1.0,2026-09-06 05:12:36
138,137,view,1.0,2026-04-10 00:32:33
138,345,view,1.0,2026-04-17 06:08:18
138,310,like,2.0,2026-04-30 03:53:37
138,371,view,1.0,2026-05-02 01:50:05
138,155,like,2.0,2026-05-04 22:53:27
138,31,like,2.0,2026-05-08 19:24:14
138,38,purchase,4.0,2026-05-13 00:24:41
138,344,like,2.0,2026-05-13 13:58:33
138,171,view,1.0,2026-05-17 07:53:56
138,14,view,1.0,2026-05-19 01:39:22
138,19,like,2.0,2026-05-20 08:22:12
138,239,view,1.0,2026-05-24 01:18:13
138,378,like,2.0,2026-05-25 03:29:29
138,149,like,2.0,2026-05-30 12:43:21
138,271,like,2.0,2026-06-06 21:55:36
138,215,view,1.0,2026-06-08 19:24:04
138,360,purchase,4.0,2026-06-11 18:34:38
138,334,like,2.0,2026-06-17 13:51:26
138,70,like,2.0,2026-06-21 01:42:35
138,279,view,1.0,2026-06-22 08:58:37
138,340,view,1.0,2026-06-23 11:04:12
138,384,view,1.0,2026-06-24 16:04:24
138,234,view,1.0,2026-06-25 13:28:53
138,62,view,1.0,2026-06-29 12:34:57
138,222,view,1.0,2026-06-30 01:39:19
138,276,purchase,4.0,2026-07-04 18:30:20
138,97,like,2.0,2026-07-20 01:05:55
138,397,purchase,4.0,2026-07-20 21:44:44
138,79,like,2.0,2026-07-24 03:36:34
138,1,view,1.0,2026-07-31 21:03:27
138,260,view,1.0,2026-08-04 15:49:49
138,350,view,1.0,2026-08-09 16:55:13
138,214,view,1.0,2026-08-11 20:17:19
138,30,purchase,4.0,2026-08-12 16:40:30
138,381,like,2.0,2026-08-14 05:32:38
138,223,like,2.0,2026-08-16 01:59:40
138,366,view,1.0,2026-08-18 11:30:17
138,39,like,2.0,2026-08-20 23:46:01
138,210,view,1.0,2026-08-21 05:10:22
138,258,view,1.0,2026-08-26 15:02:58
138,203,view,1.0,2026-09-03 02:46:25
138,382,purchase,4.0,2026-09-03 05:38:58
138,92,like,2.0,2026-09-05 12:11:10
138,399,like,2.0,2026-09-09 07:59:17
138,4,view,1.0,2026-09-10 14:06:42
138,65,purchase,4.0,2026-09-10 14:58:11
138,33,like,2.0,2026-09-11 06:04:42
138,158,view,1.0,2026-09-12 06:50:47
138,336,view,1.0,2026-09-16 17:06:06
138,322,like,2.0,2026-09-22 10:46:49
138,294,view,1.0,2026-09-22 15:20:10
138,5,view,1.0,2026-09-22 21:37:10
138,147,view,1.0,2026-09-27 21:39:02
139,317,like,2.0,2026-04-05 09:38:56
139,122,purchase,4.0,2026-04-10 21:26:11
139,322,purchase,4.0,2026-04-10 23:32:35
139,345,view,1.0,2026-04-20 09:47:17
139,350,purchase,4.0,2026-04-20 17:37:43
139,291,view,1.0,2026-04-21 02:00:02
139,61,like,2.0,2026-04-28 03:57:40
139,13,like,2.0,2026-05-13 09:26:26
139,143,like,2.0,2026-05-13 14:51:20
139,206,purchase,4.0,2026-05-13 16:20:38
139,127,view,1.0,2026-05-26 08:26:22
139,304,view,1.0,2026-05-27 06:57:43
139,294,view,1.0,2026-06-07 04:51:02
139,391,purchase,4.0,2026-06-12 14:07:04
139,164,purchase,4.0,2026-06-14 18:57:46
139,315,purchase,4.0,2026-06-19 06:36:56
139,394,view,1.0,2026-06-24 12:10:10
139,313,like,2.0,2026-07-03 04:31:05
139,4,view,1.0,2026-07-03 18:08:42
139,390,view,1.0,2026-07-04 15:07:33
139,288,view,1.0,2026-07-08 21:17:37
139,327,view,1.0,2026-07-11 23:26:23
139,301,purchase,4.0,2026-07-26 13:39:47
139,369,like,2.0,2026-08-30 12:20:20
139,367,purchase,4.0,2026-08-30 20:35:11
139,150,view,1.0,2026-09-17 18:58:55
139,9,view,1.0,2026-09-18 18:49:45
139,172,like,2.0,2026-09-19 04:09:26
139,319,view,1.0,2026-09-21 01:06:39
139,330,like,2.0,2026-09-23 07:49:59
140,25,view,1.0,2026-04-17 14:48:06
140,140,like,2.0,2026-05-02 10:40:20
140,8,like,2.0,2026-05-06 00:26:33
140,293,view,1.0,2026-05-09 23:08:34
140,34,like,2.0,2026-05-12 10:10:54
140,129,view,1.0,2026-05-18 21:33:46
140,314,purchase,4.0,2026-05-20 03:58:45
140,306,view,1.0,2026-05-27 18:37:05
140,262,purchase,4.0,2026-05-28 09:01:59
140,281,view,1.0,2026-06-30 08:49:19
140,267,purchase,4.0,2026-07-07 07:29:11
140,134,view,1.0,2026-07-09 23:58:47
140,14,like,2.0,2026-07-12 02:26:33
140,169,like,2.0,2026-07-14 17:19:42
140,23,like,2.0,2026-07-28 08:21:19
140,179,view,1.0,2026-08-05 00:54:54
140,175,purchase,4.0,2026-08-05 06:25:38
140,73,like,2.0,2026-08-05 13:45:18
140,317,like,2.0,2026-08-09 06:25:37
140,285,view,1.0,2026-08-13 21:58:21
140,215,view,1.0,2026-09-06 09:37:44
140,380,like,2.0,2026-09-07 07:28:54
140,106,view,1.0,2026-09-23 07:12:18
141,178,purchase,4.0,2026-04-08 18:35:26
141,348,purchase,4.0,2026-04-10 23:34:55
141,12,purchase,4.0,2026-04-13 22:50:36
141,357,purchase,4.0,2026-04-24 03:14:23
141,200,like,2.0,2026-04-25 22:11:05
141,141,like,2.0,2026-05-02 22:42:18
141,374,view,1.0,2026-05-03 20:50:54
141,137,purchase,4.0,2026-05-06 17:09:05
141,394,view,1.0,2026-05-07 11:05:08
141,382,purchase,4.0,2026-05-19 18:09:29
141,106,view,1.0,2026-05-21 11:14:40
141,138,view,1.0,2026-05-27 23:53:56
141,345,view,1.0,2026-05-29 05:59:42
141,72,purchase,4.0,2026-05-30 09:05:49
141,294,view,1.0,2026-05-31 07:16:49
141,48,view,1.0,2026-06-08 01:07:37
141,76,view,1.0,2026-06-09 13:31:38
141,207,view,1.0,2026-06-15 03:14:31
141,303,like,2.0,2026-06-17 05:04:25
141,299,purchase,4.0,2026-06-20 18:32:55
141,237,like,2.0,2026-06-22 22:06:20
141,107,view,1.0,2026-06-25 01:53:19
141,162,view,1.0,2026-06-27 12:13:39
141,96,view,1.0,2026-06-29 15:53:10
141,109,view,1.0,2026-07-14 03:37:19
141,129,like,2.0,2026-07-19 21:41:40
141,233,purchase,4.0,2026-07-26 06:09:09
141,77,view,1.0,2026-07-27 07:34:09
141,279,view,1.0,2026-07-30 00:37:16
141,9,view,1.0,2026-07-31 15:07:52
141,391,view,1.0,2026-08-02 07:36:10
141,4,view,1.0,2026-08-03 08:30:25
141,362,view,1.0,2026-08-05 21:45:27
141,347,view,1.0,2026-08-13 01:15:27
141,170,view,1.0,2026-08-13 08:10:37
141,269,purchase,4.0,2026-08-15 01:19:32
141,156,view,1.0,2026-08-17 22:42:13
141,217,like,2.0,2026-08-20 16:08:09
141,128,view,1.0,2026-08-24 17:29:44
141,32,like,2.0,2026-08-26 12:08:26
141,314,view,1.0,2026-09-13 07:41:50
141,136,view,1.0,2026-09-13 15:51:47
141,392,view,1.0,2026-09-24 17:17:58
142,171,purchase,4.0,2026-04-05 19:41:37
142,303,view,1.0,2026-04-21 10:31:23
142,165,like,2.0,2026-05-01 14:58:49
142,37,view,1.0,2026-05-02 23:16:44
142,17,purchase,4.0,2026-05-08 06:05:17
142,78,view,1.0,2026-05-20 22:52:58
142,293,view,1.0,2026-05-21 04:54:05
142,145,view,1.0,2026-06-04 07:51:53
142,182,view,1.0,2026-06-07 20:26:19
142,248,view,1.0,2026-07-02 00:01:27
142,339,view,1.0,2026-07-15 11:49:18
142,249,view,1.0,2026-08-04 13:43:29
142,396,like,2.0,2026-08-23 18:40:04
142,5,view,1.0,2026-09-15 02:54:03
143,83,view,1.0,2026-04-06 20:11:29
143,367,like,2.0,2026-04-13 22:26:35
143,93,purchase,4.0,2026-05-08 04:43:26
143,74,view,1.0,2026-06-30 05:15:00
143,398,view,1.0,2026-07-09 04:22:43
143,36,view,1.0,2026-08-29 21:28:37
143,220,view,1.0,2026-09-23 04:49:03
144,304,purchase,4.0,2026-04-04 11:27:19
144,114,view,1.0,2026-04-04 18:00:27
144,332,like,2.0,2026-04-12 06:12:13
144,200,view,1.0,2026-04-15 07:55:48
144,100,purchase,4.0,2026-04-30 05:28:00
144,147,like,2.0,2026-05-12 10:02:17
144,112,view,1.0,2026-05-25 01:33:32
144,175,like,2.0,2026-05-25 02:36:07
144,314,like,2.0,2026-06-04 21:15:28
144,183,view,1.0,2026-06-08 09:51:47
144,99,view,1.0,2026-06-23 00:16:19
144,35,purchase,4.0,2026-06-29 00:46:55
144,343,view,1.0,2026-07-04 10:36:29
144,152,view,1.0,2026-07-06 09:59:09
144,169,view,1.0,2026-07-07 18:33:46
144,310,like,2.0,2026-07-13 07:43:13
144,341,like,2.0,2026-07-26 15:29:54
144,194,view,1.0,2026-07-27 23:54:18
144,254,view,1.0,2026-08-03 18:56:23
144,88,like,2.0,2026-08-24 08:08:05
144,386,view,1.0,2026-08-26 16:19:50
144,220,like,2.0,2026-09-01 01:01:05
144,293,like,2.0,2026-09-07 04:22:59
144,47,view,1.0,2026-09-27 04:09:56
145,391,purchase,4.0,2026-04-05 16:39:33
145,266,view,1.0,2026-04-13 18:23:26
145,118,view,1.0,2026-04-25 13:43:28
145,153,view,1.0,2026-05-01 06:11:44
145,39,view,1.0,2026-05-03 12:35:36
145,380,like,2.0,2026-05-09 08:26:03
145,50,view,1.0,2026-05-16 09:16:39
145,216,view,1.0,2026-05-31 06:40:41
145,156,view,1.0,2026-06-02 11:08:31
145,52,view,1.0,2026-07-09 07:38:12
145,110,like,2.0,2026-07-27 10:41:05
145,259,purchase,4.0,2026-07-29 16:44:46
145,13,view,1.0,2026-08-02 12:34:08
145,375,like,2.0,2026-08-07 21:44:59
145,37,view,1.0,2026-08-08 09:47:13
145,358,view,1.0,2026-08-11 08:56:30
145,120,view,1.0,2026-08-14 17:09:39
145,31,view,1.0,2026-08-24 08:29:32
145,114,view,1.0,2026-08-24 12:30:41
145,334,view,1.0,2026-08-26 20:18:21
145,269,view,1.0,2026-08-28 09:50:42
145,97,view,1.0,2026-09-11 04:10:39
145,294,view,1.0,2026-09-26 10:02:40
146,265,like,2.0,2026-04-06 17:26:12
146,37,purchase,4.0,2026-04-14 07:02:30
146,375,like,2.0,2026-04-15 19:25:19
146,123,view,1.0,2026-05-05 18:52:20
146,91,view,1.0,2026-05-14 22:13:37
146,320,like,2.0,2026-05-19 13:09:20
146,94,view,1.0,2026-05-28 21:09:46
146,398,view,1.0,2026-05-31 21:01:43
146,166,purchase,4.0,2026-06-01 19:22:00
146,112,view,1.0,2026-06-13 14:36:52
146,30,view,1.0,2026-06-19 09:59:46
146,17,view,1.0,2026-06-28 23:16:33
146,41,view,1.0,2026-08-26 15:53:40
146,4,view,1.0,2026-09-18 21:26:47
147,158,view,1.0,2026-04-09 02:22:12
147,359,view,1.0,2026-04-13 04:29:30
147,216,view,1.0,2026-04-16 00:29:28
147,126,purchase,4.0,2026-04-24 15:21:24
147,5,view,1.0,2026-04-28 13:37:39
147,230,view,1.0,2026-05-05 05:56:14
147,212,view,1.0,2026-05-06 18:59:43
147,334,like,2.0,2026-05-25 21:48:31
147,73,view,1.0,2026-06-02 00:49:27
147,337,view,1.0,2026-06-04 19:34:52
147,6,view,1.0,2026-06-06 15:10:17
147,231,like,2.0,2026-06-07 07:12:29
147,153,view,1.0,2026-06-12 12:09:03
147,128,view,1.0,2026-07-01 09:05:31
147,165,like,2.0,2026-07-16 20:37:47
147,91,like,2.0,2026-07-21 11:34:03
147,72,like,2.0,2026-08-05 09:22:57
147,330,view,1.0,2026-08-07 18:00:12
147,92,like,2.0,2026-08-10 15:17:52
147,293,view,1.0,2026-08-16 21:53:35
147,279,view,1.0,2026-08-20 18:55:00
147,12,like,2.0,2026-08-26 15:42:19
147,357,purchase,4.0,2026-08-30 18:03:38
147,319,view,1.0,2026-09-10 18:50:02
147,324,view,1.0,2026-09-28 19:24:19
148,262,view,1.0,2026-05-07 00:25:04
148,56,like,2.0,2026-05-07 16:38:21
148,334,purchase,4.0,2026-05-17 11:05:26
148,268,like,2.0,2026-05-23 02:45:42
148,385,view,1.0,2026-06-02 11:04:40
148,283,purchase,4.0,2026-06-08 03:50:51
148,4,view,1.0,2026-06-17 07:21:30
148,209,view,1.0,2026-06-29 16:39:43
148,370,view,1.0,2026-07-03 08:03:37
148,82,view,1.0,2026-07-12 01:29:54
148,18,purchase,4.0,2026-07-18 10:29:47
148,291,view,1.0,2026-07-28 03:35:46
148,204,like,2.0,2026-08-02 01:30:51
148,5,view,1.0,2026-08-06 05:11:39
148,103,view,1.0,2026-08-08 23:29:51
148,118,like,2.0,2026-08-26 04:31:40
148,190,like,2.0,2026-08-31 22:53:09
149,371,view,1.0,2026-04-06 22:44:16
149,314,view,1.0,2026-04-20 16:28:03
149,335,purchase,4.0,2026-04-22 07:53:37
149,337,purchase,4.0,2026-04-22 14:59:55
149,33,like,2.0,2026-05-02 00:13:53
149,279,view,1.0,2026-05-07 09:44:23
149,280,purchase,4.0,2026-05-21 00:16:55
149,96,view,1.0,2026-05-29 19:31:15
149,193,like,2.0,2026-06-02 15:46:53
149,256,like,2.0,2026-06-04 09:41:02
149,355,view,1.0,2026-06-05 07:47:24
149,42,like,2.0,2026-06-06 10:57:09
149,369,view,1.0,2026-06-15 14:53:54
149,2,view,1.0,2026-06-21 05:48:20
149,95,view,1.0,2026-06-21 18:56:09
149,272,view,1.0,2026-07-14 16:08:46
149,137,like,2.0,2026-08-31 17:57:18
149,20,view,1.0,2026-09-02 09:06:04
149,306,view,1.0,2026-09-04 16:34:05
149,5,view,1.0,2026-09-14 03:21:11
149,172,like,2.0,2026-09-15 14:02:00
149,383,purchase,4.0,2026-09-15 21:49:16
150,4,like,2.0,2026-05-05 10:40:05
150,112,purchase,4.0,2026-05-12 22:57:58
150,236,purchase,4.0,2026-05-23 02:16:58
150,389,like,2.0,2026-05-25 19:43:45
150,70,like,2.0,2026-05-31 23:27:18
150,9,view,1.0,2026-06-05 14:46:02
150,108,like,2.0,2026-07-25 01:12:58
150,58,view,1.0,2026-08-08 21:44:54
150,286,purchase,4.0,2026-08-11 06:31:32
150,394,view,1.0,2026-08-27 18:27:20
150,354,view,1.0,2026-09-04 05:37:50
150,198,view,1.0,2026-09-28 21:03:51
150,381,view,1.0,2026-09-29 10:38:04
151,38,like,2.0,2026-04-04 03:30:39
151,221,view,1.0,2026-04-04 19:19:28
151,373,view,1.0,2026-04-08 08:38:10
151,293,view,1.0,2026-04-12 12:52:10
151,239,purchase,4.0,2026-04-15 01:16:49
151,322,like,2.0,2026-04-15 09:44:24
151,101,view,1.0,2026-04-16 22:32:17
151,258,view,1.0,2026-04-25 02:28:09
151,339,view,1.0,2026-05-27 07:59:25
151,200,view,1.0,2026-06-02 08:13:26
151,78,view,1.0,2026-06-17 01:01:18
151,210,view,1.0,2026-06-17 10:56:11
151,226,view,1.0,2026-07-05 03:55:25
151,150,purchase,4.0,2026-07-07 02:46:07
151,276,view,1.0,2026-07-16 05:45:52
151,163,view,1.0,2026-08-04 11:11:01
151,358,purchase,4.0,2026-08-11 09:30:08
151,320,view,1.0,2026-08-23 20:24:46
151,323,view,1.0,2026-09-14 01:24:18
151,202,view,1.0,2026-09-18 08:36:00
151,73,purchase,4.0,2026-09-20 22:28:45
152,288,like,2.0,2026-04-09 09:33:12
152,44,view,1.0,2026-05-01 19:23:17
152,47,purchase,4.0,2026-05-14 23:06:35
152,169,view,1.0,2026-06-04 23:04:15
152,2,view,1.0,2026-06-11 17:23:17
152,304,purchase,4.0,2026-07-04 19:38:29
152,220,view,1.0,2026-07-16 06:30:57
152,32,view,1.0,2026-07-17 15:40:10
152,222,view,1.0,2026-07-23 22:03:09
152,18,view,1.0,2026-07-24 04:16:27
152,29,view,1.0,2026-08-09 16:39:26
152,195,like,2.0,2026-08-18 16:05:38
152,203,view,1.0,2026-09-12 08:39:44
152,138,view,1.0,2026-09-17 12:34:21
153,342,like,2.0,2026-04-06 21:25:15
153,158,like,2.0,2026-04-17 19:42:28
153,326,like,2.0,2026-04-23 01:01:43
153,18,view,1.0,2026-05-14 04:05:39
153,82,view,1.0,2026-06-07 14:53:43
153,68,view,1.0,2026-06-20 02:46:42
153,209,view,1.0,2026-06-20 15:13:51
153,30,view,1.0,2026-08-03 12:08:24
153,144,like,2.0,2026-08-12 03:40:27
153,399,like,2.0,2026-08-12 08:29:20
153,317,view,1.0,2026-08-23 16:46:14
153,310,view,1.0,2026-09-17 03:30:28
153,52,view,1.0,2026-09-25 13:19:32
154,355,view,1.0,2026-05-12 21:23:46
154,96,like,2.0,2026-06-12 11:02:51
154,399,view,1.0,2026-06-14 04:43:06
154,146,view,1.0,2026-07-15 05:40:04
154,36,view,1.0,2026-09-13 03:02:25
154,112,view,1.0,2026-09-15 00:47:08
155,4,view,1.0,2026-04-03 00:04:59
155,283,like,2.0,2026-04-07 04:53:43
155,324,view,1.0,2026-04-07 21:38:51
155,171,view,1.0,2026-04-15 20:02:45
155,3,view,1.0,2026-04-20 00:13:39
155,286,like,2.0,2026-04-27 09:19:54
155,136,view,1.0,2026-05-20 16:21:18
155,58,purchase,4.0,2026-05-31 21:22:33
155,317,view,1.0,2026-06-03 19:43:49
155,71,view,1.0,2026-06-04 08:51:25
155,204,purchase,4.0,2026-06-17 01:26:28
155,389,like,2.0,2026-06-20 18:02:12
155,314,view,1.0,2026-06-22 20:26:11
155,230,view,1.0,2026-06-27 13:54:20
155,221,view,1.0,2026-06-27 19:35:21
155,62,purchase,4.0,2026-07-03 03:27:04
155,185,view,1.0,2026-07-07 04:12:11
155,53,purchase,4.0,2026-07-10 08:10:47
155,18,view,1.0,2026-07-16 05:37:28
155,32,view,1.0,2026-08-27 16:49:44
155,253,like,2.0,2026-08-28 02:30:49
155,72,like,2.0,2026-08-30 03:54:17
155,57,view,1.0,2026-09-04 11:29:18
155,354,view,1.0,2026-09-08 06:07:58
155,39,like,2.0,2026-09-08 16:41:24
155,298,like,2.0,2026-09-24 22:10:15
156,350,purchase,4.0,2026-04-03 15:25:00
156,194,view,1.0,2026-04-04 00:54:17
156,283,purchase,4.0,2026-04-10 18:49:25
156,214,like,2.0,2026-04-16 02:44:16
156,342,view,1.0,2026-05-01 03:58:33
156,211,view,1.0,2026-05-07 03:11:47
156,21,purchase,4.0,2026-05-11 06:12:17
156,74,like,2.0,2026-05-14 07:36:09
156,4,purchase,4.0,2026-05-23 00:29:45
156,340,like,2.0,2026-05-26 08:38:59
156,314,view,1.0,2026-05-27 08:33:05
156,295,view,1.0,2026-05-30 20:22:40
156,398,purchase,4.0,2026-06-04 16:32:26
156,279,like,2.0,2026-06-08 22:01:42
156,99,view,1.0,2026-06-09 05:57:32
156,30,view,1.0,2026-06-13 04:56:53
156,251,view,1.0,2026-06-20 17:10:49
156,319,like,2.0,2026-06-21 00:47:21
156,235,purchase,4.0,2026-06-21 21:04:47
156,121,view,1.0,2026-06-27 10:43:10
156,296,view,1.0,2026-06-28 17:42:41
156,186,view,1.0,2026-07-01 00:09:00
156,111,purchase,4.0,2026-07-09 22:44:43
156,344,purchase,4.0,2026-07-10 16:50:50
156,240,like,2.0,2026-07-16 15:54:17
156,129,like,2.0,2026-07-19 18:09:40
156,171,view,1.0,2026-07-20 12:14:52
156,60,view,1.0,2026-07-21 09:58:12
156,255,like,2.0,2026-08-08 17:06:07
156,286,purchase,4.0,2026-08-09 02:35:34
156,1,view,1.0,2026-08-12 14:32:00
156,224,purchase,4.0,2026-08-13 00:01:46
156,241,like,2.0,2026-08-16 08:44:18
156,132,view,1.0,2026-08-20 02:15:45
156,133,purchase,4.0,2026-08-28 15:26:15
156,127,purchase,4.0,2026-08-28 22:27:51
156,183,view,1.0,2026-09-01 07:42:11
156,335,view,1.0,2026-09-02 06:36:13
156,200,view,1.0,2026-09-05 07:17:44
156,150,view,1.0,2026-09-15 01:03:59
156,294,view,1.0,2026-09-18 01:24:33
156,225,view,1.0,2026-09-19 16:32:46
156,322,like,2.0,2026-09-25 03:14:19
156,368,view,1.0,2026-09-25 08:40:13
156,206,view,1.0,2026-09-29 11:01:33
157,15,view,1.0,2026-04-07 20:25:00
157,279,purchase,4.0,2026-04-11 18:54:24
157,281,view,1.0,2026-04-23 05:02:51
157,385,view,1.0,2026-05-09 15:10:53
157,103,like,2.0,2026-05-13 04:36:43
157,328,view,1.0,2026-05-23 14:34:25
157,357,like,2.0,2026-06-04 23:39:22
157,142,like,2.0,2026-06-07 01:27:47
157,60,view,1.0,2026-06-10 12:17:43
157,345,view,1.0,2026-06-14 11:32:46
157,50,view,1.0,2026-06-26 22:53:40
157,258,purchase,4.0,2026-06-30 10:51:44
157,396,view,1.0,2026-07-03 16:45:15
157,367,view,1.0,2026-07-06 20:41:52
157,273,view,1.0,2026-07-13 09:01:58
157,333,view,1.0,2026-07-13 13:31:54
157,45,like,2.0,2026-07-17 16:46:05
157,206,view,1.0,2026-07-18 22:21:44
157,212,like,2.0,2026-07-27 19:43:38
157,324,view,1.0,2026-07-29 12:45:09
157,111,view,1.0,2026-08-03 11:53:12
157,41,view,1.0,2026-08-16 22:17:02
157,202,view,1.0,2026-08-18 16:17:33
157,355,view,1.0,2026-08-22 05:16:27
157,198,like,2.0,2026-08-27 01:54:49
157,210,like,2.0,2026-08-27 21:38:20
157,276,purchase,4.0,2026-08-31 05:00:44
157,92,like,2.0,2026-09-06 16:47:39
157,112,view,1.0,2026-09-08 06:21:05
157,369,view,1.0,2026-09-14 21:36:40
157,81,view,1.0,2026-09-18 17:41:30
157,268,purchase,4.0,2026-09-26 16:45:35
157,48,like,2.0,2026-09-28 16:16:01
158,44,view,1.0,2026-05-15 16:35:37
158,271,view,1.0,2026-06-15 11:21:06
158,298,view,1.0,2026-07-14 09:33:47
158,219,view,1.0,2026-07-24 04:01:35
158,355,like,2.0,2026-08-14 11:17:37
158,390,purchase,4.0,2026-09-11 04:57:40
158,13,like,2.0,2026-09-19 05:51:21
158,252,view,1.0,2026-09-20 18:48:13
159,156,view,1.0,2026-05-13 22:41:46
159,92,view,1.0,2026-06-23 03:44:45
159,215,like,2.0,2026-07-04 21:49:13
159,147,like,2.0,2026-07-13 00:21:02
159,74,purchase,4.0,2026-07-28 06:45:00
159,4,view,1.0,2026-08-09 05:00:58
159,128,view,1.0,2026-09-17 06:10:59
160,223,purchase,4.0,2026-04-25 18:12:56
160,14,view,1.0,2026-05-01 06:14:40
160,23,like,2.0,2026-05-01 13:05:51
160,31,like,2.0,2026-05-05 23:59:53
160,297,view,1.0,2026-05-20 08:28:09
160,84,view,1.0,2026-05-23 07:43:03
160,73,view,1.0,2026-05-25 19:08:49
160,5,view,1.0,2026-05-29 02:31:43
160,11,like,2.0,2026-06-13 21:35:47
160,150,like,2.0,2026-06-21 02:46:12
160,209,like,2.0,2026-07-02 13:08:08
160,222,view,1.0,2026-07-04 19:51:57
160,171,like,2.0,2026-07-10 17:02:56
160,306,like,2.0,2026-07-17 23:48:36
160,109,like,2.0,2026-08-06 05:44:16
160,87,view,1.0,2026-08-10 11:51:15
160,342,like,2.0,2026-08-13 18:32:52
160,279,view,1.0,2026-08-15 02:45:10
160,181,purchase,4.0,2026-09-02 16:32:08
160,101,view,1.0,2026-09-05 07:22:35
160,52,purchase,4.0,2026-09-08 19:10:32
160,18,like,2.0,2026-09-11 16:26:25
160,341,view,1.0,2026-09-13 22:21:52
160,226,view,1.0,2026-09-15 20:18:52
160,29,view,1.0,2026-09-26 09:38:58
161,150,view,1.0,2026-05-10 17:49:12
161,315,purchase,4.0,2026-05-13 15:25:47
161,52,view,1.0,2026-05-24 01:51:51
161,320,view,1.0,2026-06-13 03:21:52
161,386,like,2.0,2026-06-15 10:27:11
161,343,purchase,4.0,2026-06-20 06:46:09
161,295,view,1.0,2026-07-25 02:06:09
161,272,like,2.0,2026-07-28 13:01:15
161,206,view,1.0,2026-09-05 19:37:24
162,92,view,1.0,2026-04-13 14:31:10
162,12,view,1.0,2026-05-04 05:36:31
162,315,purchase,4.0,2026-06-12 00:08:20
162,222,view,1.0,2026-06-20 10:24:00
162,353,like,2.0,2026-06-22 17:22:24
162,389,view,1.0,2026-06-23 16:27:35
162,232,purchase,4.0,2026-06-29 02:52:23
162,93,view,1.0,2026-06-30 22:45:37
162,32,view,1.0,2026-08-03 23:46:38
162,357,like,2.0,2026-08-16 20:30:10
162,96,like,2.0,2026-08-17 01:59:06
162,359,like,2.0,2026-09-20 08:06:24
162,237,like,2.0,2026-09-21 03:34:13
162,226,purchase,4.0,2026-09-23 09:14:11
163,172,view,1.0,2026-04-17 07:00:59
163,164,view,1.0,2026-05-28 14:04:32
163,275,view,1.0,2026-06-18 12:26:08
163,169,view,1.0,2026-08-06 06:51:19
163,35,view,1.0,2026-09-03 08:53:51
164,73,like,2.0,2026-04-03 08:20:41
164,252,purchase,4.0,2026-05-19 09:44:14
164,350,like,2.0,2026-06-14 03:17:24
164,320,view,1.0,2026-07-05 06:46:01
164,52,view,1.0,2026-07-18 09:40:11
164,171,view,1.0,2026-07-29 22:50:02
165,387,view,1.0,2026-04-12 18:58:24
165,204,view,1.0,2026-04-17 21:45:29
165,24,view,1.0,2026-04-23 08:40:50
165,331,view,1.0,2026-04-26 13:05:34
165,268,view,1.0,2026-04-30 01:06:13
165,143,view,1.0,2026-05-16 17:56:09
165,394,like,2.0,2026-05-18 17:06:43
165,123,view,1.0,2026-05-20 09:32:34
165,371,view,1.0,2026-06-16 15:10:10
165,241,like,2.0,2026-06-20 00:51:27
165,4,purchase,4.0,2026-06-30 03:17:45
165,351,view,1.0,2026-07-12 08:42:42
165,313,view,1.0,2026-07-22 11:50:33
165,270,view,1.0,2026-08-03 07:26:14
165,255,view,1.0,2026-08-12 03:41:20
165,76,view,1.0,2026-08-27 01:24:53
165,75,like,2.0,2026-08-31 22:55:58
165,53,view,1.0,2026-09-20 15:07:08
165,122,view,1.0,2026-09-27 00:21:40
165,228,like,2.0,2026-09-28 14:55:42
166,330,purchase,4.0,2026-04-13 22:44:57
166,258,purchase,4.0,2026-04-18 14:39:55
166,200,view,1.0,2026-04-22 14:30:28
166,102,like,2.0,2026-05-05 02:47:56
166,194,like,2.0,2026-05-09 14:03:16
166,301,view,1.0,2026-05-13 01:45:07
166,35,purchase,4.0,2026-05-15 21:39:14
166,397,view,1.0,2026-05-18 03:25:11
166,328,view,1.0,2026-06-01 23:10:11
166,124,view,1.0,2026-06-02 20:02:19
166,337,like,2.0,2026-06-03 16:30:46
166,251,view,1.0,2026-06-17 14:20:55
166,250,view,1.0,2026-07-06 13:03:03
166,67,view,1.0,2026-07-20 18:24:43
166,356,purchase,4.0,2026-07-29 12:56:58
166,175,view,1.0,2026-08-03 11:43:50
166,308,view,1.0,2026-08-04 21:03:09
166,122,view,1.0,2026-08-21 13:46:50
166,123,view,1.0,2026-08-22 09:23:33
166,388,view,1.0,2026-08-30 17:50:49
166,25,view,1.0,2026-09-03 09:24:14
166,320,view,1.0,2026-09-05 04:15:21
166,101,purchase,4.0,2026-09-12 09:01:25
166,345,view,1.0,2026-09-17 13:34:21
166,362,purchase,4.0,2026-09-18 17:52:39
166,31,view,1.0,2026-09-20 09:51:13
166,220,view,1.0,2026-09-26 16:11:02
167,84,purchase,4.0,2026-04-05 13:48:01
167,345,view,1.0,2026-04-08 15:09:26
167,222,purchase,4.0,2026-05-14 23:39:30
167,200,like,2.0,2026-06-02 22:49:52
167,220,purchase,4.0,2026-06-21 18:25:44
167,37,view,1.0,2026-06-24 03:20:27
167,294,view,1.0,2026-07-08 08:40:40
167,30,like,2.0,2026-08-25 18:17:46
167,85,view,1.0,2026-09-10 12:44:37
167,91,view,1.0,2026-09-18 12:00:02
168,296,view,1.0,2026-04-03 15:19:22
168,337,like,2.0,2026-04-06 14:47:51
168,222,like,2.0,2026-04-09 11:19:04
168,344,like,2.0,2026-04-13 16:57:22
168,48,view,1.0,2026-04-20 02:40:52
168,283,view,1.0,2026-04-23 08:47:19
168,234,like,2.0,2026-04-30 10:30:21
168,24,view,1.0,2026-04-30 19:35:07
168,115,purchase,4.0,2026-04-30 19:40:12
168,92,purchase,4.0,2026-05-02 09:21:10
168,160,view,1.0,2026-05-07 22:06:52
168,87,view,1.0,2026-05-08 21:15:06
168,114,purchase,4.0,2026-05-09 16:21:08
168,60,view,1.0,2026-05-12 16:14:09
168,101,purchase,4.0,2026-05-16 15:33:58
168,122,like,2.0,2026-05-16 18:39:39
168,170,like,2.0,2026-05-20 11:49:34
168,13,like,2.0,2026-05-23 15:18:41
168,399,view,1.0,2026-05-26 21:39:02
168,118,like,2.0,2026-05-28 04:39:59
168,216,view,1.0,2026-05-29 14:17:31
168,172,like,2.0,2026-05-30 14:11:52
168,102,purchase,4.0,2026-06-04 09:11:06
168,217,like,2.0,2026-06-05 15:12:12
168,186,purchase,4.0,2026-06-08 18:55:57
168,164,view,1.0,2026-06-08 19:30:31
168,394,like,2.0,2026-06-13 09:26:07
168,398,like,2.0,2026-06-16 07:31:57
168,30,view,1.0,2026-06-19 06:17:48
168,388,view,1.0,2026-06-19 22:51:41
168,371,view,1.0,2026-06-22 08:37:17
168,84,view,1.0,2026-07-03 02:34:44
168,65,view,1.0,2026-07-15 08:32:38
168,319,view,1.0,2026-07-18 20:51:46
168,190,view,1.0,2026-07-21 23:14:25
168,126,like,2.0,2026-07-30 07:27:08
168,352,purchase,4.0,2026-07-31 06:47:09
168,163,purchase,4.0,2026-08-01 20:33:10
168,259,view,1.0,2026-08-02 14:18:03
168,235,like,2.0,2026-08-02 21:13:17
168,264,view,1.0,2026-08-05 06:09:38
168,321,view,1.0,2026-08-07 23:41:09
168,39,purchase,4.0,2026-08-08 07:32:10
168,1,like,2.0,2026-08-15 12:40:14
168,14,view,1.0,2026-08-18 17:47:58
168,275,view,1.0,2026-08-21 23:45:27
168,367,view,1.0,2026-08-28 09:17:50
168,143,view,1.0,2026-09-03 18:46:12
168,309,view,1.0,2026-09-05 08:56:41
168,287,like,2.0,2026-09-07 13:10:47
168,390,purchase,4.0,2026-09-13 12:47:39
168,199,like,2.0,2026-09-15 10:30:58
168,62,like,2.0,2026-09-22 19:52:27
169,118,like,2.0,2026-04-04 20:49:26
169,337,view,1.0,2026-04-05 01:52:49
169,367,like,2.0,2026-04-15 07:25:00
169,385,view,1.0,2026-04-15 22:01:40
169,133,view,1.0,2026-04-20 11:36:48
169,192,like,2.0,2026-04-29 00:23:24
169,327,purchase,4.0,2026-05-02 01:31:21
169,137,like,2.0,2026-05-03 23:52:11
169,164,view,1.0,2026-05-04 02:42:03
169,106,like,2.0,2026-05-13 04:34:45
169,235,view,1.0,2026-05-20 09:55:12
169,271,like,2.0,2026-05-22 00:18:17
169,5,view,1.0,2026-05-25 23:03:27
169,304,purchase,4.0,2026-05-26 07:07:39
169,252,like,2.0,2026-05-27 10:58:43
169,96,view,1.0,2026-06-01 03:31:37
169,381,view,1.0,2026-06-02 14:00:23
169,258,view,1.0,2026-06-07 02:51:41
169,248,view,1.0,2026-06-08 23:58:11
169,261,like,2.0,2026-06-11 13:32:36
169,379,like,2.0,2026-06-13 04:44:55
169,146,view,1.0,2026-06-14 16:54:51
169,128,like,2.0,2026-06-18 10:39:37
169,325,view,1.0,2026-06-18 15:26:58
169,50,like,2.0,2026-06-18 18:26:37
169,89,view,1.0,2026-06-19 04:18:54
169,101,view,1.0,2026-06-20 01:09:57
169,124,view,1.0,2026-06-21 08:01:31
169,308,view,1.0,2026-06-27 20:02:00
169,6,like,2.0,2026-07-04 04:17:38
169,305,view,1.0,2026-07-18 02:05:45
169,91,like,2.0,2026-07-25 01:16:00
169,171,like,2.0,2026-08-07 02:30:37
169,43,like,2.0,2026-08-12 20:02:12
169,99,view,1.0,2026-08-17 18:38:48
169,293,view,1.0,2026-08-19 12:22:19
169,218,view,1.0,2026-08-21 07:05:59
169,320,like,2.0,2026-09-02 11:15:48
169,222,purchase,4.0,2026-09-04 01:45:58
169,224,view,1.0,2026-09-11 02:35:35
169,353,view,1.0,2026-09-18 02:14:21
170,394,like,2.0,2026-05-25 11:49:01
170,73,view,1.0,2026-06-11 10:42:55
170,146,view,1.0,2026-06-18 08:29:37
170,357,like,2.0,2026-06-27 17:02:28
170,251,view,1.0,2026-07-02 12:15:56
170,382,like,2.0,2026-08-14 16:33:31
170,244,view,1.0,2026-08-17 16:01:09
170,122,view,1.0,2026-09-04 18:38:21
170,330,view,1.0,2026-09-18 01:14:01
171,261,purchase,4.0,2026-05-22 10:37:48
171,348,view,1.0,2026-05-31 06:54:56
171,165,view,1.0,2026-08-07 07:59:18
171,345,view,1.0,2026-08-08 15:06:59
171,76,view,1.0,2026-08-16 00:33:40
171,84,view,1.0,2026-09-12 09:56:26
171,304,view,1.0,2026-09-13 04:27:35
172,380,view,1.0,2026-05-21 06:45:50
172,230,purchase,4.0,2026-05-21 10:56:25
172,146,like,2.0,2026-05-26 14:39:57
172,233,purchase,4.0,2026-07-26 15:44:43
172,331,view,1.0,2026-08-12 23:04:43
172,87,view,1.0,2026-09-03 20:51:46
172,32,purchase,4.0,2026-09-21 10:39:57
174,252,purchase,4.0,2026-04-05 13:43:47
174,124,like,2.0,2026-04-09 11:27:35
174,62,view,1.0,2026-04-10 14:16:33
174,216,view,1.0,2026-04-16 06:20:46
174,304,like,2.0,2026-04-28 15:57:37
174,336,purchase,4.0,2026-05-04 04:15:11
174,191,like,2.0,2026-05-12 19:20:12
174,288,like,2.0,2026-05-17 19:46:37
174,337,view,1.0,2026-06-14 08:42:57
174,261,like,2.0,2026-06-21 07:55:01
174,209,purchase,4.0,2026-06-29 14:17:34
174,18,like,2.0,2026-07-05 16:32:30
174,126,purchase,4.0,2026-07-12 07:05:35
174,137,like,2.0,2026-07-18 23:54:39
174,166,view,1.0,2026-07-23 04:13:39
174,379,purchase,4.0,2026-07-23 05:05:47
174,91,view,1.0,2026-07-23 19:20:12
174,214,view,1.0,2026-07-25 16:11:25
174,394,view,1.0,2026-07-28 00:23:03
174,245,like,2.0,2026-08-06 10:08:19
174,386,view,1.0,2026-08-29 01:32:40
174,144,view,1.0,2026-08-30 15:21:15
174,9,view,1.0,2026-09-07 01:33:40
174,172,view,1.0,2026-09-15 01:44:56
174,102,like,2.0,2026-09-18 22:29:31
174,332,like,2.0,2026-09-21 05:56:56
174,96,purchase,4.0,2026-09-21 17:21:53
174,5,view,1.0,2026-09-24 06:13:26
174,369,like,2.0,2026-09-29 04:35:28
175,392,view,1.0,2026-04-07 14:52:59
175,388,view,1.0,2026-04-10 03:25:42
175,87,like,2.0,2026-04-10 09:01:19
175,263,view,1.0,2026-04-23 11:34:23
175,271,view,1.0,2026-04-26 01:41:41
175,3,like,2.0,2026-04-28 10:14:36
175,278,view,1.0,2026-05-09 19:03:31
175,84,purchase,4.0,2026-05-10 06:01:19
175,369,like,2.0,2026-05-16 05:34:38
175,355,like,2.0,2026-05-17 02:03:07
175,371,view,1.0,2026-06-16 17:38:24
175,308,view,1.0,2026-06-28 08:06:00
175,62,view,1.0,2026-06-29 08:39:09
175,142,view,1.0,2026-07-04 06:27:34
175,283,view,1.0,2026-07-07 00:45:50
175,129,view,1.0,2026-07-14 20:16:28
175,136,purchase,4.0,2026-07-19 14:14:24
175,64,view,1.0,2026-07-26 18:14:34
175,210,like,2.0,2026-08-01 17:52:12
175,276,like,2.0,2026-08-14 08:08:17
175,259,like,2.0,2026-08-23 21:58:12
175,170,view,1.0,2026-08-27 05:19:30
175,321,view,1.0,2026-08-29 22:13:52
175,265,like,2.0,2026-09-02 11:36:22
175,226,view,1.0,2026-09-04 19:50:36
175,213,view,1.0,2026-09-12 00:51:41
175,13,view,1.0,2026-09-28 16:19:39
175,269,view,1.0,2026-09-29 05:53:02
176,159,like,2.0,2026-04-22 08:23:05
176,145,view,1.0,2026-06-07 03:58:36
176,62,purchase,4.0,2026-07-23 08:07:55
176,126,purchase,4.0,2026-08-23 17:18:24
176,352,like,2.0,2026-09-22 11:51:21
176,40,view,1.0,2026-09-28 20:58:12
177,319,purchase,4.0,2026-04-10 15:52:32
177,31,view,1.0,2026-05-13 17:02:24
177,335,purchase,4.0,2026-06-04 06:07:54
177,13,like,2.0,2026-06-05 10:48:42
177,356,purchase,4.0,2026-06-20 03:43:47
177,394,purchase,4.0,2026-06-22 22:17:00
177,250,view,1.0,2026-06-27 11:40:43
177,320,view,1.0,2026-07-02 14:33:14
177,2,view,1.0,2026-08-02 21:12:10
177,5,like,2.0,2026-08-08 20:21:24
177,171,view,1.0,2026-08-21 06:13:23
177,228,like,2.0,2026-08-22 06:24:49
177,187,view,1.0,2026-09-28 16:08:12
178,155,like,2.0,2026-04-04 21:27:03
178,123,purchase,4.0,2026-04-11 21:15:40
178,306,view,1.0,2026-05-29 08:11:23
178,303,like,2.0,2026-05-31 10:59:16
178,201,view,1.0,2026-06-05 14:08:23
178,4,like,2.0,2026-06-08 05:36:07
178,62,view,1.0,2026-06-09 16:23:47
178,5,view,1.0,2026-06-15 04:28:16
178,344,view,1.0,2026-07-16 22:33:17
178,108,view,1.0,2026-07-25 19:28:24
178,36,like,2.0,2026-07-27 11:26:27
178,128,view,1.0,2026-08-04 08:25:18
178,13,purchase,4.0,2026-08-04 12:42:33
178,395,like,2.0,2026-08-04 17:28:55
178,112,view,1.0,2026-09-01 06:09:12
178,382,view,1.0,2026-09-09 05:29:13
178,283,view,1.0,2026-09-09 14:35:48
178,230,purchase,4.0,2026-09-12 17:20:47
178,195,view,1.0,2026-09-13 09:37:32
179,2,view,1.0,2026-04-03 09:08:56
179,19,purchase,4.0,2026-04-04 08:26:08
179,234,like,2.0,2026-04-10 09:47:14
179,200,like,2.0,2026-04-11 00:12:38
179,113,like,2.0,2026-04-12 13:12:13
179,223,view,1.0,2026-04-14 07:22:03
179,323,purchase,4.0,2026-04-15 14:51:56
179,27,view,1.0,2026-04-16 17:23:51
179,304,like,2.0,2026-04-16 18:05:50
179,258,purchase,4.0,2026-04-19 01:11:50
179,191,view,1.0,2026-04-19 01:21:00
179,18,like,2.0,2026-04-21 06:03:00
179,369,view,1.0,2026-04-23 14:03:19
179,190,view,1.0,2026-04-24 21:20:49
179,158,view,1.0,2026-04-25 16:34:06
179,345,like,2.0,2026-04-27 12:15:13
179,336,view,1.0,2026-04-29 07:34:28
179,297,view,1.0,2026-05-02 14:39:41
179,331,like,2.0,2026-05-02 15:38:25
179,52,purchase,4.0,2026-05-03 08:38:52
179,310,purchase,4.0,2026-05-07 21:20:05
179,138,view,1.0,2026-05-08 18:29:31
179,350,purchase,4.0,2026-05-09 04:09:42
179,149,view,1.0,2026-05-09 08:23:36
179,164,view,1.0,2026-05-13 18:11:11
179,308,purchase,4.0,2026-05-17 07:03:25
179,202,view,1.0,2026-05-18 07:13:11
179,9,view,1.0,2026-05-21 09:53:44
179,70,view,1.0,2026-05-21 13:10:51
179,221,view,1.0,2026-05-24 09:48:01
179,150,view,1.0,2026-05-29 19:43:20
179,279,view,1.0,2026-05-29 21:58:05
179,394,like,2.0,2026-06-02 14:22:46
179,272,like,2.0,2026-06-06 09:34:17
179,165,view,1.0,2026-06-09 14:26:02
179,213,like,2.0,2026-06-11 11:23:29
179,367,purchase,4.0,2026-06-11 17:11:12
179,275,like,2.0,2026-06-18 07:54:29
179,320,like,2.0,2026-06-21 11:50:47
179,129,like,2.0,2026-06-22 02:03:45
179,53,view,1.0,2026-06-22 22:55:17
179,306,like,2.0,2026-06-23 19:39:48
179,355,view,1.0,2026-06-26 00:49:01
179,362,view,1.0,2026-06-28 18:35:04
179,48,view,1.0,2026-07-06 16:14:45
179,43,purchase,4.0,2026-07-08 16:59:51
179,192,purchase,4.0,2026-07-10 01:43:28
179,143,view,1.0,2026-07-10 10:18:27
179,232,view,1.0,2026-07-21 01:50:00
179,210,like,2.0,2026-07-22 14:46:52
179,288,view,1.0,2026-07-22 16:57:21
179,162,view,1.0,2026-07-22 17:52:09
179,296,purchase,4.0,2026-07-24 01:13:04
179,56,view,1.0,2026-07-25 12:24:41
179,252,view,1.0,2026-07-28 14:56:13
179,314,view,1.0,2026-08-01 08:47:27
179,395,purchase,4.0,2026-08-05 15:18:17
179,96,like,2.0,2026-08-08 23:33:47
179,261,like,2.0,2026-08-09 16:51:55
179,281,purchase,4.0,2026-08-10 11:28:40
179,368,like,2.0,2026-08-11 19:42:53
179,160,view,1.0,2026-08-16 02:53:20
179,399,like,2.0,2026-08-16 03:44:28
179,274,purchase,4.0,2026-08-20 13:46:35
179,327,view,1.0,2026-08-22 18:09:55
179,389,purchase,4.0,2026-08-25 08:21:50
179,16,view,1.0,2026-08-26 12:31:40
179,305,view,1.0,2026-08-28 01:10:17
179,137,view,1.0,2026-08-31 12:47:54
179,352,view,1.0,2026-09-02 13:07:25
179,356,view,1.0,2026-09-02 21:35:13
179,328,view,1.0,2026-09-05 01:37:19
179,311,view,1.0,2026-09-05 08:27:17
179,313,view,1.0,2026-09-08 09:17:44
179,100,like,2.0,2026-09-12 20:06:49
179,141,like,2.0,2026-09-15 22:13:04
179,39,view,1.0,2026-09-17 22:40:46
179,332,view,1.0,2026-09-20 04:45:19
179,236,like,2.0,2026-09-28 19:38:48
179,218,purchase,4.0,2026-09-29 03:33:40
180,21,view,1.0,2026-04-18 12:12:17
180,65,view,1.0,2026-04-25 21:08:26
180,391,view,1.0,2026-05-01 04:19:57
180,105,like,2.0,2026-05-12 15:09:58
180,335,view,1.0,2026-05-18 07:32:20
180,4,view,1.0,2026-05-21 14:33:58
180,114,like,2.0,2026-06-14 20:42:01
180,370,view,1.0,2026-06-24 19:07:00
180,106,view,1.0,2026-07-28 05:45:28
180,338,view,1.0,2026-07-30 10:00:13
180,36,view,1.0,2026-08-02 11:59:35
180,5,purchase,4.0,2026-08-02 12:39:42
180,390,view,1.0,2026-09-13 14:59:12
181,211,purchase,4.0,2026-04-05 12:34:15
181,320,view,1.0,2026-04-13 14:58:09
181,59,like,2.0,2026-04-22 06:19:46
181,236,view,1.0,2026-04-26 09:03:39
181,388,view,1.0,2026-04-26 23:21:11
181,399,purchase,4.0,2026-05-12 19:58:39
181,6,view,1.0,2026-05-17 18:38:01
181,395,view,1.0,2026-05-25 18:49:51
181,52,view,1.0,2026-05-26 05:33:20
181,97,view,1.0,2026-06-12 14:41:08
181,232,view,1.0,2026-06-24 14:03:09
181,13,purchase,4.0,2026-07-11 07:27:11
181,92,like,2.0,2026-07-27 10:03:42
181,120,view,1.0,2026-08-06 16:44:12
181,367,view,1.0,2026-08-29 18:53:38
181,222,view,1.0,2026-09-17 05:50:53
181,274,like,2.0,2026-09-19 10:23:36
181,258,view,1.0,2026-09-20 06:05:15
182,311,like,2.0,2026-04-06 06:39:35
182,141,like,2.0,2026-05-09 18:37:40
182,4,view,1.0,2026-06-30 09:10:42
182,360,like,2.0,2026-07-10 07:45:32
182,324,view,1.0,2026-08-19 16:48:16
182,173,view,1.0,2026-09-13 05:18:44
183,135,view,1.0,2026-04-15 17:48:14
183,71,like,2.0,2026-06-16 04:16:36
183,267,view,1.0,2026-06-16 20:55:28
183,371,purchase,4.0,2026-06-20 08:43:54
183,306,view,1.0,2026-07-09 00:13:21
183,314,view,1.0,2026-07-19 19:45:17
183,348,like,2.0,2026-08-08 00:06:16
183,313,view,1.0,2026-08-09 13:40:24
183,222,view,1.0,2026-08-11 08:41:42
184,382,like,2.0,2026-04-08 08:57:43
184,252,like,2.0,2026-05-10 04:11:30
184,206,like,2.0,2026-07-11 05:05:57
184,261,view,1.0,2026-07-14 20:35:06
184,165,like,2.0,2026-07-16 19:52:13
184,132,view,1.0,2026-07-22 14:24:29
184,30,view,1.0,2026-09-15 17:21:34
184,158,view,1.0,2026-09-20 04:16:57
184,319,like,2.0,2026-09-25 12:39:19
185,389,like,2.0,2026-04-30 06:48:27
185,25,like,2.0,2026-05-02 03:07:15
185,47,view,1.0,2026-05-08 11:23:10
185,391,view,1.0,2026-05-24 00:47:53
185,314,view,1.0,2026-06-24 05:00:51
185,306,purchase,4.0,2026-07-13 19:52:01
185,70,view,1.0,2026-07-15 15:13:55
185,203,view,1.0,2026-07-16 23:03:04
185,345,view,1.0,2026-08-04 07:18:10
185,142,view,1.0,2026-08-11 11:51:28
185,80,like,2.0,2026-08-17 00:46:57
185,2,like,2.0,2026-09-04 10:54:34
185,252,like,2.0,2026-09-17 02:37:34
185,131,view,1.0,2026-09-22 21:07:59
185,351,view,1.0,2026-09-23 15:50:12
186,211,like,2.0,2026-04-07 21:05:35
186,11,like,2.0,2026-04-08 22:31:41
186,16,view,1.0,2026-04-10 20:19:30
186,146,view,1.0,2026-04-18 11:33:38
186,355,view,1.0,2026-04-21 16:46:12
186,313,view,1.0,2026-04-22 15:02:23
186,48,view,1.0,2026-04-22 15:04:00
186,202,view,1.0,2026-04-26 23:07:30
186,233,view,1.0,2026-04-28 11:20:17
186,196,like,2.0,2026-04-30 20:43:04
186,259,view,1.0,2026-05-01 10:34:00
186,399,purchase,4.0,2026-05-26 06:10:22
186,41,view,1.0,2026-05-27 14:00:38
186,210,view,1.0,2026-06-06 13:11:23
186,217,view,1.0,2026-06-09 16:10:04
186,73,view,1.0,2026-06-17 04:43:34
186,244,like,2.0,2026-06-19 15:50:52
186,13,purchase,4.0,2026-06-26 03:17:53
186,285,view,1.0,2026-06-27 16:00:41
186,251,like,2.0,2026-06-30 11:43:18
186,125,view,1.0,2026-07-05 19:42:15
186,394,like,2.0,2026-07-18 15:40:58
186,328,purchase,4.0,2026-08-03 18:53:15
186,216,like,2.0,2026-08-06 14:29:26
186,395,view,1.0,2026-08-08 01:28:18
186,60,view,1.0,2026-08-10 00:32:59
186,228,view,1.0,2026-08-10 20:46:21
186,223,view,1.0,2026-08-19 02:23:16
186,250,view,1.0,2026-08-20 18:35:22
186,380,view,1.0,2026-08-24 10:43:33
186,200,view,1.0,2026-08-29 02:04:16
186,30,view,1.0,2026-09-08 08:52:38
186,164,view,1.0,2026-09-14 03:52:04
186,314,view,1.0,2026-09-26 23:53:00
187,25,view,1.0,2026-04-07 03:18:13
187,391,view,1.0,2026-04-14 15:38:59
187,303,like,2.0,2026-04-29 03:47:20
187,385,like,2.0,2026-05-09 09:29:27
187,137,view,1.0,2026-05-31 06:04:57
187,213,view,1.0,2026-06-04 22:31:20
187,129,view,1.0,2026-06-06 22:04:53
187,376,view,1.0,2026-06-08 13:09:30
187,111,view,1.0,2026-06-29 22:00:07
187,279,like,2.0,2026-07-01 01:08:56
187,62,like,2.0,2026-07-03 19:36:00
187,40,view,1.0,2026-07-07 07:37:09
187,60,purchase,4.0,2026-07-25 23:11:15
187,212,view,1.0,2026-07-26 22:16:18
187,356,purchase,4.0,2026-08-07 14:36:35
187,400,view,1.0,2026-08-17 09:28:33
187,248,view,1.0,2026-08-21 09:29:42
187,328,view,1.0,2026-08-31 06:42:48
187,20,like,2.0,2026-09-15 05:47:37
187,343,view,1.0,2026-09-19 10:04:48
187,307,view,1.0,2026-09-26 00:37:01
188,308,like,2.0,2026-04-20 00:20:49
188,214,like,2.0,2026-04-28 14:05:28
188,324,view,1.0,2026-07-05 13:54:07
188,9,view,1.0,2026-07-23 22:24:53
188,132,like,2.0,2026-09-06 05:10:10
188,387,like,2.0,2026-09-06 11:29:51
188,129,like,2.0,2026-09-18 14:12:56
189,283,purchase,4.0,2026-04-27 19:18:55
189,381,purchase,4.0,2026-05-18 18:53:48
189,393,view,1.0,2026-05-21 04:28:23
189,224,purchase,4.0,2026-05-24 16:35:32
189,253,purchase,4.0,2026-05-28 05:44:39
189,278,like,2.0,2026-06-03 06:48:55
189,340,view,1.0,2026-06-05 23:25:32
189,279,view,1.0,2026-06-08 06:55:33
189,33,view,1.0,2026-06-11 02:35:29
189,385,purchase,4.0,2026-06-21 16:05:56
189,356,view,1.0,2026-06-25 18:54:10
189,162,view,1.0,2026-06-26 00:58:01
189,195,view,1.0,2026-06-27 22:55:23
189,321,view,1.0,2026-06-29 04:03:15
189,13,view,1.0,2026-07-04 16:50:21
189,155,purchase,4.0,2026-07-21 17:42:17
189,317,like,2.0,2026-07-23 03:52:09
189,398,purchase,4.0,2026-07-30 01:17:36
189,4,view,1.0,2026-08-01 04:03:24
189,97,like,2.0,2026-08-03 18:18:16
189,187,view,1.0,2026-08-20 06:43:47
189,78,purchase,4.0,2026-08-24 15:39:36
189,222,view,1.0,2026-08-29 06:22:57
189,274,view,1.0,2026-08-30 10:24:47
189,150,like,2.0,2026-08-31 15:09:37
189,129,like,2.0,2026-09-01 00:08:29
189,394,view,1.0,2026-09-28 05:27:19
190,98,like,2.0,2026-04-22 10:00:28
190,333,view,1.0,2026-04-28 11:26:05
190,375,purchase,4.0,2026-05-04 04:29:21
190,324,like,2.0,2026-05-05 03:52:44
190,369,view,1.0,2026-06-26 13:26:51
190,230,like,2.0,2026-07-15 11:15:57
190,325,like,2.0,2026-08-01 05:09:48
190,123,view,1.0,2026-08-03 08:28:50
190,328,view,1.0,2026-09-28 14:44:30
191,26,view,1.0,2026-04-17 00:43:16
191,134,view,1.0,2026-05-02 10:53:39
191,286,view,1.0,2026-05-04 05:23:36
191,58,like,2.0,2026-05-04 15:22:44
191,201,like,2.0,2026-05-27 06:54:47
191,114,view,1.0,2026-05-30 01:51:51
191,19,like,2.0,2026-06-29 12:56:55
191,400,like,2.0,2026-07-17 20:55:33
191,383,view,1.0,2026-07-30 06:17:11
191,296,view,1.0,2026-08-02 21:42:23
191,70,view,1.0,2026-08-19 06:42:30
191,399,like,2.0,2026-08-26 15:14:06
191,263,view,1.0,2026-09-13 07:00:58
191,396,view,1.0,2026-09-23 18:30:16
191,6,purchase,4.0,2026-09-29 22:32:08
192,192,like,2.0,2026-04-10 03:12:32
192,30,view,1.0,2026-04-23 07:37:17
192,293,purchase,4.0,2026-04-28 06:06:19
192,314,purchase,4.0,2026-05-09 04:50:28
192,214,purchase,4.0,2026-06-06 06:34:17
192,358,purchase,4.0,2026-06-29 00:26:10
192,390,like,2.0,2026-07-02 13:49:58
192,171,purchase,4.0,2026-07-11 06:47:30
192,31,view,1.0,2026-07-24 08:00:18
192,83,view,1.0,2026-07-28 02:06:57
192,270,like,2.0,2026-08-01 23:37:59
192,156,like,2.0,2026-08-03 19:12:09
192,279,view,1.0,2026-08-10 18:48:27
192,274,purchase,4.0,2026-08-24 22:33:11
192,239,view,1.0,2026-08-28 13:08:46
192,62,view,1.0,2026-08-29 09:29:08
192,120,view,1.0,2026-09-21 16:52:37
192,150,view,1.0,2026-09-28 05:48:29
193,94,view,1.0,2026-04-03 21:23:12
193,200,view,1.0,2026-04-12 19:32:58
193,134,view,1.0,2026-04-14 12:27:56
193,324,purchase,4.0,2026-04-19 03:51:35
193,6,like,2.0,2026-05-04 21:18:29
193,272,like,2.0,2026-05-07 11:37:25
193,139,view,1.0,2026-05-15 10:54:44
193,203,purchase,4.0,2026-05-16 07:48:04
193,161,view,1.0,2026-06-15 03:36:37
193,280,view,1.0,2026-06-25 16:01:27
193,249,view,1.0,2026-07-23 03:17:18
193,111,view,1.0,2026-07-28 05:22:41
193,9,like,2.0,2026-08-04 18:11:47
193,350,like,2.0,2026-08-05 12:15:49
193,252,like,2.0,2026-08-10 19:22:04
193,255,like,2.0,2026-08-18 11:26:43
193,2,view,1.0,2026-08-23 15:31:37
193,220,view,1.0,2026-08-25 13:38:48
193,210,view,1.0,2026-08-27 09:01:33
193,51,view,1.0,2026-09-05 17:22:08
193,311,view,1.0,2026-09-14 11:45:24
194,62,purchase,4.0,2026-04-12 17:24:59
194,393,like,2.0,2026-04-14 05:24:45
194,231,view,1.0,2026-05-02 06:48:34
194,103,view,1.0,2026-05-20 23:50:50
194,339,view,1.0,2026-05-21 11:22:55
194,232,purchase,4.0,2026-06-09 02:12:35
194,385,view,1.0,2026-07-19 08:10:55
194,315,like,2.0,2026-08-09 01:28:27
194,357,view,1.0,2026-09-08 01:55:32
194,213,like,2.0,2026-09-14 22:23:48
194,210,view,1.0,2026-09-15 15:37:52
194,308,view,1.0,2026-09-22 00:27:18
194,40,view,1.0,2026-09-27 01:35:37
195,374,like,2.0,2026-04-06 00:17:50
195,166,view,1.0,2026-04-23 11:34:37
195,200,purchase,4.0,2026-05-11 10:50:37
195,156,view,1.0,2026-05-13 22:56:47
195,394,view,1.0,2026-05-17 10:19:55
195,306,view,1.0,2026-06-09 05:56:35
195,42,view,1.0,2026-06-23 07:10:41
195,221,view,1.0,2026-07-02 14:38:02
195,304,view,1.0,2026-07-27 18:58:05
195,399,view,1.0,2026-08-15 21:29:15
195,288,view,1.0,2026-09-01 11:32:14
195,334,view,1.0,2026-09-02 08:09:51
195,201,view,1.0,2026-09-12 06:39:47
196,306,view,1.0,2026-04-15 14:26:12
196,87,purchase,4.0,2026-05-10 21:21:10
196,108,view,1.0,2026-05-22 23:52:48
196,386,view,1.0,2026-05-25 08:08:04
196,226,like,2.0,2026-05-27 00:10:12
196,314,view,1.0,2026-05-31 07:45:44
196,251,view,1.0,2026-06-14 08:05:43
196,381,view,1.0,2026-06-21 09:02:07
196,360,view,1.0,2026-06-27 08:46:59
196,97,view,1.0,2026-09-03 05:19:44
196,368,view,1.0,2026-09-05 00:21:59
197,303,like,2.0,2026-04-25 18:18:34
197,244,purchase,4.0,2026-05-03 09:39:42
197,33,view,1.0,2026-05-19 04:39:14
197,226,like,2.0,2026-05-23 04:51:09
197,287,view,1.0,2026-06-22 15:29:21
197,88,view,1.0,2026-06-29 01:53:47
197,170,purchase,4.0,2026-07-31 04:24:16
197,211,like,2.0,2026-08-01 08:35:51
197,163,view,1.0,2026-08-19 21:07:11
197,350,view,1.0,2026-08-21 01:21:14
198,34,view,1.0,2026-04-14 10:55:25
198,369,view,1.0,2026-05-06 23:42:22
198,191,purchase,4.0,2026-06-11 21:06:51
198,203,purchase,4.0,2026-06-12 15:53:47
198,234,view,1.0,2026-07-09 02:32:41
198,159,like,2.0,2026-07-26 08:40:10
198,304,view,1.0,2026-08-29 16:15:40
198,2,like,2.0,2026-09-10 07:23:43
198,72,view,1.0,2026-09-18 12:24:37
199,110,like,2.0,2026-04-19 11:34:19
199,344,like,2.0,2026-04-21 22:25:28
199,263,view,1.0,2026-04-23 01:52:04
199,140,purchase,4.0,2026-05-02 18:15:33
199,207,view,1.0,2026-05-19 03:32:45
199,94,view,1.0,2026-05-21 23:19:56
199,399,like,2.0,2026-06-24 04:40:10
199,159,view,1.0,2026-07-30 00:12:54
199,358,purchase,4.0,2026-08-30 03:43:42
199,398,view,1.0,2026-09-10 00:00:09
199,204,view,1.0,2026-09-10 22:21:09
199,292,view,1.0,2026-09-21 10:26:45
199,217,view,1.0,2026-09-29 23:47:45
200,184,view,1.0,2026-04-04 16:16:01
200,110,view,1.0,2026-04-09 21:58:42
200,85,like,2.0,2026-04-10 20:31:20
200,317,view,1.0,2026-04-17 21:24:43
200,4,like,2.0,2026-04-19 03:49:02
200,98,like,2.0,2026-04-24 00:24:39
200,220,like,2.0,2026-05-03 20:29:09
200,198,view,1.0,2026-05-14 20:16:23
200,385,like,2.0,2026-05-15 22:30:38
200,343,view,1.0,2026-05-20 09:17:01
200,305,view,1.0,2026-05-20 13:26:07
200,210,view,1.0,2026-05-22 12:20:07
200,164,view,1.0,2026-06-06 01:43:57
200,336,view,1.0,2026-06-17 01:40:07
200,114,like,2.0,2026-06-21 06:50:38
200,252,view,1.0,2026-07-04 17:33:23
200,306,purchase,4.0,2026-07-07 01:15:25
200,216,view,1.0,2026-07-07 04:46:10
200,52,like,2.0,2026-07-20 16:11:12
200,380,view,1.0,2026-07-21 18:16:17
200,32,purchase,4.0,2026-07-25 07:50:43
200,391,view,1.0,2026-08-07 12:55:57
200,170,view,1.0,2026-08-21 02:56:01
200,386,purchase,4.0,2026-08-21 13:13:33
200,376,view,1.0,2026-09-04 12:29:03
200,155,purchase,4.0,2026-09-16 03:21:49
200,324,view,1.0,2026-09-25 14:47:40
201,304,purchase,4.0,2026-04-08 06:32:54
201,340,view,1.0,2026-05-14 09:35:24
201,193,view,1.0,2026-06-24 12:19:26
201,366,view,1.0,2026-06-25 09:30:29
201,272,purchase,4.0,2026-07-08 00:39:46
201,137,purchase,4.0,2026-08-31 08:07:38
202,207,like,2.0,2026-04-17 02:35:10
202,375,purchase,4.0,2026-04-28 17:50:57
202,95,purchase,4.0,2026-05-02 18:39:14
202,271,like,2.0,2026-05-21 00:56:56
202,31,view,1.0,2026-05-21 12:45:09
202,270,view,1.0,2026-05-22 21:39:55
202,103,view,1.0,2026-05-23 10:24:02
202,13,view,1.0,2026-05-29 13:21:13
202,241,like,2.0,2026-06-14 03:38:27
202,292,like,2.0,2026-06-24 00:09:00
202,98,view,1.0,2026-07-04 10:08:50
202,309,purchase,4.0,2026-07-09 17:09:59
202,299,like,2.0,2026-08-09 04:31:30
202,164,like,2.0,2026-08-28 04:39:18
202,34,like,2.0,2026-09-22 14:05:41
203,292,like,2.0,2026-04-08 18:44:58
203,393,view,1.0,2026-04-18 11:54:22
203,200,purchase,4.0,2026-05-11 18:17:25
203,109,view,1.0,2026-05-21 15:22:24
203,301,purchase,4.0,2026-05-26 01:00:05
203,99,view,1.0,2026-05-28 14:49:30
203,201,like,2.0,2026-05-30 01:18:05
203,324,like,2.0,2026-06-01 15:12:36
203,160,like,2.0,2026-06-02 13:27:53
203,216,view,1.0,2026-06-04 17:11:28
203,59,like,2.0,2026-06-13 03:37:47
203,24,purchase,4.0,2026-06-28 07:50:29
203,394,purchase,4.0,2026-07-07 16:19:20
203,89,like,2.0,2026-07-13 15:08:38
203,130,view,1.0,2026-08-05 11:54:40
203,156,like,2.0,2026-08-22 03:44:35
203,43,like,2.0,2026-08-30 04:51:57
203,91,view,1.0,2026-09-01 06:53:17
203,169,like,2.0,2026-09-01 14:33:51
203,306,like,2.0,2026-09-09 18:32:10
203,123,like,2.0,2026-09-10 00:24:15
203,369,view,1.0,2026-09-11 07:27:25
203,116,view,1.0,2026-09-20 21:02:00
204,91,view,1.0,2026-04-03 21:31:40
204,328,view,1.0,2026-04-10 02:08:39
204,115,like,2.0,2026-04-18 14:47:32
204,390,view,1.0,2026-08-08 06:59:09
204,122,like,2.0,2026-09-05 12:26:55
204,362,view,1.0,2026-09-08 05:04:52
205,169,view,1.0,2026-04-07 22:26:05
205,265,like,2.0,2026-04-09 16:33:27
205,83,like,2.0,2026-04-17 11:18:30
205,330,like,2.0,2026-04-19 09:02:06
205,241,like,2.0,2026-05-04 13:04:36
205,325,view,1.0,2026-05-12 15:38:13
205,199,view,1.0,2026-05-23 06:25:38
205,147,view,1.0,2026-06-11 22:30:18
205,306,view,1.0,2026-06-17 06:40:36
205,40,view,1.0,2026-06-22 23:04:29
205,391,like,2.0,2026-06-29 03:06:47
205,389,view,1.0,2026-06-30 18:22:36
205,362,like,2.0,2026-07-18 04:42:34
205,363,view,1.0,2026-07-21 12:25:37
205,200,view,1.0,2026-07-21 23:53:15
205,194,like,2.0,2026-07-23 17:26:45
205,340,view,1.0,2026-07-31 06:26:24
205,109,purchase,4.0,2026-08-04 16:48:57
205,348,view,1.0,2026-08-12 01:35:56
205,87,like,2.0,2026-09-16 19:42:57
205,210,view,1.0,2026-09-17 20:43:41
205,341,purchase,4.0,2026-09-24 05:38:18
206,354,view,1.0,2026-04-06 02:14:13
206,272,like,2.0,2026-04-18 14:33:33
206,222,purchase,4.0,2026-04-19 23:02:13
206,106,like,2.0,2026-04-20 16:09:37
206,87,purchase,4.0,2026-04-20 21:07:07
206,156,like,2.0,2026-04-22 17:04:00
206,105,purchase,4.0,2026-04-27 13:13:01
206,310,view,1.0,2026-05-04 10:37:09
206,271,view,1.0,2026-05-08 19:09:44
206,321,view,1.0,2026-05-12 23:16:45
206,79,purchase,4.0,2026-05-17 10:09:38
206,123,like,2.0,2026-05-21 17:40:48
206,294,view,1.0,2026-05-26 16:27:09
206,77,like,2.0,2026-05-30 23:38:19
206,68,purchase,4.0,2026-06-07 02:03:09
206,158,like,2.0,2026-06-08 12:54:49
206,31,like,2.0,2026-06-12 12:53:01
206,342,view,1.0,2026-06-14 15:34:52
206,27,view,1.0,2026-06-15 04:26:48
206,211,view,1.0,2026-07-09 19:41:07
206,210,view,1.0,2026-07-15 21:05:13
206,201,view,1.0,2026-07-17 16:26:07
206,199,like,2.0,2026-07-27 01:08:59
206,5,purchase,4.0,2026-08-11 14:05:57
206,20,like,2.0,2026-08-12 15:08:16
206,200,view,1.0,2026-08-12 16:30:28
206,390,like,2.0,2026-08-20 11:34:36
206,165,view,1.0,2026-08-26 07:55:40
206,178,purchase,4.0,2026-08-27 23:28:12
206,394,like,2.0,2026-09-04 22:49:26
206,298,view,1.0,2026-09-08 12:56:24
206,352,view,1.0,2026-09-15 23:05:54
206,220,view,1.0,2026-09-21 14:07:39
206,248,purchase,4.0,2026-09-22 15:15:20
206,304,view,1.0,2026-09-27 20:11:28
207,368,view,1.0,2026-05-01 16:10:05
207,105,view,1.0,2026-05-02 23:45:43
207,239,purchase,4.0,2026-05-04 09:41:47
207,61,like,2.0,2026-06-21 11:50:32
207,304,like,2.0,2026-06-23 08:16:03
207,59,like,2.0,2026-07-11 02:29:34
207,400,view,1.0,2026-07-13 17:49:49
207,36,view,1.0,2026-07-16 10:52:12
207,269,view,1.0,2026-08-10 16:40:19
207,314,like,2.0,2026-08-29 08:53:14
207,114,view,1.0,2026-08-31 14:48:16
207,238,view,1.0,2026-09-02 09:53:18
207,251,like,2.0,2026-09-16 08:17:59
208,135,view,1.0,2026-04-08 04:25:09
208,239,view,1.0,2026-04-25 20:12:03
208,297,view,1.0,2026-07-07 06:51:11
208,352,view,1.0,2026-08-07 11:14:58
208,392,purchase,4.0,2026-09-08 10:29:46
209,347,view,1.0,2026-04-10 04:11:59
209,375,purchase,4.0,2026-04-13 04:51:20
209,183,like,2.0,2026-05-04 03:09:33
209,394,like,2.0,2026-05-05 13:49:56
209,300,purchase,4.0,2026-05-20 04:10:37
209,248,view,1.0,2026-05-21 17:21:01
209,169,view,1.0,2026-05-25 03:50:30
209,324,like,2.0,2026-06-02 05:16:42
209,294,view,1.0,2026-06-03 00:14:55
209,220,purchase,4.0,2026-06-07 06:26:49
209,399,view,1.0,2026-06-09 19:53:19
209,102,view,1.0,2026-06-21 12:17:09
209,242,like,2.0,2026-06-24 09:52:58
209,130,like,2.0,2026-09-23 01:45:02
210,63,view,1.0,2026-04-24 17:54:11
210,59,view,1.0,2026-05-03 22:03:41
210,251,view,1.0,2026-05-04 10:44:34
210,236,view,1.0,2026-05-19 15:54:55
210,92,purchase,4.0,2026-05-20 17:25:43
210,324,view,1.0,2026-05-23 09:31:50
210,44,view,1.0,2026-06-18 14:03:20
210,126,purchase,4.0,2026-06-28 11:14:41
210,284,view,1.0,2026-07-24 23:29:16
210,234,view,1.0,2026-08-03 12:25:50
210,230,view,1.0,2026-08-11 11:39:51
210,258,like,2.0,2026-08-14 01:18:54
210,246,purchase,4.0,2026-08-17 17:26:15
210,351,view,1.0,2026-08-18 21:30:21
210,219,view,1.0,2026-09-04 03:02:25
210,158,like,2.0,2026-09-18 13:10:28
211,162,like,2.0,2026-04-08 22:37:02
211,225,like,2.0,2026-04-18 10:10:36
211,362,view,1.0,2026-04-19 10:22:49
211,139,view,1.0,2026-04-29 06:57:10
211,154,view,1.0,2026-05-11 17:00:25
211,357,like,2.0,2026-05-14 10:33:08
211,136,like,2.0,2026-06-02 21:10:10
211,171,view,1.0,2026-06-15 04:16:16
211,332,view,1.0,2026-06-17 14:06:20
211,231,like,2.0,2026-07-05 06:59:39
211,384,view,1.0,2026-07-07 11:51:04
211,181,purchase,4.0,2026-07-10 06:11:36
211,187,view,1.0,2026-08-08 05:47:57
211,18,like,2.0,2026-08-09 09:20:47
211,86,purchase,4.0,2026-08-09 20:09:42
211,212,view,1.0,2026-08-20 18:35:47
211,83,view,1.0,2026-09-02 01:19:48
211,177,purchase,4.0,2026-09-03 04:28:25
211,109,like,2.0,2026-09-06 21:23:29
211,9,view,1.0,2026-09-15 21:33:22
211,186,view,1.0,2026-09-18 06:30:54
211,264,view,1.0,2026-09-23 03:34:10
213,344,purchase,4.0,2026-04-10 10:54:05
213,52,like,2.0,2026-04-24 01:55:53
213,102,view,1.0,2026-04-30 07:35:51
213,38,view,1.0,2026-05-09 20:19:58
213,181,view,1.0,2026-06-06 02:47:03
213,266,purchase,4.0,2026-06-09 14:24:43
213,339,like,2.0,2026-06-20 23:27:33
213,184,view,1.0,2026-06-29 02:57:22
213,392,view,1.0,2026-06-30 02:54:32
213,244,view,1.0,2026-07-15 19:01:29
213,251,view,1.0,2026-08-05 12:32:42
213,61,view,1.0,2026-08-10 13:25:56
213,70,purchase,4.0,2026-08-10 18:11:56
214,306,like,2.0,2026-05-06 12:23:52
214,289,view,1.0,2026-05-07 15:26:25
214,383,like,2.0,2026-05-14 11:57:47
214,178,like,2.0,2026-05-17 10:50:08
214,60,like,2.0,2026-06-20 14:54:07
214,198,purchase,4.0,2026-06-23 12:25:39
214,337,view,1.0,2026-07-17 12:38:28
214,354,view,1.0,2026-08-12 19:32:44
214,192,like,2.0,2026-09-05 11:02:39
215,298,like,2.0,2026-04-05 00:01:20
215,310,like,2.0,2026-05-07 05:17:21
215,218,view,1.0,2026-05-16 13:12:58
215,150,view,1.0,2026-05-18 20:31:01
215,294,view,1.0,2026-05-24 03:15:10
215,184,purchase,4.0,2026-05-24 06:22:57
215,96,view,1.0,2026-06-09 13:43:21
215,164,view,1.0,2026-06-17 21:57:54
215,174,purchase,4.0,2026-07-30 04:12:42
215,200,purchase,4.0,2026-08-13 21:06:19
215,352,purchase,4.0,2026-09-02 23:13:36
215,166,view,1.0,2026-09-23 05:20:35
216,275,view,1.0,2026-04-09 11:51:19
216,1,like,2.0,2026-04-24 10:17:09
216,311,view,1.0,2026-05-16 18:29:58
216,178,like,2.0,2026-07-10 08:38:53
216,370,view,1.0,2026-07-30 08:02:57
216,199,purchase,4.0,2026-08-30 11:11:10
216,310,purchase,4.0,2026-09-10 15:07:03
216,230,view,1.0,2026-09-11 02:24:22
216,385,view,1.0,2026-09-14 02:22:40
216,180,view,1.0,2026-09-21 19:12:20
217,397,purchase,4.0,2026-04-08 16:48:08
217,215,like,2.0,2026-05-05 06:53:53
217,399,view,1.0,2026-06-22 05:03:38
217,139,view,1.0,2026-07-05 05:46:59
217,156,view,1.0,2026-07-06 19:47:40
217,81,like,2.0,2026-07-12 11:55:11
217,164,view,1.0,2026-07-29 20:38:24
217,30,view,1.0,2026-08-12 09:58:15
217,1,like,2.0,2026-08-20 14:36:34
217,170,purchase,4.0,2026-08-25 16:21:24
217,293,view,1.0,2026-09-11 01:32:06
217,166,view,1.0,2026-09-11 20:52:09
218,129,purchase,4.0,2026-04-04 10:34:31
218,212,view,1.0,2026-04-08 21:32:37
218,293,view,1.0,2026-04-13 23:26:08
218,313,purchase,4.0,2026-04-18 13:55:47
218,60,view,1.0,2026-04-27 18:52:33
218,79,view,1.0,2026-04-29 15:07:46
218,296,view,1.0,2026-05-03 05:49:57
218,45,view,1.0,2026-05-03 21:03:06
218,191,view,1.0,2026-05-07 21:19:33
218,210,view,1.0,2026-05-09 14:01:12
218,137,view,1.0,2026-05-19 13:17:05
218,318,view,1.0,2026-06-15 04:21:15
218,23,like,2.0,2026-06-15 10:27:08
218,262,view,1.0,2026-07-11 13:48:43
218,199,view,1.0,2026-07-15 02:28:25
218,357,view,1.0,2026-07-28 17:13:29
218,73,purchase,4.0,2026-08-02 06:25:34
218,320,purchase,4.0,2026-08-10 11:24:05
218,68,like,2.0,2026-08-31 20:24:38
218,399,purchase,4.0,2026-09-21 07:56:53
219,274,view,1.0,2026-04-04 12:13:45
219,70,view,1.0,2026-04-30 11:50:01
219,169,view,1.0,2026-05-10 10:22:37
219,101,purchase,4.0,2026-06-04 01:52:13
219,318,view,1.0,2026-06-04 11:35:48
219,360,view,1.0,2026-06-07 07:34:18
219,81,purchase,4.0,2026-06-19 07:47:25
219,166,view,1.0,2026-06-23 14:56:58
219,376,view,1.0,2026-07-04 14:54:46
219,248,purchase,4.0,2026-07-04 17:35:49
219,336,view,1.0,2026-07-17 16:25:12
219,150,view,1.0,2026-08-04 12:36:00
219,95,view,1.0,2026-08-04 22:13:52
219,261,like,2.0,2026-08-11 07:55:44
219,67,like,2.0,2026-08-14 03:56:13
219,321,view,1.0,2026-08-14 04:03:39
219,292,view,1.0,2026-08-14 14:43:30
219,123,purchase,4.0,2026-08-29 18:46:57
219,200,like,2.0,2026-09-03 08:53:21
219,307,purchase,4.0,2026-09-12 15:17:36
219,368,view,1.0,2026-09-15 05:59:53
219,149,view,1.0,2026-09-20 22:16:30
219,303,purchase,4.0,2026-09-24 05:31:21
219,91,view,1.0,2026-09-25 12:23:32
220,181,view,1.0,2026-04-17 16:34:01
220,348,like,2.0,2026-05-04 19:50:56
220,67,view,1.0,2026-05-13 07:25:12
220,23,purchase,4.0,2026-06-05 23:28:43
220,200,purchase,4.0,2026-06-12 15:19:29
220,205,purchase,4.0,2026-06-13 11:10:26
220,114,view,1.0,2026-06-20 07:17:28
220,380,view,1.0,2026-07-03 23:35:52
220,106,view,1.0,2026-07-08 17:23:42
220,115,view,1.0,2026-07-18 09:42:14
220,309,like,2.0,2026-08-03 20:42:36
220,365,like,2.0,2026-09-09 19:38:28
220,207,view,1.0,2026-09-17 04:28:00
220,6,view,1.0,2026-09-24 06:18:02
221,146,purchase,4.0,2026-05-02 14:32:45
221,313,like,2.0,2026-05-16 14:39:16
221,76,like,2.0,2026-06-11 16:50:51
221,122,like,2.0,2026-07-14 19:10:38
221,386,view,1.0,2026-07-20 05:08:12
221,74,like,2.0,2026-07-26 05:59:12
221,50,like,2.0,2026-08-10 19:20:42
221,211,like,2.0,2026-08-17 18:35:47
221,222,like,2.0,2026-09-13 15:18:06
221,228,like,2.0,2026-09-20 15:48:10
222,336,purchase,4.0,2026-04-07 18:54:28
222,304,purchase,4.0,2026-04-16 19:30:29
222,65,like,2.0,2026-04-17 14:12:27
222,18,purchase,4.0,2026-04-27 21:08:16
222,4,view,1.0,2026-04-30 02:04:54
222,87,view,1.0,2026-05-01 14:35:16
222,203,like,2.0,2026-05-14 00:46:30
222,164,view,1.0,2026-05-19 01:23:18
222,389,like,2.0,2026-07-07 07:04:55
222,326,view,1.0,2026-08-29 00:42:50
222,13,view,1.0,2026-09-13 06:44:32
223,137,like,2.0,2026-04-23 13:14:24
223,9,like,2.0,2026-06-27 03:43:33
223,278,view,1.0,2026-09-13 09:53:28
223,252,purchase,4.0,2026-09-19 09:21:28
223,276,like,2.0,2026-09-20 00:31:54
224,8,purchase,4.0,2026-05-14 15:04:29
224,84,view,1.0,2026-05-20 06:38:48
224,325,purchase,4.0,2026-05-23 10:05:45
224,186,view,1.0,2026-05-31 10:09:14
224,4,purchase,4.0,2026-06-12 20:38:49
224,6,view,1.0,2026-06-17 03:03:21
224,380,view,1.0,2026-06-24 09:30:14
224,388,view,1.0,2026-06-26 03:20:41
224,268,like,2.0,2026-06-30 00:54:18
224,65,like,2.0,2026-07-18 12:36:03
224,134,like,2.0,2026-07-30 12:56:13
224,109,view,1.0,2026-08-15 02:46:21
224,324,purchase,4.0,2026-08-30 15:04:19
224,221,view,1.0,2026-09-06 20:55:38
224,323,view,1.0,2026-09-08 17:14:53
224,131,view,1.0,2026-09-10 22:33:47
224,356,view,1.0,2026-09-11 06:20:02
224,164,view,1.0,2026-09-17 10:11:18
225,156,view,1.0,2026-04-05 00:42:47
225,77,view,1.0,2026-04-18 23:31:10
225,291,purchase,4.0,2026-04-19 16:56:23
225,174,view,1.0,2026-04-22 12:27:20
225,353,purchase,4.0,2026-05-04 05:30:15
225,352,view,1.0,2026-05-08 21:15:06
225,66,view,1.0,2026-05-12 12:51:20
225,93,purchase,4.0,2026-05-26 02:35:49
225,164,view,1.0,2026-06-01 15:15:41
225,48,view,1.0,2026-06-14 09:35:28
225,258,purchase,4.0,2026-07-09 16:13:58
225,287,view,1.0,2026-07-15 18:10:26
225,279,view,1.0,2026-07-29 09:48:25
225,337,like,2.0,2026-07-31 22:46:22
225,222,view,1.0,2026-08-04 08:02:54
225,397,purchase,4.0,2026-08-09 10:44:50
225,321,view,1.0,2026-08-22 02:57:45
225,50,like,2.0,2026-08-22 12:24:38
225,335,purchase,4.0,2026-08-25 14:58:30
225,116,view,1.0,2026-08-28 19:00:55
225,158,view,1.0,2026-09-19 17:04:30
225,170,view,1.0,2026-09-29 03:47:47
226,226,view,1.0,2026-04-03 06:21:52
226,358,like,2.0,2026-04-05 17:52:53
226,347,view,1.0,2026-04-24 07:39:20
226,30,like,2.0,2026-05-15 01:52:30
226,177,view,1.0,2026-05-15 07:14:17
226,70,purchase,4.0,2026-05-15 10:17:23
226,24,view,1.0,2026-05-20 23:13:03
226,108,like,2.0,2026-05-24 12:49:14
226,240,view,1.0,2026-05-26 19:06:32
226,324,view,1.0,2026-05-29 21:12:52
226,370,like,2.0,2026-05-31 06:09:18
226,164,view,1.0,2026-06-07 18:17:40
226,58,like,2.0,2026-06-07 19:47:31
226,72,view,1.0,2026-07-08 08:11:59
226,31,purchase,4.0,2026-07-28 20:16:33
226,394,purchase,4.0,2026-08-10 20:12:59
226,40,purchase,4.0,2026-08-11 15:30:38
226,301,view,1.0,2026-08-16 09:23:25
226,115,purchase,4.0,2026-08-17 10:10:22
226,215,like,2.0,2026-08-22 12:01:57
226,353,view,1.0,2026-09-01 00:12:58
226,383,view,1.0,2026-09-01 09:40:36
226,91,view,1.0,2026-09-03 13:36:22
226,101,view,1.0,2026-09-04 14:22:03
226,326,like,2.0,2026-09-23 22:17:04
227,20,view,1.0,2026-04-19 15:39:20
227,112,purchase,4.0,2026-04-22 10:41:29
227,175,view,1.0,2026-04-27 22:02:25
227,94,like,2.0,2026-05-01 16:03:41
227,258,view,1.0,2026-05-26 22:40:39
227,263,purchase,4.0,2026-05-29 07:51:39
227,91,view,1.0,2026-05-31 23:50:31
227,5,view,1.0,2026-07-23 16:08:03
227,32,view,1.0,2026-08-06 09:10:39
227,1,like,2.0,2026-08-26 23:41:27
227,371,view,1.0,2026-08-28 04:00:35
227,239,purchase,4.0,2026-09-16 22:16:48
228,324,view,1.0,2026-04-20 04:48:07
228,150,view,1.0,2026-04-23 21:35:43
228,98,like,2.0,2026-04-27 16:45:51
228,129,view,1.0,2026-04-30 23:46:29
228,112,like,2.0,2026-05-12 23:33:24
228,259,view,1.0,2026-05-19 00:40:46
228,18,view,1.0,2026-06-01 12:34:52
228,17,like,2.0,2026-06-02 23:28:39
228,109,purchase,4.0,2026-06-22 03:02:05
228,78,purchase,4.0,2026-06-27 14:57:46
228,296,view,1.0,2026-07-19 11:54:45
228,10,view,1.0,2026-07-19 20:23:13
228,380,view,1.0,2026-07-22 09:36:54
228,311,view,1.0,2026-07-22 22:17:29
228,156,view,1.0,2026-07-28 05:01:30
228,355,view,1.0,2026-08-02 05:39:21
228,251,view,1.0,2026-08-05 21:08:26
228,224,like,2.0,2026-08-25 09:25:02
228,118,like,2.0,2026-08-27 09:16:24
228,267,like,2.0,2026-09-18 07:48:16
228,59,like,2.0,2026-09-18 16:38:09
228,212,like,2.0,2026-09-24 10:54:36
229,74,view,1.0,2026-04-14 01:33:03
229,95,view,1.0,2026-04-19 03:13:23
229,368,view,1.0,2026-05-12 23:13:56
229,147,like,2.0,2026-05-17 02:49:09
229,337,view,1.0,2026-05-25 20:08:06
229,18,view,1.0,2026-06-02 18:38:29
229,392,view,1.0,2026-06-07 22:01:20
229,313,view,1.0,2026-06-20 00:40:51
229,367,view,1.0,2026-06-30 06:14:57
229,214,like,2.0,2026-07-04 16:10:52
229,260,view,1.0,2026-08-01 23:41:13
229,157,view,1.0,2026-08-04 06:07:33
229,179,like,2.0,2026-08-11 07:59:29
229,306,view,1.0,2026-08-16 13:18:45
229,9,like,2.0,2026-08-29 19:10:39
229,355,like,2.0,2026-08-31 15:28:50
229,43,view,1.0,2026-09-07 14:18:26
229,304,view,1.0,2026-09-10 04:28:33
229,96,view,1.0,2026-09-23 10:43:43
230,30,view,1.0,2026-04-15 13:02:02
230,250,view,1.0,2026-04-24 00:59:39
230,399,view,1.0,2026-04-24 04:39:40
230,350,view,1.0,2026-04-27 16:08:02
230,353,view,1.0,2026-05-10 07:32:31
230,271,like,2.0,2026-05-13 10:50:14
230,187,view,1.0,2026-05-16 10:11:35
230,268,view,1.0,2026-06-20 22:31:26
230,137,view,1.0,2026-07-21 21:28:58
230,218,view,1.0,2026-08-09 05:20:29
230,214,like,2.0,2026-08-17 14:42:50
230,216,view,1.0,2026-08-30 13:56:43
230,170,like,2.0,2026-08-31 17:38:55
230,154,view,1.0,2026-09-12 06:47:51
230,142,view,1.0,2026-09-12 14:53:26
231,357,purchase,4.0,2026-04-10 14:09:38
231,96,view,1.0,2026-05-16 07:41:21
231,336,view,1.0,2026-05-19 02:01:17
231,279,view,1.0,2026-06-05 06:33:46
231,111,view,1.0,2026-06-13 14:53:26
231,164,like,2.0,2026-06-17 20:02:43
231,23,view,1.0,2026-06-26 09:28:01
231,233,purchase,4.0,2026-06-26 20:09:16
231,363,view,1.0,2026-07-07 13:56:20
231,45,view,1.0,2026-07-07 17:29:32
231,50,view,1.0,2026-07-19 23:20:01
231,196,view,1.0,2026-07-22 17:59:24
231,109,view,1.0,2026-08-03 05:29:44
231,258,view,1.0,2026-08-10 16:28:31
231,158,view,1.0,2026-08-22 13:52:50
231,356,view,1.0,2026-08-28 19:39:43
231,156,view,1.0,2026-09-21 12:08:07
232,313,view,1.0,2026-04-04 21:08:27
232,283,view,1.0,2026-04-13 00:03:03
232,97,view,1.0,2026-04-17 15:07:20
232,178,view,1.0,2026-05-11 22:04:19
232,155,purchase,4.0,2026-05-28 02:04:07
232,324,like,2.0,2026-06-17 02:14:53
232,323,purchase,4.0,2026-07-07 02:16:17
232,344,purchase,4.0,2026-07-20 18:04:51
232,79,like,2.0,2026-07-26 11:22:23
232,297,purchase,4.0,2026-08-16 07:26:04
232,348,view,1.0,2026-08-22 09:27:26
232,58,like,2.0,2026-08-29 06:05:57
232,6,view,1.0,2026-08-31 16:09:29
232,33,like,2.0,2026-09-04 01:07:56
232,240,purchase,4.0,2026-09-09 09:24:33
232,150,purchase,4.0,2026-09-13 22:20:22
232,69,view,1.0,2026-09-17 18:39:46
233,259,view,1.0,2026-04-05 15:55:44
233,95,like,2.0,2026-05-28 10:11:34
233,134,view,1.0,2026-06-15 03:24:37
233,2,view,1.0,2026-07-27 11:00:39
233,196,purchase,4.0,2026-07-27 20:15:06
233,59,purchase,4.0,2026-08-02 12:38:27
233,344,view,1.0,2026-08-06 02:10:57
233,42,like,2.0,2026-09-27 09:13:11
233,102,purchase,4.0,2026-09-28 17:13:48
234,76,view,1.0,2026-04-05 17:27:31
234,259,view,1.0,2026-04-18 19:25:34
234,200,view,1.0,2026-05-09 18:55:32
234,239,view,1.0,2026-05-21 06:47:20
234,194,view,1.0,2026-05-24 01:31:19
234,161,view,1.0,2026-06-02 17:32:23
234,355,view,1.0,2026-06-11 03:26:09
234,158,view,1.0,2026-06-19 10:29:41
234,321,like,2.0,2026-07-05 09:28:43
234,234,like,2.0,2026-07-08 00:50:45
234,100,view,1.0,2026-07-14 12:01:59
234,59,like,2.0,2026-07-22 20:50:32
234,220,like,2.0,2026-08-02 12:09:37
234,271,like,2.0,2026-08-02 16:58:04
234,294,like,2.0,2026-08-09 11:34:07
234,258,view,1.0,2026-08-12 22:39:56
234,4,view,1.0,2026-08-17 00:40:53
234,298,purchase,4.0,2026-08-25 00:18:55
234,226,view,1.0,2026-08-27 07:27:16
234,394,view,1.0,2026-08-28 05:32:50
234,301,view,1.0,2026-09-12 20:06:17
235,25,view,1.0,2026-04-19 19:06:43
235,95,like,2.0,2026-05-18 15:17:14
235,295,view,1.0,2026-05-21 23:23:03
235,292,purchase,4.0,2026-06-27 20:02:03
235,6,view,1.0,2026-07-01 16:33:06
235,309,purchase,4.0,2026-07-06 00:13:24
235,171,purchase,4.0,2026-08-19 12:21:49
235,262,view,1.0,2026-09-26 19:27:26
236,309,view,1.0,2026-04-12 10:10:04
236,250,view,1.0,2026-04-26 07:11:30
236,211,view,1.0,2026-05-05 17:21:17
236,315,view,1.0,2026-05-13 14:54:17
236,4,like,2.0,2026-06-19 05:57:51
236,111,purchase,4.0,2026-06-25 12:29:00
236,262,view,1.0,2026-06-29 06:45:09
236,385,view,1.0,2026-07-09 15:55:50
236,149,view,1.0,2026-07-22 17:38:19
236,394,view,1.0,2026-07-26 08:59:38
236,306,view,1.0,2026-09-01 08:44:15
237,335,purchase,4.0,2026-04-06 03:05:38
237,6,view,1.0,2026-04-27 07:47:09
237,352,like,2.0,2026-05-17 20:13:43
237,386,view,1.0,2026-06-10 18:19:52
237,334,view,1.0,2026-06-13 12:38:43
237,4,purchase,4.0,2026-06-16 08:36:33
237,207,view,1.0,2026-06-19 05:36:03
237,336,purchase,4.0,2026-06-26 05:02:41
237,217,like,2.0,2026-07-12 03:17:53
237,137,view,1.0,2026-07-24 18:52:14
237,178,view,1.0,2026-07-28 10:50:19
237,25,view,1.0,2026-08-11 01:23:29
237,199,like,2.0,2026-08-15 15:27:04
237,255,like,2.0,2026-08-21 06:49:31
237,154,purchase,4.0,2026-08-22 04:34:54
237,77,like,2.0,2026-09-15 23:33:14
238,4,purchase,4.0,2026-04-14 11:23:43
238,52,view,1.0,2026-05-20 20:18:01
238,6,view,1.0,2026-05-23 11:06:26
238,90,view,1.0,2026-05-28 05:38:38
238,150,like,2.0,2026-06-02 06:56:42
238,180,view,1.0,2026-06-02 22:00:26
238,161,view,1.0,2026-06-16 11:31:11
238,74,like,2.0,2026-06-20 01:40:18
238,202,purchase,4.0,2026-06-20 06:53:27
238,320,view,1.0,2026-06-24 13:10:19
238,109,view,1.0,2026-07-05 14:49:35
238,122,view,1.0,2026-07-07 03:16:58
238,210,like,2.0,2026-07-09 05:23:17
238,83,like,2.0,2026-07-10 21:25:30
238,134,view,1.0,2026-07-14 07:39:00
238,170,view,1.0,2026-07-24 23:10:51
238,147,like,2.0,2026-08-01 19:24:47
238,333,like,2.0,2026-08-02 12:08:56
238,166,view,1.0,2026-08-02 15:25:25
238,395,purchase,4.0,2026-08-09 12:35:56
238,190,like,2.0,2026-08-16 03:31:52
238,399,view,1.0,2026-08-16 19:20:18
238,306,view,1.0,2026-08-25 15:43:12
238,98,view,1.0,2026-08-26 12:10:53
238,81,purchase,4.0,2026-08-29 16:18:30
238,61,view,1.0,2026-09-16 13:30:13
238,314,view,1.0,2026-09-28 06:14:19
239,259,view,1.0,2026-04-19 11:55:01
239,6,like,2.0,2026-04-28 02:28:54
239,299,view,1.0,2026-05-03 21:25:09
239,189,like,2.0,2026-05-15 16:44:41
239,200,view,1.0,2026-05-19 00:51:45
239,23,view,1.0,2026-05-21 01:35:54
239,84,view,1.0,2026-05-30 20:00:24
239,372,purchase,4.0,2026-06-10 16:14:09
239,118,purchase,4.0,2026-06-16 20:43:37
239,156,purchase,4.0,2026-06-25 09:03:38
239,246,like,2.0,2026-06-28 21:29:23
239,378,view,1.0,2026-07-01 07:21:32
239,217,view,1.0,2026-07-02 14:20:25
239,109,view,1.0,2026-07-07 17:20:59
239,31,view,1.0,2026-07-12 18:14:40
239,105,view,1.0,2026-07-22 21:34:47
239,234,view,1.0,2026-07-23 10:45:35
239,391,like,2.0,2026-08-04 18:58:20
239,33,view,1.0,2026-08-08 16:09:55
239,154,like,2.0,2026-09-05 11:01:35
239,262,like,2.0,2026-09-16 21:23:38
239,222,view,1.0,2026-09-18 10:52:23
239,258,view,1.0,2026-09-22 15:09:00
240,170,like,2.0,2026-05-14 16:16:15
240,95,view,1.0,2026-05-16 22:45:35
240,216,purchase,4.0,2026-06-06 03:50:06
240,145,view,1.0,2026-06-17 22:49:26
240,348,purchase,4.0,2026-06-24 07:19:31
240,206,view,1.0,2026-07-01 16:52:49
240,164,like,2.0,2026-07-04 03:38:13
240,287,view,1.0,2026-07-31 04:23:55
240,357,view,1.0,2026-08-28 00:52:11
240,319,purchase,4.0,2026-09-19 13:18:06
240,192,view,1.0,2026-09-26 03:43:22
241,4,like,2.0,2026-04-09 15:00:35
241,387,view,1.0,2026-04-21 08:28:42
241,8,like,2.0,2026-04-22 11:03:03
241,142,view,1.0,2026-04-23 17:30:00
241,240,view,1.0,2026-05-16 00:46:05
241,156,view,1.0,2026-06-25 15:05:08
241,157,like,2.0,2026-06-26 13:23:44
241,274,view,1.0,2026-07-11 20:32:50
241,220,view,1.0,2026-08-05 15:48:25
241,200,view,1.0,2026-09-26 05:25:32
241,345,like,2.0,2026-09-26 14:28:56
242,355,view,1.0,2026-04-26 18:17:39
242,270,purchase,4.0,2026-05-06 21:07:16
242,251,view,1.0,2026-05-25 19:28:03
242,269,purchase,4.0,2026-05-28 00:54:02
242,371,view,1.0,2026-06-05 09:14:49
242,200,view,1.0,2026-06-23 00:59:33
242,68,purchase,4.0,2026-07-31 22:32:42
242,177,view,1.0,2026-08-10 03:32:36
242,291,view,1.0,2026-08-13 02:59:45
242,186,purchase,4.0,2026-08-22 20:09:49
242,122,view,1.0,2026-09-23 07:23:00
243,4,view,1.0,2026-04-08 06:53:26
243,209,view,1.0,2026-05-04 19:16:21
243,97,view,1.0,2026-05-06 08:17:59
243,362,like,2.0,2026-05-08 11:18:13
243,274,view,1.0,2026-05-26 08:05:44
243,282,view,1.0,2026-05-30 20:57:33
243,273,view,1.0,2026-06-02 18:10:02
243,278,view,1.0,2026-06-08 19:39:42
243,306,purchase,4.0,2026-06-24 07:41:38
243,271,like,2.0,2026-07-02 03:42:32
243,343,view,1.0,2026-07-11 01:04:20
243,220,view,1.0,2026-07-26 06:23:21
243,132,view,1.0,2026-07-26 14:31:31
243,181,view,1.0,2026-07-28 16:05:57
243,171,view,1.0,2026-07-29 23:25:36
243,123,like,2.0,2026-08-10 08:51:15
243,164,like,2.0,2026-08-17 03:55:55
243,150,view,1.0,2026-09-04 05:01:45
243,45,like,2.0,2026-09-20 02:58:13
243,342,purchase,4.0,2026-09-20 21:14:46
244,129,view,1.0,2026-04-21 16:34:53
244,218,view,1.0,2026-04-27 23:44:32
244,37,like,2.0,2026-05-02 08:48:34
244,192,view,1.0,2026-05-02 16:00:44
244,230,view,1.0,2026-05-13 05:18:27
244,171,view,1.0,2026-06-22 22:46:39
244,137,like,2.0,2026-06-26 22:22:48
244,120,view,1.0,2026-06-28 17:13:55
244,39,view,1.0,2026-07-06 15:06:14
244,45,like,2.0,2026-08-25 10:43:56
244,187,view,1.0,2026-09-06 05:57:47
245,29,view,1.0,2026-04-12 07:36:39
245,66,view,1.0,2026-07-07 06:34:39
245,376,view,1.0,2026-07-08 07:08:24
245,82,like,2.0,2026-07-08 21:37:36
245,324,view,1.0,2026-07-11 11:11:12
245,272,purchase,4.0,2026-08-05 14:36:46
245,217,purchase,4.0,2026-08-13 16:55:32
245,149,purchase,4.0,2026-08-20 16:03:05
245,23,like,2.0,2026-08-29 20:00:05
245,294,view,1.0,2026-09-01 06:15:07
245,164,view,1.0,2026-09-17 01:49:00
247,159,view,1.0,2026-04-06 23:18:48
247,226,view,1.0,2026-04-08 05:07:24
247,234,view,1.0,2026-04-20 10:38:21
247,344,view,1.0,2026-04-25 15:54:26
247,339,purchase,4.0,2026-04-26 00:16:11
247,341,purchase,4.0,2026-05-12 04:01:33
247,362,like,2.0,2026-05-22 11:03:38
247,220,view,1.0,2026-05-25 16:38:24
247,233,view,1.0,2026-05-27 20:35:12
247,299,purchase,4.0,2026-05-28 20:47:52
247,87,view,1.0,2026-06-12 22:27:31
247,137,purchase,4.0,2026-06-14 20:59:54
247,375,view,1.0,2026-06-17 07:10:13
247,204,view,1.0,2026-07-05 01:52:25
247,20,purchase,4.0,2026-07-25 11:48:34
247,158,view,1.0,2026-07-26 19:35:40
247,72,view,1.0,2026-07-28 11:02:22
247,134,view,1.0,2026-07-31 00:21:20
247,216,view,1.0,2026-08-31 14:22:20
247,195,purchase,4.0,2026-09-07 05:30:48
247,192,view,1.0,2026-09-14 20:31:17
247,6,like,2.0,2026-09-15 00:27:29
247,169,purchase,4.0,2026-09-23 19:46:16
248,328,like,2.0,2026-04-27 03:43:48
248,137,like,2.0,2026-04-28 10:46:18
248,267,view,1.0,2026-05-22 19:16:09
248,375,like,2.0,2026-05-24 07:33:20
248,92,like,2.0,2026-06-27 05:56:10
248,9,view,1.0,2026-07-22 02:24:16
248,332,view,1.0,2026-07-27 03:59:03
248,288,like,2.0,2026-08-02 12:47:42
248,74,like,2.0,2026-08-08 03:27:58
248,195,like,2.0,2026-08-21 13:12:58
248,234,purchase,4.0,2026-08-24 02:17:02
248,251,view,1.0,2026-08-30 01:31:29
249,18,view,1.0,2026-04-19 17:20:19
249,187,view,1.0,2026-04-25 23:39:36
249,96,like,2.0,2026-05-22 18:59:28
249,203,like,2.0,2026-05-28 20:47:38
249,111,view,1.0,2026-05-30 22:29:57
249,340,view,1.0,2026-06-12 07:08:35
249,304,purchase,4.0,2026-06-23 01:16:05
249,367,like,2.0,2026-06-23 02:23:29
249,83,view,1.0,2026-06-23 03:16:42
249,164,view,1.0,2026-07-02 09:17:03
249,328,view,1.0,2026-07-16 17:28:52
249,394,view,1.0,2026-07-17 11:10:04
249,314,purchase,4.0,2026-07-22 19:50:36
249,350,view,1.0,2026-07-30 19:47:54
249,169,view,1.0,2026-09-01 14:00:50
250,187,like,2.0,2026-04-07 07:14:42
250,87,like,2.0,2026-04-10 04:38:40
250,217,view,1.0,2026-04-13 07:03:51
250,154,view,1.0,2026-04-17 14:08:27
250,141,like,2.0,2026-04-19 05:31:56
250,31,like,2.0,2026-04-22 22:14:08
250,371,like,2.0,2026-04-29 20:37:58
250,279,view,1.0,2026-05-27 04:46:46
250,295,view,1.0,2026-06-02 01:53:00
250,96,purchase,4.0,2026-06-04 01:54:24
250,283,view,1.0,2026-06-06 09:10:33
250,164,view,1.0,2026-06-16 00:09:26
250,30,view,1.0,2026-06-30 16:40:35
250,163,view,1.0,2026-07-04 06:20:21
250,52,view,1.0,2026-07-14 01:42:24
250,337,purchase,4.0,2026-07-14 09:00:03
250,335,purchase,4.0,2026-07-21 21:49:38
250,115,view,1.0,2026-08-06 14:47:59
250,222,view,1.0,2026-08-17 19:39:38
250,150,view,1.0,2026-08-20 10:48:08
250,70,view,1.0,2026-08-25 20:51:58
250,254,view,1.0,2026-09-17 16:54:06
251,303,like,2.0,2026-04-04 02:21:39
251,39,view,1.0,2026-04-08 09:01:20
251,53,like,2.0,2026-04-26 13:11:12
251,43,view,1.0,2026-04-29 15:39:09
251,304,like,2.0,2026-05-02 06:55:48
251,252,like,2.0,2026-05-04 05:21:51
251,191,like,2.0,2026-05-05 09:29:02
251,203,like,2.0,2026-05-07 00:19:59
251,340,like,2.0,2026-05-14 06:35:19
251,41,like,2.0,2026-05-22 09:56:31
251,159,view,1.0,2026-05-24 10:00:32
251,314,like,2.0,2026-06-01 11:54:09
251,281,view,1.0,2026-06-03 00:20:42
251,178,view,1.0,2026-06-03 02:56:17
251,87,view,1.0,2026-06-04 21:57:52
251,381,view,1.0,2026-06-05 09:47:56
251,169,like,2.0,2026-06-09 17:18:55
251,356,view,1.0,2026-06-24 18:27:28
251,322,view,1.0,2026-06-30 00:01:42
251,352,view,1.0,2026-07-03 22:48:28
251,4,like,2.0,2026-07-15 17:21:20
251,107,view,1.0,2026-07-23 00:41:48
251,111,view,1.0,2026-07-25 16:33:57
251,109,view,1.0,2026-07-28 11:41:36
251,164,like,2.0,2026-08-06 16:31:57
251,170,view,1.0,2026-08-17 03:17:43
251,267,view,1.0,2026-08-18 01:46:34
251,126,view,1.0,2026-08-19 00:44:34
251,149,view,1.0,2026-08-31 17:41:48
251,287,view,1.0,2026-09-04 10:22:17
251,1,view,1.0,2026-09-15 14:08:38
251,313,view,1.0,2026-09-16 20:00:35
252,122,like,2.0,2026-04-05 00:55:19
252,48,purchase,4.0,2026-04-05 11:08:28
252,388,purchase,4.0,2026-04-06 18:17:46
252,62,purchase,4.0,2026-04-14 09:03:37
252,317,view,1.0,2026-04-17 21:18:29
252,12,purchase,4.0,2026-04-21 07:02:54
252,92,like,2.0,2026-04-25 15:26:48
252,102,view,1.0,2026-05-05 06:06:14
252,116,view,1.0,2026-05-07 06:20:06
252,376,like,2.0,2026-05-15 10:36:08
252,279,purchase,4.0,2026-05-18 15:31:08
252,386,view,1.0,2026-05-22 12:10:28
252,149,view,1.0,2026-06-16 20:56:38
252,319,view,1.0,2026-06-18 21:35:37
252,348,view,1.0,2026-06-21 22:09:38
252,293,view,1.0,2026-06-23 21:31:09
252,367,view,1.0,2026-07-05 02:59:32
252,258,view,1.0,2026-07-06 11:38:02
252,385,like,2.0,2026-07-08 01:01:25
252,294,like,2.0,2026-07-09 00:42:12
252,107,purchase,4.0,2026-07-09 04:58:30
252,323,view,1.0,2026-07-11 18:53:59
252,357,like,2.0,2026-07-27 03:22:50
252,142,like,2.0,2026-08-11 16:28:36
252,355,view,1.0,2026-08-15 00:38:56
252,127,view,1.0,2026-08-17 13:48:37
252,10,like,2.0,2026-08-21 14:03:26
252,244,view,1.0,2026-08-25 03:32:55
252,42,like,2.0,2026-08-30 21:47:15
252,291,view,1.0,2026-09-02 00:11:38
252,141,view,1.0,2026-09-02 21:41:14
252,340,view,1.0,2026-09-03 01:19:02
252,306,view,1.0,2026-09-05 07:38:19
252,241,view,1.0,2026-09-12 04:09:10
252,163,like,2.0,2026-09-16 06:25:13
252,134,like,2.0,2026-09-19 15:26:18
252,76,view,1.0,2026-09-21 02:34:47
253,12,purchase,4.0,2026-04-05 08:33:55
253,232,view,1.0,2026-04-12 19:27:36
253,153,like,2.0,2026-05-05 08:33:45
253,150,view,1.0,2026-05-28 14:02:20
253,399,view,1.0,2026-06-03 01:40:38
253,42,like,2.0,2026-06-28 01:54:06
253,60,like,2.0,2026-07-08 22:20:15
253,357,purchase,4.0,2026-07-12 23:16:16
253,48,view,1.0,2026-08-02 17:41:43
253,376,purchase,4.0,2026-08-08 01:46:37
253,273,like,2.0,2026-08-09 10:20:21
253,212,like,2.0,2026-08-11 04:04:04
253,109,view,1.0,2026-08-14 16:16:09
253,142,like,2.0,2026-08-16 11:15:54
253,348,view,1.0,2026-08-19 08:07:47
253,20,view,1.0,2026-08-30 00:11:07
254,380,view,1.0,2026-04-13 17:05:23
254,294,view,1.0,2026-04-13 21:43:28
254,340,view,1.0,2026-05-26 22:21:53
254,389,view,1.0,2026-06-04 06:20:36
254,177,purchase,4.0,2026-06-06 17:32:24
254,371,view,1.0,2026-07-08 16:40:04
254,5,purchase,4.0,2026-07-08 21:46:13
254,31,view,1.0,2026-08-11 00:12:58
254,204,like,2.0,2026-09-06 16:50:22
254,164,view,1.0,2026-09-10 14:39:50
255,152,view,1.0,2026-04-23 12:00:06
255,52,view,1.0,2026-05-29 22:09:39
255,299,purchase,4.0,2026-06-10 15:25:19
255,8,view,1.0,2026-06-12 07:19:33
255,101,view,1.0,2026-07-21 22:57:22
255,207,view,1.0,2026-07-23 15:23:11
255,162,view,1.0,2026-07-25 07:30:52
256,240,like,2.0,2026-04-03 20:50:28
256,371,view,1.0,2026-04-07 03:49:07
256,357,like,2.0,2026-04-12 22:12:28
256,210,view,1.0,2026-04-21 03:31:44
256,289,like,2.0,2026-04-25 04:27:59
256,150,like,2.0,2026-05-17 03:37:19
256,320,view,1.0,2026-05-17 13:08:16
256,62,view,1.0,2026-06-21 23:08:54
256,12,like,2.0,2026-07-02 03:27:12
256,213,like,2.0,2026-07-24 06:42:10
256,82,like,2.0,2026-07-30 19:16:46
256,293,view,1.0,2026-08-06 11:18:11
256,37,view,1.0,2026-08-09 11:13:07
256,4,like,2.0,2026-09-21 08:42:23
256,273,like,2.0,2026-09-26 21:01:58
257,164,like,2.0,2026-04-17 20:03:11
257,228,view,1.0,2026-04-27 21:58:02
257,222,view,1.0,2026-05-03 21:12:18
257,274,purchase,4.0,2026-05-09 17:33:31
257,62,view,1.0,2026-05-10 17:37:59
257,23,view,1.0,2026-05-17 23:57:23
257,311,like,2.0,2026-05-19 18:37:42
257,83,like,2.0,2026-05-21 00:00:15
257,122,view,1.0,2026-05-27 12:14:45
257,170,purchase,4.0,2026-07-03 16:09:03
257,279,view,1.0,2026-07-17 11:38:36
257,64,view,1.0,2026-07-28 13:18:24
257,358,purchase,4.0,2026-07-29 11:46:29
257,125,view,1.0,2026-08-01 10:21:17
257,397,like,2.0,2026-08-16 17:00:53
257,111,like,2.0,2026-08-20 14:46:46
257,281,view,1.0,2026-08-31 03:22:59
257,149,purchase,4.0,2026-09-06 16:41:51
257,328,purchase,4.0,2026-09-16 13:40:34
257,171,like,2.0,2026-09-28 10:56:36
258,164,view,1.0,2026-04-08 11:14:39
258,270,view,1.0,2026-04-22 05:26:17
258,146,like,2.0,2026-05-01 18:49:13
258,210,purchase,4.0,2026-05-11 11:12:07
258,4,like,2.0,2026-05-27 19:30:32
258,150,purchase,4.0,2026-06-26 15:43:12
258,390,like,2.0,2026-06-29 20:55:15
258,309,purchase,4.0,2026-08-14 08:15:30
259,234,view,1.0,2026-05-20 12:03:12
259,233,view,1.0,2026-05-28 06:14:00
259,220,view,1.0,2026-06-08 09:30:47
259,91,view,1.0,2026-06-10 15:40:17
259,202,view,1.0,2026-06-28 17:32:38
259,391,purchase,4.0,2026-07-24 03:33:07
259,173,purchase,4.0,2026-08-06 21:23:04
259,362,view,1.0,2026-09-02 00:20:29
260,390,like,2.0,2026-05-25 19:15:09
260,115,view,1.0,2026-06-02 01:27:48
260,310,purchase,4.0,2026-07-20 19:22:10
260,314,view,1.0,2026-08-03 13:40:21
260,340,view,1.0,2026-08-04 22:50:56
260,259,view,1.0,2026-08-07 23:05:26
260,60,view,1.0,2026-09-19 11:29:18
261,16,purchase,4.0,2026-04-09 22:48:17
261,115,view,1.0,2026-05-04 21:04:48
261,106,view,1.0,2026-06-25 22:55:52
261,326,purchase,4.0,2026-06-28 12:40:43
261,145,like,2.0,2026-08-01 17:49:33
261,31,view,1.0,2026-08-14 09:36:54
261,350,purchase,4.0,2026-08-18 12:38:33
261,4,purchase,4.0,2026-09-01 23:39:24
261,182,like,2.0,2026-09-05 20:59:04
261,30,like,2.0,2026-09-27 08:25:45
262,217,view,1.0,2026-04-26 14:59:04
262,89,view,1.0,2026-05-05 01:51:39
262,229,purchase,4.0,2026-05-11 12:23:06
262,102,view,1.0,2026-05-12 02:46:06
262,158,view,1.0,2026-05-24 04:43:43
262,236,view,1.0,2026-05-25 13:05:32
262,251,view,1.0,2026-05-27 12:32:15
262,12,view,1.0,2026-06-05 13:08:00
262,213,view,1.0,2026-06-16 22:10:28
262,320,view,1.0,2026-06-19 18:51:59
262,91,view,1.0,2026-07-12 20:31:36
262,211,purchase,4.0,2026-07-13 01:10:31
262,171,like,2.0,2026-07-19 08:59:26
262,337,view,1.0,2026-07-29 10:29:26
262,166,view,1.0,2026-08-01 15:35:40
262,382,view,1.0,2026-08-04 10:46:06
263,4,purchase,4.0,2026-04-06 20:01:49
263,14,view,1.0,2026-04-07 00:42:54
263,116,like,2.0,2026-04-09 00:00:53
263,58,purchase,4.0,2026-04-30 04:28:11
263,155,purchase,4.0,2026-06-12 14:28:43
263,289,like,2.0,2026-07-01 21:52:50
263,398,view,1.0,2026-07-20 14:09:55
263,72,view,1.0,2026-09-03 21:08:33
263,97,view,1.0,2026-09-18 01:55:46
263,314,like,2.0,2026-09-21 15:31:28
263,101,view,1.0,2026-09-23 13:33:46
263,286,like,2.0,2026-09-25 14:21:47
263,238,view,1.0,2026-09-26 08:30:24
264,390,like,2.0,2026-04-06 21:32:32
264,306,purchase,4.0,2026-04-14 10:46:52
264,285,view,1.0,2026-04-15 09:54:58
264,180,view,1.0,2026-04-15 11:00:30
264,9,like,2.0,2026-04-15 11:37:20
264,220,like,2.0,2026-04-20 14:47:57
264,272,view,1.0,2026-04-27 01:19:45
264,295,view,1.0,2026-05-02 11:45:09
264,252,like,2.0,2026-05-02 18:10:35
264,132,purchase,4.0,2026-05-03 18:11:35
264,96,view,1.0,2026-05-09 05:48:34
264,31,view,1.0,2026-05-10 03:47:38
264,294,view,1.0,2026-05-12 20:30:07
264,389,purchase,4.0,2026-05-16 12:15:14
264,214,view,1.0,2026-05-20 08:03:09
264,279,view,1.0,2026-05-22 04:43:22
264,288,like,2.0,2026-05-22 11:15:53
264,72,view,1.0,2026-05-23 16:12:51
264,80,like,2.0,2026-05-23 21:15:07
264,89,purchase,4.0,2026-05-27 06:23:21
264,369,purchase,4.0,2026-05-27 06:40:02
264,3,view,1.0,2026-06-01 10:15:35
264,164,view,1.0,2026-06-11 22:57:54
264,271,view,1.0,2026-06-14 06:09:38
264,385,view,1.0,2026-06-14 21:36:03
264,144,purchase,4.0,2026-06-15 02:25:58
264,244,view,1.0,2026-06-25 09:52:06
264,171,view,1.0,2026-06-30 10:12:45
264,304,like,2.0,2026-07-05 20:24:37
264,225,like,2.0,2026-07-08 05:20:16
264,61,like,2.0,2026-07-19 14:51:52
264,239,view,1.0,2026-08-01 23:16:24
264,233,like,2.0,2026-08-05 04:57:26
264,305,like,2.0,2026-08-05 14:50:09
264,267,view,1.0,2026-08-24 03:53:10
264,161,purchase,4.0,2026-08-24 17:09:21
264,137,purchase,4.0,2026-08-29 20:58:58
264,114,purchase,4.0,2026-08-30 03:35:24
264,236,purchase,4.0,2026-09-06 01:16:38
264,50,view,1.0,2026-09-10 12:18:07
264,318,like,2.0,2026-09-11 13:03:15
264,90,view,1.0,2026-09-13 12:17:39
264,73,view,1.0,2026-09-17 11:26:45
264,345,purchase,4.0,2026-09-20 11:54:03
264,293,like,2.0,2026-09-20 17:56:18
264,319,view,1.0,2026-09-22 11:05:49
264,146,view,1.0,2026-09-22 19:15:31
264,248,view,1.0,2026-09-26 05:32:21
264,371,view,1.0,2026-09-29 07:24:03
265,62,view,1.0,2026-04-05 02:40:42
265,31,view,1.0,2026-04-08 00:21:55
265,322,view,1.0,2026-04-16 16:41:06
265,1,purchase,4.0,2026-04-20 05:51:18
265,213,like,2.0,2026-05-09 06:54:04
265,141,view,1.0,2026-05-10 05:23:39
265,244,view,1.0,2026-05-22 13:06:01
265,209,like,2.0,2026-05-24 09:56:06
265,212,view,1.0,2026-05-28 23:51:25
265,67,view,1.0,2026-05-29 00:03:11
265,115,view,1.0,2026-06-09 19:13:55
265,272,like,2.0,2026-06-12 12:22:49
265,5,view,1.0,2026-06-13 06:50:04
265,222,purchase,4.0,2026-06-14 02:07:38
265,199,like,2.0,2026-06-14 07:41:53
265,138,like,2.0,2026-06-14 10:26:05
265,134,view,1.0,2026-06-18 07:45:53
265,314,view,1.0,2026-06-19 02:41:03
265,156,view,1.0,2026-06-20 03:24:45
265,390,view,1.0,2026-06-25 21:12:40
265,52,view,1.0,2026-06-26 16:08:51
265,313,like,2.0,2026-07-01 10:14:32
265,150,purchase,4.0,2026-07-04 20:06:18
265,284,like,2.0,2026-07-04 20:47:05
265,102,like,2.0,2026-07-06 00:44:10
265,205,view,1.0,2026-07-10 21:54:05
265,311,view,1.0,2026-07-17 02:03:28
265,172,purchase,4.0,2026-07-17 08:27:06
265,135,view,1.0,2026-07-21 01:23:22
265,13,view,1.0,2026-07-24 15:00:36
265,365,view,1.0,2026-07-25 22:18:12
265,232,view,1.0,2026-07-26 13:12:05
265,170,view,1.0,2026-07-26 15:04:41
265,154,view,1.0,2026-08-02 14:41:10
265,15,view,1.0,2026-08-03 19:24:23
265,74,view,1.0,2026-08-04 20:30:24
265,98,like,2.0,2026-08-07 17:34:01
265,173,view,1.0,2026-08-09 09:57:24
265,169,view,1.0,2026-08-10 01:07:16
265,309,view,1.0,2026-08-10 22:44:46
265,317,view,1.0,2026-08-11 08:44:54
265,206,view,1.0,2026-08-16 04:24:16
265,218,like,2.0,2026-08-18 03:26:16
265,358,view,1.0,2026-08-18 06:23:41
265,60,view,1.0,2026-08-28 02:16:32
265,251,view,1.0,2026-08-31 20:48:16
265,118,view,1.0,2026-09-04 05:01:09
265,21,view,1.0,2026-09-06 00:44:55
265,186,view,1.0,2026-09-10 07:46:52
265,120,view,1.0,2026-09-27 01:09:30
265,2,view,1.0,2026-09-28 10:21:28
265,211,view,1.0,2026-09-28 20:36:04
266,216,view,1.0,2026-04-09 01:25:19
266,252,like,2.0,2026-04-23 10:46:15
266,266,view,1.0,2026-04-27 15:54:18
266,164,view,1.0,2026-04-29 00:22:16
266,203,like,2.0,2026-04-30 15:24:48
266,279,view,1.0,2026-05-09 12:41:14
266,132,purchase,4.0,2026-05-14 21:56:48
266,304,like,2.0,2026-05-15 12:57:03
266,150,view,1.0,2026-05-21 16:22:59
266,236,view,1.0,2026-06-04 03:51:50
266,339,view,1.0,2026-06-08 09:18:08
266,6,view,1.0,2026-06-17 04:55:21
266,108,view,1.0,2026-06-19 04:45:55
266,225,view,1.0,2026-06-23 00:26:55
266,43,purchase,4.0,2026-06-25 21:05:07
266,91,like,2.0,2026-06-27 16:00:58
266,8,view,1.0,2026-06-29 02:47:25
266,246,like,2.0,2026-07-12 23:19:19
266,9,like,2.0,2026-07-13 04:36:58
266,51,view,1.0,2026-07-14 00:13:37
266,389,like,2.0,2026-07-20 20:15:09
266,219,like,2.0,2026-07-21 17:22:13
266,170,like,2.0,2026-07-26 09:08:00
266,229,like,2.0,2026-08-05 15:18:54
266,251,like,2.0,2026-08-08 04:07:10
266,120,purchase,4.0,2026-08-15 11:44:48
266,89,view,1.0,2026-09-03 14:27:08
266,206,purchase,4.0,2026-09-05 04:56:27
266,272,view,1.0,2026-09-09 03:52:40
266,344,view,1.0,2026-09-18 03:12:01
266,244,like,2.0,2026-09-23 16:11:57
267,72,view,1.0,2026-04-24 19:34:09
267,276,view,1.0,2026-05-19 06:40:48
267,398,like,2.0,2026-05-19 07:40:37
267,334,like,2.0,2026-05-20 05:42:00
267,85,like,2.0,2026-09-08 15:05:34
268,122,view,1.0,2026-04-07 08:27:37
268,251,purchase,4.0,2026-04-10 23:57:03
268,164,view,1.0,2026-04-16 01:24:11
268,171,view,1.0,2026-04-18 02:02:15
268,204,purchase,4.0,2026-04-24 12:17:08
268,127,view,1.0,2026-04-29 10:48:21
268,314,view,1.0,2026-05-16 16:18:54
268,79,view,1.0,2026-05-18 02:59:41
268,5,like,2.0,2026-05-19 17:37:12
268,336,purchase,4.0,2026-05-21 10:55:49
268,354,view,1.0,2026-06-01 18:10:31
268,90,view,1.0,2026-06-04 18:11:25
268,128,like,2.0,2026-06-12 11:28:31
268,283,purchase,4.0,2026-06-24 12:04:46
268,72,view,1.0,2026-06-25 09:09:24
268,392,like,2.0,2026-07-08 06:35:00
268,13,view,1.0,2026-07-22 12:04:55
268,391,view,1.0,2026-09-18 05:45:59
268,21,purchase,4.0,2026-09-26 19:26:58
268,111,view,1.0,2026-09-29 00:58:19
269,222,view,1.0,2026-04-27 21:42:07
269,364,purchase,4.0,2026-05-11 03:12:56
269,212,like,2.0,2026-05-11 15:29:46
269,25,purchase,4.0,2026-05-18 08:37:25
269,138,view,1.0,2026-05-18 15:05:39
269,237,purchase,4.0,2026-05-26 02:16:54
269,136,purchase,4.0,2026-05-29 09:41:12
269,308,view,1.0,2026-06-01 04:03:47
269,75,purchase,4.0,2026-06-01 20:25:26
269,58,view,1.0,2026-06-06 03:35:34
269,92,like,2.0,2026-06-15 12:08:37
269,357,view,1.0,2026-06-27 08:07:24
269,269,purchase,4.0,2026-06-30 17:54:46
269,207,like,2.0,2026-07-08 15:32:19
269,115,purchase,4.0,2026-07-10 05:52:59
269,376,view,1.0,2026-08-18 01:35:30
269,157,view,1.0,2026-09-14 10:35:46
269,293,like,2.0,2026-09-29 13:47:41
270,60,like,2.0,2026-04-06 00:06:44
270,88,like,2.0,2026-04-14 02:10:00
270,84,like,2.0,2026-04-22 00:48:40
270,368,like,2.0,2026-05-01 01:02:32
270,10,purchase,4.0,2026-05-09 16:51:06
270,363,purchase,4.0,2026-05-12 17:18:23
270,14,view,1.0,2026-05-14 06:26:05
270,350,view,1.0,2026-05-22 00:52:15
270,166,view,1.0,2026-05-24 05:37:48
270,31,view,1.0,2026-05-25 01:14:57
270,339,like,2.0,2026-05-30 13:44:38
270,98,like,2.0,2026-06-02 19:05:40
270,362,view,1.0,2026-06-22 15:32:26
270,311,like,2.0,2026-06-23 08:40:47
270,393,purchase,4.0,2026-07-07 12:15:50
270,355,view,1.0,2026-07-19 12:59:19
270,94,view,1.0,2026-07-20 23:33:41
270,156,view,1.0,2026-08-11 00:50:09
270,283,like,2.0,2026-08-13 08:10:37
270,118,view,1.0,2026-08-17 04:16:23
270,214,view,1.0,2026-08-21 05:37:18
270,93,view,1.0,2026-08-26 02:05:23
270,272,view,1.0,2026-09-03 05:03:08
270,133,like,2.0,2026-09-06 17:15:50
270,20,like,2.0,2026-09-08 14:03:47
270,391,view,1.0,2026-09-09 14:07:46
270,357,view,1.0,2026-09-13 22:25:37
270,114,purchase,4.0,2026-09-14 08:06:58
270,48,purchase,4.0,2026-09-21 13:19:03
271,231,view,1.0,2026-04-06 00:29:25
271,203,purchase,4.0,2026-04-07 10:38:11
271,18,like,2.0,2026-04-10 12:29:10
271,5,view,1.0,2026-04-12 21:52:42
271,378,view,1.0,2026-04-25 21:09:12
271,200,view,1.0,2026-05-09 09:15:42
271,319,view,1.0,2026-05-18 19:09:23
271,96,view,1.0,2026-05-26 12:17:57
271,107,view,1.0,2026-05-31 14:29:23
271,230,view,1.0,2026-06-03 18:37:09
271,355,view,1.0,2026-06-12 11:01:28
271,130,view,1.0,2026-06-16 10:02:53
271,143,view,1.0,2026-06-19 11:49:22
271,224,view,1.0,2026-06-21 16:50:36
271,9,like,2.0,2026-07-03 02:49:48
271,164,view,1.0,2026-07-13 07:06:02
271,226,like,2.0,2026-07-13 15:38:35
271,2,purchase,4.0,2026-07-15 00:57:55
271,261,view,1.0,2026-07-17 17:27:51
271,10,view,1.0,2026-07-22 13:39:39
271,304,like,2.0,2026-07-29 00:23:12
271,327,view,1.0,2026-08-01 22:55:10
271,345,view,1.0,2026-08-08 06:40:43
271,279,view,1.0,2026-08-14 18:43:08
271,136,view,1.0,2026-09-02 12:10:43
271,176,like,2.0,2026-09-16 04:06:54
271,48,view,1.0,2026-09-24 22:45:05
272,388,like,2.0,2026-05-17 08:10:59
272,92,view,1.0,2026-06-03 13:25:25
272,58,like,2.0,2026-06-21 00:51:27
272,165,like,2.0,2026-07-29 01:04:04
272,210,like,2.0,2026-08-04 23:03:21
272,286,view,1.0,2026-08-22 16:45:45
272,387,view,1.0,2026-09-27 16:35:48
273,61,view,1.0,2026-04-14 14:18:07
273,222,view,1.0,2026-04-20 17:04:40
273,31,view,1.0,2026-05-10 14:24:18
273,96,view,1.0,2026-06-14 10:37:39
273,136,view,1.0,2026-06-15 20:01:56
273,237,like,2.0,2026-06-16 06:17:45
273,225,like,2.0,2026-07-06 00:52:40
273,261,view,1.0,2026-07-09 00:40:51
273,335,like,2.0,2026-07-16 00:23:15
273,78,view,1.0,2026-07-24 22:56:59
273,306,like,2.0,2026-07-29 04:58:03
273,274,view,1.0,2026-08-01 22:35:32
273,27,like,2.0,2026-08-12 13:21:19
273,149,view,1.0,2026-08-13 07:21:13
273,5,view,1.0,2026-08-24 11:06:41
273,129,like,2.0,2026-09-15 16:48:41
273,109,view,1.0,2026-09-19 21:19:49
273,365,view,1.0,2026-09-28 10:35:55
273,366,like,2.0,2026-09-29 22:16:39
274,324,purchase,4.0,2026-04-04 18:56:00
274,200,purchase,4.0,2026-04-23 18:17:52
274,366,like,2.0,2026-04-24 05:30:36
274,19,like,2.0,2026-04-28 09:55:33
274,362,view,1.0,2026-04-30 12:12:16
274,391,like,2.0,2026-05-20 02:28:55
274,76,like,2.0,2026-06-06 15:27:39
274,169,view,1.0,2026-06-06 19:00:54
274,229,like,2.0,2026-06-13 18:46:36
274,347,view,1.0,2026-06-23 09:31:39
274,78,view,1.0,2026-06-23 16:34:07
274,137,like,2.0,2026-07-17 15:44:59
274,307,view,1.0,2026-07-27 11:17:34
274,165,view,1.0,2026-08-08 03:09:46
274,221,view,1.0,2026-08-22 15:19:41
274,212,like,2.0,2026-09-01 05:16:31
274,389,view,1.0,2026-09-05 10:59:59
274,68,view,1.0,2026-09-11 22:03:49
274,374,purchase,4.0,2026-09-14 08:24:32
274,215,like,2.0,2026-09-18 04:59:28
274,355,view,1.0,2026-09-22 04:25:24
275,12,view,1.0,2026-04-04 17:14:37
275,396,purchase,4.0,2026-04-05 13:22:09
275,184,view,1.0,2026-04-06 16:13:14
275,212,purchase,4.0,2026-04-08 04:26:34
275,101,like,2.0,2026-04-11 00:55:05
275,4,view,1.0,2026-04-11 09:23:02
275,304,like,2.0,2026-04-13 12:31:42
275,293,like,2.0,2026-04-16 04:56:21
275,391,view,1.0,2026-04-16 12:30:52
275,9,view,1.0,2026-04-17 01:57:29
275,51,view,1.0,2026-04-18 12:22:27
275,285,view,1.0,2026-04-20 22:21:04
275,134,like,2.0,2026-04-21 10:54:29
275,20,like,2.0,2026-04-24 09:39:37
275,120,view,1.0,2026-04-24 17:26:35
275,31,view,1.0,2026-04-26 11:15:54
275,355,like,2.0,2026-04-26 22:47:20
275,357,like,2.0,2026-04-28 09:37:08
275,258,like,2.0,2026-04-28 17:45:33
275,146,purchase,4.0,2026-04-29 15:06:16
275,315,view,1.0,2026-05-05 05:32:14
275,252,view,1.0,2026-05-07 04:29:19
275,333,view,1.0,2026-05-09 03:52:45
275,210,purchase,4.0,2026-05-13 16:19:44
275,388,view,1.0,2026-05-14 19:52:37
275,113,view,1.0,2026-05-15 12:32:17
275,234,view,1.0,2026-05-18 03:37:51
275,342,view,1.0,2026-05-18 20:50:04
275,366,view,1.0,2026-05-20 06:52:07
275,385,purchase,4.0,2026-05-20 10:54:25
275,150,view,1.0,2026-05-24 00:37:49
275,279,like,2.0,2026-05-24 21:33:51
275,266,view,1.0,2026-05-26 15:09:27
275,67,view,1.0,2026-05-28 04:45:06
275,164,view,1.0,2026-05-28 09:33:45
275,376,view,1.0,2026-05-30 07:42:49
275,344,view,1.0,2026-05-30 16:46:03
275,204,view,1.0,2026-06-01 05:41:03
275,57,like,2.0,2026-06-01 14:14:56
275,151,view,1.0,2026-06-02 04:08:33
275,52,like,2.0,2026-06-03 13:05:06
275,23,view,1.0,2026-06-06 13:10:40
275,374,view,1.0,2026-06-09 09:31:58
275,202,view,1.0,2026-06-10 00:27:41
275,289,view,1.0,2026-06-10 12:47:23
275,25,view,1.0,2026-06-13 12:30:49
275,89,like,2.0,2026-06-14 07:46:30
275,61,view,1.0,2026-06-20 02:07:23
275,292,view,1.0,2026-06-20 16:26:20
275,200,view,1.0,2026-06-22 04:54:13
275,347,view,1.0,2026-06-24 21:33:03
275,380,view,1.0,2026-06-27 01:16:41
275,114,view,1.0,2026-06-30 22:58:17
275,62,like,2.0,2026-06-30 23:54:19
275,261,view,1.0,2026-07-01 15:00:20
275,354,view,1.0,2026-07-02 09:46:27
275,283,view,1.0,2026-07-04 07:07:06
275,270,purchase,4.0,2026-07-04 13:38:25
275,185,view,1.0,2026-07-04 17:42:11
275,32,purchase,4.0,2026-07-05 22:36:06
275,213,like,2.0,2026-07-07 00:16:52
275,13,view,1.0,2026-07-07 21:06:50
275,178,view,1.0,2026-07-08 23:02:32
275,58,like,2.0,2026-07-08 23:15:41
275,198,view,1.0,2026-07-13 04:32:31
275,220,view,1.0,2026-07-13 20:01:20
275,303,view,1.0,2026-07-13 20:14:59
275,341,view,1.0,2026-07-14 10:27:45
275,122,view,1.0,2026-07-16 22:31:26
275,141,purchase,4.0,2026-07-19 03:13:04
275,107,purchase,4.0,2026-07-19 08:59:32
275,124,view,1.0,2026-07-20 02:54:50
275,142,purchase,4.0,2026-07-22 11:16:32
275,128,view,1.0,2026-07-22 21:12:18
275,356,view,1.0,2026-07-24 20:10:45
275,390,view,1.0,2026-07-26 03:18:03
275,30,view,1.0,2026-07-26 14:52:07
275,239,view,1.0,2026-07-28 06:22:45
275,33,view,1.0,2026-07-28 15:39:53
275,274,view,1.0,2026-07-30 05:50:51
275,92,view,1.0,2026-07-30 23:35:30
275,72,like,2.0,2026-07-31 02:40:51
275,93,view,1.0,2026-07-31 03:20:22
275,273,view,1.0,2026-08-01 04:55:27
275,352,view,1.0,2026-08-01 07:47:45
275,394,view,1.0,2026-08-02 01:03:51
275,322,like,2.0,2026-08-02 03:01:33
275,59,like,2.0,2026-08-03 14:09:29
275,353,view,1.0,2026-08-04 09:20:04
275,297,like,2.0,2026-08-07 10:45:35
275,324,view,1.0,2026-08-08 10:52:48
275,121,view,1.0,2026-08-09 00:37:32
275,389,purchase,4.0,2026-08-10 09:22:45
275,248,view,1.0,2026-08-11 05:26:32
275,306,view,1.0,2026-08-12 10:53:54
275,339,like,2.0,2026-08-18 04:20:57
275,56,view,1.0,2026-08-20 02:39:17
275,129,view,1.0,2026-08-23 18:37:44
275,331,view,1.0,2026-08-23 19:10:23
275,368,purchase,4.0,2026-08-24 10:26:50
275,296,view,1.0,2026-08-25 18:42:45
275,182,view,1.0,2026-08-30 01:55:10
275,98,view,1.0,2026-08-31 05:44:15
275,206,like,2.0,2026-09-01 04:55:23
275,154,view,1.0,2026-09-08 02:26:39
275,223,view,1.0,2026-09-08 03:30:00
275,152,view,1.0,2026-09-09 16:08:40
275,191,view,1.0,2026-09-09 20:20:09
275,371,view,1.0,2026-09-12 03:45:39
275,233,like,2.0,2026-09-13 09:27:35
275,88,view,1.0,2026-09-13 21:22:07
275,172,view,1.0,2026-09-18 02:08:39
275,115,view,1.0,2026-09-21 02:23:52
275,284,view,1.0,2026-09-22 10:00:40
275,103,view,1.0,2026-09-23 18:14:26
275,188,purchase,4.0,2026-09-25 21:55:21
275,167,view,1.0,2026-09-26 06:31:44
275,173,view,1.0,2026-09-27 07:52:12
275,216,view,1.0,2026-09-28 03:36:49
275,259,view,1.0,2026-09-29 05:42:48
276,350,view,1.0,2026-04-04 12:45:10
276,245,like,2.0,2026-05-10 22:24:37
276,164,like,2.0,2026-05-21 06:55:31
276,345,view,1.0,2026-05-25 12:17:01
276,336,purchase,4.0,2026-07-04 10:36:41
276,43,view,1.0,2026-07-08 02:55:37
276,233,view,1.0,2026-07-09 00:25:22
276,134,purchase,4.0,2026-08-01 00:55:35
276,220,view,1.0,2026-08-14 14:07:16
276,304,purchase,4.0,2026-09-09 14:48:15
277,282,like,2.0,2026-04-07 03:23:56
277,31,view,1.0,2026-04-22 18:31:05
277,41,view,1.0,2026-07-07 08:39:45
277,358,view,1.0,2026-09-01 18:53:43
277,75,purchase,4.0,2026-09-02 01:16:46
277,122,view,1.0,2026-09-02 20:17:44
277,276,purchase,4.0,2026-09-20 13:52:34
277,20,purchase,4.0,2026-09-27 15:54:23
278,343,view,1.0,2026-04-05 11:55:39
278,70,view,1.0,2026-04-12 14:20:13
278,78,view,1.0,2026-04-28 21:42:15
278,380,view,1.0,2026-05-04 09:33:25
278,252,purchase,4.0,2026-05-12 03:58:06
278,118,like,2.0,2026-06-04 17:33:08
278,242,purchase,4.0,2026-06-06 00:47:57
278,103,like,2.0,2026-06-06 23:06:50
278,203,like,2.0,2026-07-02 08:53:07
278,137,like,2.0,2026-08-17 11:13:44
278,259,view,1.0,2026-08-22 16:11:34
278,314,like,2.0,2026-09-09 08:53:45
279,367,view,1.0,2026-04-21 23:54:54
279,222,like,2.0,2026-04-26 07:44:13
279,88,like,2.0,2026-05-06 11:20:20
279,101,view,1.0,2026-05-07 07:39:49
279,50,purchase,4.0,2026-05-19 00:57:38
279,358,like,2.0,2026-05-22 02:35:04
279,95,view,1.0,2026-06-07 15:10:24
279,380,purchase,4.0,2026-06-11 15:23:08
279,106,view,1.0,2026-06-17 08:38:09
279,314,view,1.0,2026-06-17 16:29:25
279,4,view,1.0,2026-06-18 17:59:18
279,178,like,2.0,2026-07-15 05:23:12
279,153,like,2.0,2026-08-16 10:32:54
279,134,view,1.0,2026-08-22 09:34:48
279,397,view,1.0,2026-09-16 16:00:39
279,279,view,1.0,2026-09-24 10:42:36
280,310,purchase,4.0,2026-04-06 01:54:15
280,31,purchase,4.0,2026-04-12 00:21:43
280,369,view,1.0,2026-04-12 10:12:37
280,77,purchase,4.0,2026-04-14 07:23:28
280,335,view,1.0,2026-04-17 14:46:27
280,187,view,1.0,2026-04-17 18:02:34
280,37,purchase,4.0,2026-04-19 02:50:02
280,149,view,1.0,2026-04-19 04:34:20
280,368,purchase,4.0,2026-04-30 08:24:23
280,279,like,2.0,2026-04-30 22:14:34
280,155,view,1.0,2026-05-03 14:15:04
280,221,view,1.0,2026-05-06 01:38:38
280,96,purchase,4.0,2026-05-07 16:46:31
280,243,view,1.0,2026-05-20 03:28:46
280,102,view,1.0,2026-05-20 17:56:51
280,332,view,1.0,2026-05-24 02:05:05
280,267,view,1.0,2026-05-28 06:44:15
280,157,view,1.0,2026-05-29 11:00:51
280,247,view,1.0,2026-06-05 00:25:01
280,126,view,1.0,2026-06-08 01:57:36
280,66,view,1.0,2026-06-08 14:07:57
280,109,view,1.0,2026-06-09 01:59:47
280,93,purchase,4.0,2026-06-20 07:40:30
280,254,purchase,4.0,2026-06-29 14:43:19
280,287,like,2.0,2026-07-02 18:53:55
280,172,purchase,4.0,2026-07-04 14:49:57
280,394,purchase,4.0,2026-07-05 00:18:37
280,354,view,1.0,2026-07-09 00:24:34
280,359,view,1.0,2026-07-09 10:17:42
280,154,purchase,4.0,2026-07-09 14:38:41
280,384,view,1.0,2026-07-11 19:24:29
280,304,view,1.0,2026-07-13 10:14:11
280,334,view,1.0,2026-07-13 11:38:22
280,352,view,1.0,2026-07-20 06:44:04
280,76,view,1.0,2026-07-21 03:24:43
280,261,view,1.0,2026-07-30 09:34:48
280,314,like,2.0,2026-08-15 17:01:28
280,13,view,1.0,2026-08-18 05:29:53
280,276,view,1.0,2026-08-22 00:35:11
280,253,purchase,4.0,2026-08-22 23:55:39
280,351,like,2.0,2026-08-27 15:19:58
280,132,view,1.0,2026-08-29 07:41:16
280,224,view,1.0,2026-09-06 18:00:09
280,5,view,1.0,2026-09-07 02:02:47
280,372,view,1.0,2026-09-12 13:03:55
281,12,view,1.0,2026-04-09 06:36:18
281,362,like,2.0,2026-04-19 20:56:05
281,325,like,2.0,2026-05-01 00:28:48
281,114,view,1.0,2026-05-01 21:43:09
281,196,purchase,4.0,2026-05-13 04:49:37
281,122,purchase,4.0,2026-05-15 15:32:54
281,364,like,2.0,2026-05-28 19:23:07
281,151,view,1.0,2026-06-01 13:23:28
281,158,purchase,4.0,2026-06-04 10:17:10
281,366,like,2.0,2026-06-13 08:41:43
281,231,view,1.0,2026-06-16 17:26:37
281,60,view,1.0,2026-06-21 21:34:42
281,238,like,2.0,2026-07-02 14:17:10
281,314,view,1.0,2026-07-06 06:02:35
281,126,like,2.0,2026-07-10 12:48:30
281,211,view,1.0,2026-07-11 20:58:30
281,209,view,1.0,2026-07-27 04:11:00
281,400,view,1.0,2026-08-02 15:25:00
281,244,view,1.0,2026-08-23 17:17:11
281,13,purchase,4.0,2026-08-30 21:42:58
281,394,purchase,4.0,2026-08-30 23:16:44
281,283,view,1.0,2026-09-01 04:46:23
281,163,purchase,4.0,2026-09-03 19:04:09
281,6,view,1.0,2026-09-21 18:19:19
281,73,view,1.0,2026-09-28 03:23:18
281,4,like,2.0,2026-09-28 06:44:45
282,203,like,2.0,2026-04-22 11:32:33
282,350,view,1.0,2026-05-02 22:39:49
282,90,view,1.0,2026-06-05 22:07:11
282,2,purchase,4.0,2026-06-16 16:55:47
282,57,purchase,4.0,2026-06-27 00:52:55
282,122,view,1.0,2026-08-09 08:13:15
282,267,view,1.0,2026-09-07 18:55:49
282,158,view,1.0,2026-09-18 07:56:18
282,48,purchase,4.0,2026-09-26 16:23:50
283,350,purchase,4.0,2026-04-23 22:56:58
283,398,like,2.0,2026-05-04 18:35:14
283,6,view,1.0,2026-06-03 10:31:27
283,63,view,1.0,2026-06-05 09:34:31
283,303,view,1.0,2026-06-08 05:08:48
283,222,like,2.0,2026-06-21 12:22:33
283,165,view,1.0,2026-07-03 17:41:49
283,73,like,2.0,2026-07-11 06:50:16
283,381,purchase,4.0,2026-07-21 09:54:04
283,65,like,2.0,2026-07-29 11:17:54
283,107,purchase,4.0,2026-07-30 22:09:56
283,130,view,1.0,2026-08-03 15:50:09
283,49,like,2.0,2026-08-17 01:13:44
283,225,view,1.0,2026-09-07 01:37:14
284,235,like,2.0,2026-04-20 20:57:15
284,163,purchase,4.0,2026-05-02 20:30:49
284,122,view,1.0,2026-05-15 12:35:55
284,328,view,1.0,2026-05-21 16:11:41
284,209,view,1.0,2026-05-23 07:49:42
284,203,view,1.0,2026-05-30 22:23:38
284,52,like,2.0,2026-06-06 02:44:36
284,92,purchase,4.0,2026-07-09 07:02:15
284,140,view,1.0,2026-07-15 23:35:54
284,259,view,1.0,2026-08-02 20:42:53
284,334,view,1.0,2026-08-06 01:25:57
284,397,like,2.0,2026-09-02 09:23:05
284,173,view,1.0,2026-09-06 07:39:23
284,301,like,2.0,2026-09-08 12:53:00
284,125,view,1.0,2026-09-12 01:38:06
285,200,view,1.0,2026-04-05 06:33:35
285,292,view,1.0,2026-04-08 04:40:43
285,291,view,1.0,2026-04-09 16:33:39
285,310,purchase,4.0,2026-04-19 01:23:17
285,319,view,1.0,2026-04-19 08:14:46
285,159,view,1.0,2026-04-19 12:25:04
285,150,view,1.0,2026-04-20 23:13:47
285,315,view,1.0,2026-04-24 14:21:38
285,219,like,2.0,2026-04-24 23:18:19
285,222,view,1.0,2026-04-25 11:27:21
285,164,view,1.0,2026-04-26 23:19:25
285,84,purchase,4.0,2026-04-28 04:10:09
285,172,like,2.0,2026-04-28 18:13:45
285,392,view,1.0,2026-04-28 19:49:40
285,115,view,1.0,2026-05-02 03:46:58
285,109,view,1.0,2026-05-08 02:27:57
285,52,like,2.0,2026-05-12 06:45:57
285,178,like,2.0,2026-05-15 03:55:18
285,258,purchase,4.0,2026-05-17 17:43:05
285,58,view,1.0,2026-05-19 18:45:12
285,101,view,1.0,2026-05-23 16:58:08
285,30,view,1.0,2026-05-27 15:47:07
285,12,purchase,4.0,2026-05-30 10:03:25
285,320,view,1.0,2026-05-30 23:28:22
285,358,view,1.0,2026-06-11 06:17:19
285,297,view,1.0,2026-06-13 02:31:23
285,343,view,1.0,2026-06-17 00:45:57
285,31,like,2.0,2026-06-20 08:57:27
285,355,view,1.0,2026-06-28 06:14:05
285,174,purchase,4.0,2026-06-30 05:50:21
285,301,purchase,4.0,2026-07-03 16:00:00
285,225,purchase,4.0,2026-07-04 08:34:23
285,142,view,1.0,2026-07-07 00:59:52
285,106,like,2.0,2026-07-11 00:00:15
285,48,purchase,4.0,2026-07-15 22:56:39
285,165,like,2.0,2026-07-19 20:10:28
285,187,view,1.0,2026-07-20 15:52:07
285,394,view,1.0,2026-07-22 05:42:07
285,9,view,1.0,2026-07-24 10:12:45
285,5,view,1.0,2026-07-25 19:50:53
285,129,view,1.0,2026-07-26 01:47:55
285,170,view,1.0,2026-08-03 16:05:47
285,96,view,1.0,2026-08-04 12:21:22
285,8,view,1.0,2026-08-09 16:07:18
285,335,view,1.0,2026-08-11 22:39:33
285,317,view,1.0,2026-08-27 07:48:46
285,77,view,1.0,2026-08-27 12:58:40
285,242,view,1.0,2026-08-28 01:31:08
285,370,purchase,4.0,2026-09-03 05:43:41
285,76,view,1.0,2026-09-03 17:19:37
285,6,view,1.0,2026-09-04 16:12:04
285,79,view,1.0,2026-09-05 08:52:53
285,337,view,1.0,2026-09-15 00:25:37
285,226,view,1.0,2026-09-17 13:49:54
285,147,view,1.0,2026-09-26 03:11:41
285,332,view,1.0,2026-09-27 02:08:12
287,20,view,1.0,2026-04-14 00:59:45
287,165,view,1.0,2026-04-14 22:04:52
287,233,view,1.0,2026-04-15 19:36:58
287,280,view,1.0,2026-04-18 18:08:47
287,343,view,1.0,2026-04-24 01:10:13
287,5,view,1.0,2026-04-27 13:51:53
287,339,purchase,4.0,2026-04-29 11:09:30
287,240,view,1.0,2026-05-07 11:59:35
287,386,view,1.0,2026-05-11 17:54:48
287,134,like,2.0,2026-05-22 20:46:55
287,253,view,1.0,2026-06-02 00:35:33
287,320,like,2.0,2026-06-09 14:36:33
287,212,purchase,4.0,2026-06-19 15:13:57
287,57,like,2.0,2026-07-16 03:45:59
287,12,like,2.0,2026-07-25 08:06:40
287,35,purchase,4.0,2026-07-25 16:32:49
287,206,like,2.0,2026-07-29 04:36:47
287,268,view,1.0,2026-07-29 14:12:29
287,232,like,2.0,2026-08-04 21:39:40
287,289,view,1.0,2026-08-06 02:46:55
287,6,like,2.0,2026-08-10 07:08:04
287,48,purchase,4.0,2026-08-11 16:01:03
287,314,view,1.0,2026-08-20 15:22:31
287,327,view,1.0,2026-08-22 17:52:25
287,285,view,1.0,2026-08-25 18:08:26
287,304,view,1.0,2026-08-27 08:13:43
287,388,like,2.0,2026-09-02 06:05:04
287,385,like,2.0,2026-09-10 06:15:59
287,269,like,2.0,2026-09-12 08:51:11
287,122,like,2.0,2026-09-18 13:48:23
287,4,view,1.0,2026-09-19 18:08:41
288,76,view,1.0,2026-04-25 01:53:00
288,170,like,2.0,2026-04-29 05:44:33
288,172,like,2.0,2026-05-11 19:46:38
288,237,view,1.0,2026-05-14 03:37:07
288,379,like,2.0,2026-05-18 18:08:40
288,298,view,1.0,2026-05-23 18:56:52
288,156,view,1.0,2026-05-26 03:54:12
288,392,view,1.0,2026-06-04 12:56:07
288,310,purchase,4.0,2026-06-04 18:28:01
288,5,like,2.0,2026-06-09 05:09:20
288,45,view,1.0,2026-06-11 09:27:41
288,92,view,1.0,2026-06-13 01:51:40
288,31,purchase,4.0,2026-06-17 11:20:06
288,179,view,1.0,2026-06-20 12:50:41
288,138,like,2.0,2026-06-23 00:55:41
288,394,like,2.0,2026-06-23 15:16:37
288,174,purchase,4.0,2026-07-17 06:58:53
288,89,view,1.0,2026-07-22 11:20:09
288,393,view,1.0,2026-08-08 09:02:14
288,199,view,1.0,2026-08-12 10:10:38
288,252,like,2.0,2026-08-12 13:37:42
288,187,like,2.0,2026-08-17 21:17:32
288,226,purchase,4.0,2026-08-18 05:30:47
288,337,like,2.0,2026-08-26 08:57:58
288,256,purchase,4.0,2026-08-30 00:52:43
288,342,like,2.0,2026-08-31 08:04:01
288,288,view,1.0,2026-08-31 09:48:52
288,58,view,1.0,2026-09-07 17:16:59
288,178,like,2.0,2026-09-12 07:38:05
288,217,view,1.0,2026-09-14 11:21:25
288,154,view,1.0,2026-09-16 23:05:24
288,238,view,1.0,2026-09-20 01:08:13
288,222,purchase,4.0,2026-09-20 17:54:01
289,30,view,1.0,2026-04-03 04:14:01
289,19,purchase,4.0,2026-04-07 10:13:42
289,170,view,1.0,2026-04-09 18:41:03
289,81,like,2.0,2026-04-11 07:26:51
289,4,view,1.0,2026-04-22 00:13:03
289,274,like,2.0,2026-04-22 07:45:22
289,320,view,1.0,2026-04-26 05:22:11
289,56,like,2.0,2026-04-29 03:14:30
289,215,purchase,4.0,2026-04-29 04:43:21
289,399,purchase,4.0,2026-05-01 23:57:50
289,99,purchase,4.0,2026-05-05 02:59:26
289,292,view,1.0,2026-05-05 14:24:28
289,62,view,1.0,2026-05-11 19:40:36
289,381,view,1.0,2026-05-21 04:54:24
289,1,view,1.0,2026-05-29 03:26:15
289,112,view,1.0,2026-06-02 14:54:55
289,397,like,2.0,2026-06-13 09:47:02
289,270,view,1.0,2026-07-03 00:14:06
289,79,like,2.0,2026-07-05 23:08:53
289,314,purchase,4.0,2026-07-20 22:45:04
289,358,like,2.0,2026-08-14 12:13:58
289,185,view,1.0,2026-08-15 17:30:12
289,61,view,1.0,2026-08-31 01:19:45
289,95,view,1.0,2026-09-19 18:15:10
290,174,view,1.0,2026-04-03 13:26:37
290,266,purchase,4.0,2026-04-08 13:35:59
290,135,view,1.0,2026-04-08 18:24:55
290,77,purchase,4.0,2026-04-09 06:13:49
290,122,view,1.0,2026-04-16 03:40:51
290,357,like,2.0,2026-04-21 07:48:29
290,396,view,1.0,2026-04-23 07:01:44
290,103,view,1.0,2026-04-26 20:10:47
290,62,view,1.0,2026-04-26 23:46:54
290,31,like,2.0,2026-04-29 12:38:42
290,297,view,1.0,2026-05-10 18:41:56
290,209,purchase,4.0,2026-05-13 00:40:48
290,213,like,2.0,2026-05-14 15:33:20
290,13,view,1.0,2026-05-14 18:51:17
290,371,view,1.0,2026-05-15 20:31:56
290,220,like,2.0,2026-05-19 05:13:28
290,87,view,1.0,2026-05-22 00:44:12
290,82,view,1.0,2026-05-22 18:22:33
290,96,view,1.0,2026-05-27 06:42:21
290,25,view,1.0,2026-06-01 10:24:38
290,17,like,2.0,2026-06-04 04:37:05
290,280,like,2.0,2026-06-04 23:54:01
290,154,like,2.0,2026-06-08 12:34:56
290,210,view,1.0,2026-06-10 15:50:27
290,127,view,1.0,2026-06-11 23:12:49
290,185,like,2.0,2026-06-14 21:25:13
290,355,like,2.0,2026-06-15 18:32:51
290,318,view,1.0,2026-06-20 07:04:58
290,75,view,1.0,2026-06-22 16:04:32
290,164,purchase,4.0,2026-06-25 21:23:08
290,307,view,1.0,2026-06-27 07:00:04
290,51,like,2.0,2026-07-01 22:46:56
290,225,view,1.0,2026-07-11 02:33:04
290,5,purchase,4.0,2026-07-11 09:21:57
290,93,view,1.0,2026-07-12 17:11:33
290,226,view,1.0,2026-07-18 00:34:13
290,20,view,1.0,2026-07-18 21:17:13
290,150,view,1.0,2026-07-22 06:26:40
290,215,view,1.0,2026-07-27 07:55:13
290,284,view,1.0,2026-07-28 22:49:24
290,275,view,1.0,2026-07-31 01:55:26
290,60,view,1.0,2026-08-04 02:10:56
290,118,view,1.0,2026-08-05 15:39:21
290,138,purchase,4.0,2026-08-06 00:03:41
290,157,view,1.0,2026-08-09 18:33:39
290,205,purchase,4.0,2026-08-15 04:31:00
290,4,view,1.0,2026-08-16 10:12:37
290,115,purchase,4.0,2026-08-16 18:38:57
290,94,view,1.0,2026-08-19 18:31:30
290,316,view,1.0,2026-08-19 23:26:23
290,101,view,1.0,2026-08-20 06:18:26
290,352,view,1.0,2026-08-20 21:05:08
290,153,like,2.0,2026-08-21 20:18:00
290,74,view,1.0,2026-08-23 02:51:33
290,295,purchase,4.0,2026-08-27 08:48:28
290,251,view,1.0,2026-09-01 08:11:31
290,385,like,2.0,2026-09-02 01:24:48
290,288,like,2.0,2026-09-05 20:56:36
290,79,like,2.0,2026-09-08 11:22:45
290,212,view,1.0,2026-09-09 20:42:41
290,57,view,1.0,2026-09-10 10:03:14
290,233,like,2.0,2026-09-10 11:39:51
290,379,view,1.0,2026-09-15 07:36:02
290,1,like,2.0,2026-09-18 14:17:11
290,362,view,1.0,2026-09-26 06:40:43
290,231,view,1.0,2026-09-27 10:28:08
290,76,view,1.0,2026-09-27 13:54:59
290,353,purchase,4.0,2026-09-27 19:24:16
290,230,like,2.0,2026-09-29 12:04:38
291,284,like,2.0,2026-05-17 19:20:33
291,297,view,1.0,2026-06-03 13:14:49
291,287,purchase,4.0,2026-06-16 22:42:54
291,256,purchase,4.0,2026-07-03 11:08:31
291,32,view,1.0,2026-08-16 15:53:33
292,394,view,1.0,2026-04-04 19:36:05
292,45,like,2.0,2026-04-12 12:57:35
292,157,view,1.0,2026-04-14 18:59:01
292,288,purchase,4.0,2026-04-20 22:17:01
292,245,view,1.0,2026-04-24 07:04:10
292,93,like,2.0,2026-04-24 14:19:08
292,133,view,1.0,2026-04-24 21:36:06
292,222,like,2.0,2026-05-19 22:22:42
292,12,view,1.0,2026-05-23 12:33:00
292,301,purchase,4.0,2026-05-25 17:18:13
292,109,view,1.0,2026-06-23 14:54:20
292,339,purchase,4.0,2026-06-28 15:25:41
292,266,view,1.0,2026-07-09 22:14:14
292,244,view,1.0,2026-07-20 06:49:56
292,304,purchase,4.0,2026-08-05 13:35:42
292,31,like,2.0,2026-08-13 18:12:34
292,102,view,1.0,2026-08-14 07:42:21
292,205,view,1.0,2026-08-14 19:12:21
292,310,like,2.0,2026-08-22 10:19:55
292,352,view,1.0,2026-08-28 00:24:43
292,153,like,2.0,2026-08-28 10:44:43
292,319,view,1.0,2026-08-30 21:17:54
292,89,view,1.0,2026-09-01 00:38:56
292,105,view,1.0,2026-09-12 13:36:00
293,88,view,1.0,2026-04-04 08:49:06
293,35,purchase,4.0,2026-04-07 14:38:30
293,219,view,1.0,2026-04-18 16:46:29
293,276,view,1.0,2026-06-16 08:41:08
293,339,view,1.0,2026-07-26 08:12:59
293,108,view,1.0,2026-08-13 02:39:30
293,362,like,2.0,2026-08-14 21:13:33
293,376,like,2.0,2026-09-06 06:31:55
293,324,view,1.0,2026-09-29 14:13:31
294,139,view,1.0,2026-04-04 17:25:13
294,394,purchase,4.0,2026-04-08 01:41:15
294,115,like,2.0,2026-04-11 06:09:16
294,150,view,1.0,2026-05-07 06:33:49
294,391,like,2.0,2026-05-29 05:12:56
294,258,view,1.0,2026-06-20 07:04:09
294,354,view,1.0,2026-06-24 06:24:24
294,357,like,2.0,2026-07-02 08:17:57
294,205,purchase,4.0,2026-07-22 02:43:56
294,106,purchase,4.0,2026-07-22 22:46:49
294,342,view,1.0,2026-07-24 19:44:23
294,190,view,1.0,2026-08-23 23:58:09
294,217,view,1.0,2026-09-10 07:00:17
294,206,view,1.0,2026-09-21 05:23:05
295,111,view,1.0,2026-04-10 21:54:42
295,96,view,1.0,2026-04-11 14:32:38
295,256,view,1.0,2026-04-21 09:32:39
295,261,view,1.0,2026-04-23 13:06:02
295,199,view,1.0,2026-04-29 23:58:17
295,157,like,2.0,2026-04-30 00:57:59
295,143,view,1.0,2026-05-08 08:33:01
295,235,like,2.0,2026-05-09 05:24:22
295,293,view,1.0,2026-05-10 06:03:16
295,318,view,1.0,2026-05-11 18:31:26
295,118,like,2.0,2026-05-15 17:29:05
295,337,view,1.0,2026-05-21 23:11:34
295,115,like,2.0,2026-05-27 01:33:47
295,314,like,2.0,2026-05-30 12:57:19
295,395,like,2.0,2026-06-03 07:04:42
295,379,purchase,4.0,2026-06-06 09:06:54
295,41,like,2.0,2026-06-06 15:43:56
295,296,purchase,4.0,2026-06-15 04:39:53
295,187,view,1.0,2026-06-17 23:03:32
295,5,view,1.0,2026-06-21 12:45:27
295,186,like,2.0,2026-06-24 13:46:47
295,12,view,1.0,2026-07-04 06:23:55
295,106,view,1.0,2026-07-10 16:01:19
295,250,purchase,4.0,2026-07-22 01:51:56
295,52,purchase,4.0,2026-07-24 18:09:17
295,279,view,1.0,2026-07-27 01:10:23
295,226,like,2.0,2026-07-29 21:25:45
295,164,view,1.0,2026-08-22 14:42:44
295,147,purchase,4.0,2026-08-22 20:28:55
295,365,like,2.0,2026-08-25 10:14:32
295,209,like,2.0,2026-08-25 11:49:33
295,353,view,1.0,2026-08-28 16:50:19
295,155,view,1.0,2026-09-01 09:14:13
295,221,like,2.0,2026-09-15 00:07:04
295,394,purchase,4.0,2026-09-15 07:01:26
295,48,view,1.0,2026-09-15 23:28:18
295,93,purchase,4.0,2026-09-29 12:30:27
296,264,purchase,4.0,2026-04-03 23:59:02
296,35,like,2.0,2026-04-12 22:08:13
296,49,purchase,4.0,2026-04-21 21:28:52
296,170,view,1.0,2026-04-28 18:57:14
296,178,like,2.0,2026-05-03 15:38:52
296,367,view,1.0,2026-05-07 09:14:48
296,108,view,1.0,2026-05-09 17:35:53
296,157,view,1.0,2026-05-13 14:13:18
296,283,view,1.0,2026-05-19 13:55:23
296,324,view,1.0,2026-05-26 00:02:22
296,134,view,1.0,2026-05-30 14:02:29
296,249,view,1.0,2026-06-01 10:06:47
296,248,view,1.0,2026-06-06 12:40:47
296,116,like,2.0,2026-06-17 18:07:57
296,42,purchase,4.0,2026-06-24 14:02:50
296,271,view,1.0,2026-07-07 06:00:27
296,106,view,1.0,2026-07-18 17:58:25
296,123,view,1.0,2026-08-04 09:30:25
296,220,like,2.0,2026-08-09 13:19:48
296,67,like,2.0,2026-08-16 12:53:32
296,97,view,1.0,2026-09-01 13:29:16
296,173,view,1.0,2026-09-07 08:16:28
296,345,like,2.0,2026-09-08 04:51:06
296,298,view,1.0,2026-09-12 11:20:45
296,398,like,2.0,2026-09-13 22:05:29
296,254,purchase,4.0,2026-09-22 03:08:47
297,30,like,2.0,2026-04-27 00:31:34
297,182,like,2.0,2026-05-30 13:08:18
297,72,view,1.0,2026-06-27 07:45:56
297,84,view,1.0,2026-07-11 16:41:32
297,399,purchase,4.0,2026-08-01 17:21:03
297,45,view,1.0,2026-08-03 14:02:42
297,303,like,2.0,2026-08-05 22:30:04
297,251,purchase,4.0,2026-08-18 10:37:38
297,73,like,2.0,2026-08-23 07:03:17
297,385,like,2.0,2026-09-01 01:39:23
297,74,view,1.0,2026-09-12 09:53:45
297,199,view,1.0,2026-09-23 04:15:26
298,101,view,1.0,2026-04-09 05:38:11
298,6,like,2.0,2026-04-17 12:56:39
298,220,view,1.0,2026-05-23 17:12:46
298,123,like,2.0,2026-05-25 11:07:38
298,271,like,2.0,2026-05-27 11:07:35
298,234,view,1.0,2026-06-02 14:57:21
298,156,like,2.0,2026-06-21 21:05:26
298,129,view,1.0,2026-06-24 07:27:51
298,134,view,1.0,2026-06-28 05:19:24
298,136,like,2.0,2026-07-03 05:26:14
298,378,like,2.0,2026-07-05 23:22:24
298,81,view,1.0,2026-07-19 00:30:02
298,115,view,1.0,2026-07-23 15:12:50
298,319,view,1.0,2026-08-13 08:32:52
298,366,view,1.0,2026-08-20 20:14:35
298,188,view,1.0,2026-08-26 10:43:33
298,207,purchase,4.0,2026-08-29 19:50:26
298,25,view,1.0,2026-09-29 03:01:04
299,145,view,1.0,2026-04-14 22:30:19
299,103,like,2.0,2026-04-26 06:39:11
299,128,view,1.0,2026-05-08 21:11:05
299,153,view,1.0,2026-05-20 06:48:40
299,30,view,1.0,2026-05-26 09:14:46
299,83,purchase,4.0,2026-06-10 01:51:52
299,258,view,1.0,2026-06-30 16:35:23
299,176,like,2.0,2026-07-06 01:27:18
299,89,purchase,4.0,2026-07-14 00:46:34
299,380,view,1.0,2026-08-10 12:47:36
299,113,view,1.0,2026-09-10 12:29:11
300,83,purchase,4.0,2026-04-10 03:34:03
300,350,view,1.0,2026-04-11 09:48:26
300,147,view,1.0,2026-04-21 05:20:19
300,67,like,2.0,2026-04-22 08:42:31
300,233,view,1.0,2026-04-23 12:12:26
300,76,view,1.0,2026-04-25 15:33:05
300,95,like,2.0,2026-04-25 19:44:21
300,272,view,1.0,2026-04-30 23:43:53
300,395,like,2.0,2026-05-02 19:19:41
300,299,view,1.0,2026-05-08 04:58:19
300,52,purchase,4.0,2026-05-08 09:39:58
300,122,view,1.0,2026-05-12 22:29:05
300,314,view,1.0,2026-05-17 12:05:12
300,101,view,1.0,2026-05-20 18:22:29
300,294,like,2.0,2026-05-21 11:24:31
300,175,view,1.0,2026-05-22 11:16:14
300,355,like,2.0,2026-05-24 14:08:38
300,143,view,1.0,2026-05-25 05:53:20
300,385,view,1.0,2026-05-28 06:54:00
300,150,like,2.0,2026-06-06 21:23:43
300,288,view,1.0,2026-06-07 01:05:55
300,73,view,1.0,2026-06-09 07:03:20
300,202,view,1.0,2026-06-12 03:21:06
300,121,like,2.0,2026-06-29 20:17:37
300,6,like,2.0,2026-07-04 06:08:34
300,161,view,1.0,2026-07-04 17:50:34
300,64,like,2.0,2026-07-24 08:00:59
300,318,view,1.0,2026-07-28 01:51:34
300,170,like,2.0,2026-07-28 15:01:02
300,94,view,1.0,2026-07-30 07:44:55
300,129,view,1.0,2026-07-31 01:53:00
300,74,view,1.0,2026-08-02 23:46:51
300,210,view,1.0,2026-08-03 00:21:01
300,320,view,1.0,2026-08-06 13:00:39
300,69,purchase,4.0,2026-08-08 16:39:37
300,4,view,1.0,2026-08-12 20:05:28
300,171,like,2.0,2026-08-13 14:46:47
300,8,like,2.0,2026-08-15 04:29:40
300,43,like,2.0,2026-08-18 12:31:08
300,40,view,1.0,2026-08-20 10:37:02
300,281,purchase,4.0,2026-08-20 21:45:39
300,400,purchase,4.0,2026-08-30 14:28:30
300,82,view,1.0,2026-09-03 12:59:44
300,113,like,2.0,2026-09-03 21:20:59
300,313,purchase,4.0,2026-09-07 14:10:03
300,190,like,2.0,2026-09-10 18:29:34
300,216,view,1.0,2026-09-14 21:04:12
300,223,purchase,4.0,2026-09-15 15:49:37
300,388,view,1.0,2026-09-17 19:17:28
300,19,purchase,4.0,2026-09-19 08:15:40
300,60,view,1.0,2026-09-19 14:21:54
300,153,like,2.0,2026-09-21 11:52:07
301,198,like,2.0,2026-04-26 11:39:14
301,371,view,1.0,2026-04-26 20:05:01
301,260,purchase,4.0,2026-05-18 20:34:06
301,266,view,1.0,2026-06-09 00:37:01
301,200,purchase,4.0,2026-07-10 22:38:43
301,123,view,1.0,2026-07-23 14:09:02
301,128,view,1.0,2026-08-16 09:55:25
301,81,view,1.0,2026-09-20 01:46:13
302,178,like,2.0,2026-04-08 04:19:35
302,150,like,2.0,2026-04-18 22:08:56
302,145,purchase,4.0,2026-04-25 14:10:45
302,398,like,2.0,2026-04-29 03:48:19
302,339,view,1.0,2026-04-29 11:01:50
302,190,view,1.0,2026-05-14 12:53:24
302,325,view,1.0,2026-05-26 23:27:34
302,56,view,1.0,2026-06-18 04:52:52
302,202,like,2.0,2026-06-23 10:19:51
302,169,view,1.0,2026-06-23 22:04:57
302,129,purchase,4.0,2026-07-01 04:21:32
302,370,view,1.0,2026-07-12 01:26:52
302,323,purchase,4.0,2026-08-07 17:01:22
302,365,purchase,4.0,2026-08-28 06:40:39
302,250,view,1.0,2026-09-01 14:19:35
302,146,purchase,4.0,2026-09-03 13:18:13
302,301,view,1.0,2026-09-07 19:08:44
302,40,view,1.0,2026-09-10 16:08:19
303,157,view,1.0,2026-04-07 06:27:45
303,269,view,1.0,2026-04-12 02:55:25
303,156,like,2.0,2026-04-12 05:30:51
303,42,like,2.0,2026-04-12 11:54:10
303,124,like,2.0,2026-04-14 21:41:44
303,4,view,1.0,2026-04-21 03:08:49
303,184,like,2.0,2026-04-21 11:04:18
303,285,view,1.0,2026-04-28 12:36:07
303,298,like,2.0,2026-05-07 05:29:36
303,100,view,1.0,2026-05-09 13:19:51
303,48,purchase,4.0,2026-05-27 05:16:06
303,89,purchase,4.0,2026-05-27 05:46:42
303,394,view,1.0,2026-06-07 03:55:12
303,169,purchase,4.0,2026-06-08 07:46:43
303,33,view,1.0,2026-06-09 19:50:16
303,303,view,1.0,2026-06-22 11:57:16
303,176,view,1.0,2026-06-25 08:48:02
303,35,like,2.0,2026-07-12 11:02:59
303,191,like,2.0,2026-07-20 06:48:07
303,271,like,2.0,2026-07-24 05:50:10
303,386,view,1.0,2026-07-25 02:43:34
303,339,view,1.0,2026-07-27 13:05:56
303,200,like,2.0,2026-08-02 16:45:38
303,369,view,1.0,2026-08-17 08:25:39
303,309,like,2.0,2026-08-19 17:36:35
303,296,view,1.0,2026-08-26 15:50:19
303,207,like,2.0,2026-09-06 02:42:15
303,212,view,1.0,2026-09-06 19:06:53
303,318,view,1.0,2026-09-07 19:39:33
303,366,view,1.0,2026-09-09 17:59:17
303,123,like,2.0,2026-09-22 22:37:29
304,357,view,1.0,2026-06-19 02:54:00
304,344,view,1.0,2026-06-19 19:05:06
304,382,view,1.0,2026-07-22 22:19:57
304,205,view,1.0,2026-08-17 12:18:21
304,291,like,2.0,2026-08-21 17:40:08
304,213,view,1.0,2026-08-24 07:57:49
304,310,view,1.0,2026-09-07 12:54:15
304,303,view,1.0,2026-09-07 18:26:02
305,115,like,2.0,2026-04-21 07:21:24
305,353,like,2.0,2026-05-16 13:52:04
305,379,like,2.0,2026-05-20 22:44:45
305,164,view,1.0,2026-06-28 11:22:08
305,365,view,1.0,2026-07-05 04:07:33
305,174,view,1.0,2026-07-16 01:43:38
305,73,view,1.0,2026-07-16 11:46:44
305,283,view,1.0,2026-08-24 02:31:35
305,14,view,1.0,2026-09-01 05:37:37
305,43,view,1.0,2026-09-19 09:08:38
306,221,purchase,4.0,2026-05-01 22:41:54
306,357,view,1.0,2026-05-05 13:00:42
306,25,purchase,4.0,2026-05-06 13:27:36
306,81,view,1.0,2026-05-22 03:38:07
306,264,purchase,4.0,2026-05-24 23:01:36
306,313,like,2.0,2026-06-14 07:15:40
306,35,view,1.0,2026-06-15 15:44:12
306,146,view,1.0,2026-07-02 12:04:23
306,96,view,1.0,2026-07-02 12:40:27
306,394,view,1.0,2026-07-06 20:08:41
306,269,view,1.0,2026-07-30 14:57:29
306,184,view,1.0,2026-08-17 18:02:37
306,332,view,1.0,2026-08-20 05:50:21
306,202,like,2.0,2026-08-21 17:50:40
306,358,view,1.0,2026-08-28 13:47:09
306,12,view,1.0,2026-09-02 10:45:25
306,164,view,1.0,2026-09-03 20:50:15
306,83,purchase,4.0,2026-09-06 06:32:04
306,320,view,1.0,2026-09-11 07:40:05
306,203,view,1.0,2026-09-29 03:19:47
307,57,view,1.0,2026-04-08 20:25:17
307,9,like,2.0,2026-05-04 05:02:05
307,203,like,2.0,2026-05-05 22:36:27
307,81,view,1.0,2026-06-09 17:48:32
307,322,view,1.0,2026-06-19 20:27:54
307,375,view,1.0,2026-06-27 15:54:52
307,314,like,2.0,2026-07-13 11:50:21
307,348,view,1.0,2026-07-27 17:40:31
307,396,view,1.0,2026-08-13 20:24:37
307,306,purchase,4.0,2026-08-26 19:14:54
307,234,view,1.0,2026-09-14 23:43:56
308,394,like,2.0,2026-04-07 02:00:52
308,170,view,1.0,2026-04-09 10:31:01
308,283,view,1.0,2026-04-12 23:26:00
308,282,like,2.0,2026-04-16 07:41:04
308,303,purchase,4.0,2026-04-18 21:57:47
308,310,view,1.0,2026-04-21 00:14:41
308,11,view,1.0,2026-04-21 17:04:41
308,109,like,2.0,2026-04-24 19:22:44
308,95,view,1.0,2026-04-28 23:50:38
308,261,view,1.0,2026-05-01 12:23:47
308,256,like,2.0,2026-05-14 20:34:37
308,115,like,2.0,2026-05-24 04:57:50
308,311,view,1.0,2026-05-25 10:21:32
308,120,like,2.0,2026-05-26 05:15:55
308,138,view,1.0,2026-05-27 23:15:25
308,164,view,1.0,2026-05-29 15:07:06
308,289,view,1.0,2026-06-02 19:34:04
308,4,view,1.0,2026-06-06 13:47:44
308,358,view,1.0,2026-06-20 09:57:02
308,258,purchase,4.0,2026-06-27 01:58:23
308,220,purchase,4.0,2026-06-27 08:55:44
308,96,view,1.0,2026-07-01 18:05:14
308,348,like,2.0,2026-07-08 14:00:46
308,188,view,1.0,2026-07-13 04:30:10
308,155,view,1.0,2026-07-22 18:43:36
308,167,like,2.0,2026-07-23 11:57:56
308,116,view,1.0,2026-07-29 01:07:21
308,273,view,1.0,2026-08-01 18:19:10
308,324,like,2.0,2026-08-10 08:41:39
308,172,purchase,4.0,2026-08-13 10:16:42
308,228,view,1.0,2026-08-13 14:46:11
308,385,like,2.0,2026-08-23 00:26:44
308,75,view,1.0,2026-08-24 01:48:02
308,209,view,1.0,2026-08-24 06:08:53
308,187,view,1.0,2026-08-25 08:51:40
308,308,view,1.0,2026-08-26 23:35:24
308,342,like,2.0,2026-08-28 06:36:35
308,275,view,1.0,2026-09-11 13:16:40
308,390,view,1.0,2026-09-15 07:57:30
308,93,view,1.0,2026-09-25 23:45:35
308,81,view,1.0,2026-09-26 22:01:29
309,80,view,1.0,2026-04-09 23:01:26
309,107,like,2.0,2026-05-13 18:57:12
309,31,view,1.0,2026-05-25 07:14:50
309,356,view,1.0,2026-07-20 09:00:39
309,84,view,1.0,2026-09-09 20:50:38
310,172,view,1.0,2026-04-16 17:44:09
310,266,view,1.0,2026-04-17 08:27:40
310,308,view,1.0,2026-04-17 17:26:57
310,47,view,1.0,2026-04-21 19:54:30
310,170,view,1.0,2026-04-23 01:32:51
310,354,view,1.0,2026-05-21 19:53:41
310,276,like,2.0,2026-05-30 12:13:43
310,62,purchase,4.0,2026-06-03 12:50:15
310,297,view,1.0,2026-06-12 19:20:29
310,263,like,2.0,2026-06-16 10:37:55
310,107,view,1.0,2026-06-20 06:43:08
310,141,view,1.0,2026-07-01 16:31:04
310,128,like,2.0,2026-07-18 01:08:08
310,396,view,1.0,2026-07-29 13:33:22
310,76,view,1.0,2026-08-18 10:35:12
310,339,like,2.0,2026-08-19 18:46:12
310,210,like,2.0,2026-08-22 17:59:57
310,357,like,2.0,2026-09-03 18:22:23
310,393,view,1.0,2026-09-08 00:34:25
310,386,like,2.0,2026-09-08 07:42:03
311,141,view,1.0,2026-04-03 08:45:16
311,109,view,1.0,2026-04-09 09:31:22
311,261,like,2.0,2026-04-20 02:22:55
311,314,view,1.0,2026-04-24 04:17:13
311,303,like,2.0,2026-05-02 09:07:26
311,376,view,1.0,2026-05-03 10:38:53
311,41,view,1.0,2026-05-09 19:51:50
311,218,view,1.0,2026-05-13 22:04:18
311,129,view,1.0,2026-05-16 23:29:47
311,345,view,1.0,2026-05-25 09:38:48
311,18,view,1.0,2026-05-28 04:40:49
311,72,purchase,4.0,2026-05-30 19:34:49
311,319,view,1.0,2026-06-05 01:21:03
311,146,view,1.0,2026-06-06 18:17:56
311,279,purchase,4.0,2026-06-09 07:38:05
311,399,view,1.0,2026-06-20 18:34:51
311,193,view,1.0,2026-06-27 21:02:59
311,214,purchase,4.0,2026-07-16 20:47:34
311,389,like,2.0,2026-07-19 13:27:49
311,307,view,1.0,2026-07-20 05:57:50
311,76,purchase,4.0,2026-08-07 08:55:24
311,337,like,2.0,2026-08-27 14:22:44
311,212,view,1.0,2026-08-28 08:23:30
311,330,view,1.0,2026-09-09 20:17:25
311,247,view,1.0,2026-09-24 15:00:17
312,38,purchase,4.0,2026-05-20 20:00:32
312,326,view,1.0,2026-05-26 11:32:15
312,83,purchase,4.0,2026-06-13 15:58:57
312,376,like,2.0,2026-06-20 17:41:51
312,313,purchase,4.0,2026-06-25 03:08:56
312,30,purchase,4.0,2026-07-02 11:07:55
312,252,like,2.0,2026-07-17 23:20:02
312,357,like,2.0,2026-07-30 22:35:37
312,234,like,2.0,2026-08-15 03:11:17
312,62,like,2.0,2026-08-26 08:52:11
312,274,view,1.0,2026-09-12 01:16:56
312,265,view,1.0,2026-09-14 04:21:56
313,12,view,1.0,2026-04-05 12:25:22
313,170,purchase,4.0,2026-04-07 00:50:13
313,36,like,2.0,2026-04-10 21:56:18
313,174,like,2.0,2026-04-10 22:07:33
313,230,view,1.0,2026-04-26 00:56:14
313,324,view,1.0,2026-05-03 20:30:12
313,210,view,1.0,2026-05-16 05:30:38
313,153,view,1.0,2026-05-18 22:33:33
313,103,view,1.0,2026-06-07 02:47:49
313,390,purchase,4.0,2026-06-18 08:21:13
313,86,view,1.0,2026-06-24 04:31:54
313,18,view,1.0,2026-07-07 13:01:52
313,50,purchase,4.0,2026-07-12 15:40:26
313,399,view,1.0,2026-07-29 14:32:49
313,369,view,1.0,2026-07-30 07:35:46
313,118,view,1.0,2026-08-07 10:50:31
313,2,purchase,4.0,2026-08-11 16:22:55
313,307,purchase,4.0,2026-08-23 06:26:02
313,115,purchase,4.0,2026-09-08 17:07:59
313,5,purchase,4.0,2026-09-18 15:53:28
314,362,like,2.0,2026-04-04 06:14:31
314,133,view,1.0,2026-04-05 23:13:10
314,152,like,2.0,2026-04-17 00:03:57
314,105,purchase,4.0,2026-04-23 09:26:20
314,166,view,1.0,2026-05-02 07:21:26
314,332,like,2.0,2026-05-06 13:25:56
314,343,view,1.0,2026-05-17 15:25:31
314,153,view,1.0,2026-05-20 05:14:39
314,86,view,1.0,2026-05-27 20:38:46
314,391,purchase,4.0,2026-06-01 07:47:50
314,115,view,1.0,2026-06-01 20:11:15
314,128,view,1.0,2026-06-05 03:15:07
314,169,like,2.0,2026-06-09 15:00:54
314,35,view,1.0,2026-06-18 05:33:03
314,120,purchase,4.0,2026-06-23 14:06:41
314,382,like,2.0,2026-07-02 16:37:42
314,97,purchase,4.0,2026-07-03 22:44:12
314,89,view,1.0,2026-07-05 11:22:31
314,95,view,1.0,2026-07-05 15:58:52
314,390,purchase,4.0,2026-07-07 15:51:03
314,294,view,1.0,2026-07-08 05:47:43
314,379,view,1.0,2026-07-09 20:23:14
314,354,view,1.0,2026-07-22 12:44:11
314,254,view,1.0,2026-07-22 19:25:36
314,222,view,1.0,2026-08-03 22:31:32
314,199,like,2.0,2026-08-16 01:08:15
314,283,view,1.0,2026-08-17 08:22:09
314,291,view,1.0,2026-08-18 19:52:07
314,235,like,2.0,2026-08-24 14:52:55
314,174,like,2.0,2026-08-24 15:35:03
314,275,view,1.0,2026-08-27 20:31:50
314,59,view,1.0,2026-08-30 23:23:06
314,206,view,1.0,2026-09-06 13:20:33
315,112,view,1.0,2026-04-03 01:14:31
315,344,view,1.0,2026-04-12 04:56:24
315,47,view,1.0,2026-05-03 19:20:31
315,229,view,1.0,2026-05-04 19:41:18
315,231,purchase,4.0,2026-05-07 03:39:36
315,2,view,1.0,2026-05-14 15:52:51
315,385,view,1.0,2026-05-22 08:49:56
315,391,like,2.0,2026-05-29 16:47:24
315,181,like,2.0,2026-06-04 08:06:57
315,299,like,2.0,2026-06-04 15:53:28
315,345,purchase,4.0,2026-06-07 11:13:45
315,37,like,2.0,2026-06-10 19:23:07
315,282,purchase,4.0,2026-06-13 00:36:53
315,221,view,1.0,2026-06-13 13:16:30
315,278,view,1.0,2026-06-25 20:24:15
315,225,like,2.0,2026-07-02 09:23:39
315,67,like,2.0,2026-07-18 14:14:24
315,88,view,1.0,2026-07-19 04:55:20
315,96,view,1.0,2026-07-21 08:02:06
315,164,view,1.0,2026-07-22 17:13:07
315,311,view,1.0,2026-07-23 03:37:18
315,342,view,1.0,2026-07-24 04:32:44
315,156,view,1.0,2026-07-30 04:18:11
315,236,view,1.0,2026-07-30 13:56:06
315,186,like,2.0,2026-08-20 16:19:26
315,105,view,1.0,2026-08-22 08:04:04
315,324,view,1.0,2026-08-28 17:47:41
315,15,view,1.0,2026-09-06 11:02:22
315,129,like,2.0,2026-09-23 16:15:54
316,208,view,1.0,2026-04-23 21:23:18
316,157,view,1.0,2026-05-04 07:07:28
316,166,view,1.0,2026-05-06 15:39:45
316,129,view,1.0,2026-05-31 09:52:10
316,76,like,2.0,2026-06-19 16:17:23
316,9,view,1.0,2026-06-25 01:38:36
316,120,view,1.0,2026-07-10 13:39:51
316,201,view,1.0,2026-07-21 12:57:25
316,261,view,1.0,2026-08-01 03:11:31
316,294,view,1.0,2026-08-14 18:31:08
316,233,view,1.0,2026-09-28 10:33:17
317,222,view,1.0,2026-04-03 00:42:27
317,255,like,2.0,2026-04-04 00:39:37
317,319,view,1.0,2026-04-24 16:12:34
317,204,purchase,4.0,2026-04-25 07:55:00
317,210,view,1.0,2026-05-09 11:56:08
317,398,like,2.0,2026-05-23 21:00:06
317,176,view,1.0,2026-05-25 09:52:04
317,40,purchase,4.0,2026-05-30 06:40:07
317,288,purchase,4.0,2026-06-02 03:07:31
317,132,view,1.0,2026-06-04 16:52:44
317,90,view,1.0,2026-06-10 02:38:11
317,266,view,1.0,2026-06-10 21:45:15
317,388,view,1.0,2026-06-29 22:09:58
317,111,like,2.0,2026-06-30 18:25:02
317,137,view,1.0,2026-07-03 20:35:07
317,187,view,1.0,2026-07-05 06:22:24
317,283,like,2.0,2026-07-06 17:23:01
317,150,view,1.0,2026-08-03 13:26:06
317,163,view,1.0,2026-08-09 20:50:26
317,286,like,2.0,2026-08-15 01:00:40
317,240,purchase,4.0,2026-08-20 03:06:18
317,325,purchase,4.0,2026-08-20 10:45:03
317,74,view,1.0,2026-08-28 12:55:24
317,336,view,1.0,2026-09-01 22:48:19
317,128,like,2.0,2026-09-07 06:45:05
317,32,like,2.0,2026-09-08 00:43:29
317,4,like,2.0,2026-09-14 03:30:46
317,327,like,2.0,2026-09-15 13:56:48
317,331,view,1.0,2026-09-22 11:42:00
317,311,view,1.0,2026-09-23 07:06:37
317,138,view,1.0,2026-09-24 07:30:19
317,380,view,1.0,2026-09-27 23:39:53
318,303,view,1.0,2026-04-04 02:04:27
318,306,view,1.0,2026-05-02 18:45:14
318,126,like,2.0,2026-05-07 20:17:52
318,106,view,1.0,2026-05-15 14:38:43
318,341,like,2.0,2026-05-21 16:23:14
318,283,view,1.0,2026-06-19 15:37:32
318,128,view,1.0,2026-06-20 21:16:33
318,304,purchase,4.0,2026-08-14 00:52:41
318,300,purchase,4.0,2026-09-07 08:48:48
318,131,purchase,4.0,2026-09-13 04:07:29
319,314,view,1.0,2026-04-11 00:53:40
319,18,view,1.0,2026-04-14 21:49:38
319,308,view,1.0,2026-04-17 21:59:30
319,179,like,2.0,2026-04-20 08:13:39
319,369,view,1.0,2026-04-29 11:47:00
319,164,purchase,4.0,2026-05-02 17:11:28
319,391,purchase,4.0,2026-05-19 08:40:46
319,220,like,2.0,2026-06-04 08:32:04
319,394,purchase,4.0,2026-06-07 19:41:34
319,252,purchase,4.0,2026-06-15 16:48:32
319,156,view,1.0,2026-06-19 15:43:41
319,315,view,1.0,2026-07-09 08:43:22
319,200,purchase,4.0,2026-07-13 21:37:29
319,136,view,1.0,2026-07-31 16:54:45
319,345,view,1.0,2026-08-02 18:51:33
319,296,view,1.0,2026-08-05 09:05:02
319,81,like,2.0,2026-08-13 06:31:49
319,324,view,1.0,2026-09-06 01:17:37
320,215,like,2.0,2026-04-05 15:29:51
320,96,purchase,4.0,2026-04-15 08:44:52
320,171,view,1.0,2026-04-15 18:51:12
320,74,like,2.0,2026-04-20 14:51:54
320,283,view,1.0,2026-04-27 05:02:19
320,279,purchase,4.0,2026-04-28 09:25:13
320,72,view,1.0,2026-05-04 05:59:35
320,90,like,2.0,2026-05-07 02:00:11
320,362,view,1.0,2026-05-11 22:00:21
320,175,view,1.0,2026-05-16 19:29:39
320,210,like,2.0,2026-05-17 00:23:58
320,395,like,2.0,2026-05-21 11:29:15
320,77,like,2.0,2026-05-23 15:12:35
320,241,view,1.0,2026-05-31 17:39:35
320,310,view,1.0,2026-06-01 04:32:36
320,126,view,1.0,2026-06-03 23:54:24
320,121,like,2.0,2026-06-05 23:03:26
320,358,view,1.0,2026-06-14 22:28:42
320,37,view,1.0,2026-06-18 07:22:42
320,61,view,1.0,2026-06-29 07:51:41
320,150,like,2.0,2026-07-02 20:56:11
320,314,like,2.0,2026-07-04 01:10:00
320,170,view,1.0,2026-07-06 10:18:21
320,100,view,1.0,2026-07-08 11:52:12
320,151,view,1.0,2026-07-22 01:45:50
320,165,view,1.0,2026-07-22 05:07:31
320,289,view,1.0,2026-07-29 05:15:36
320,343,like,2.0,2026-07-30 01:20:48
320,128,view,1.0,2026-08-10 08:46:22
320,281,like,2.0,2026-08-10 16:30:17
320,309,like,2.0,2026-08-30 11:36:51
320,220,purchase,4.0,2026-09-29 14:51:51
321,32,view,1.0,2026-04-12 12:43:12
321,135,purchase,4.0,2026-04-16 19:38:29
321,89,like,2.0,2026-05-08 01:31:33
321,195,view,1.0,2026-05-13 19:56:02
321,90,purchase,4.0,2026-05-14 13:20:06
321,279,like,2.0,2026-05-17 10:17:37
321,97,purchase,4.0,2026-05-18 03:57:43
321,96,like,2.0,2026-05-20 13:07:23
321,122,purchase,4.0,2026-06-21 12:55:05
321,233,view,1.0,2026-06-23 21:47:44
321,95,view,1.0,2026-06-24 19:13:57
321,258,view,1.0,2026-07-04 21:10:55
321,170,purchase,4.0,2026-07-09 17:56:37
321,91,view,1.0,2026-07-13 23:51:17
321,101,view,1.0,2026-07-17 07:01:10
321,200,like,2.0,2026-07-22 00:57:16
321,157,like,2.0,2026-07-22 19:37:42
321,310,view,1.0,2026-07-30 04:01:10
321,19,view,1.0,2026-08-01 13:40:47
321,166,view,1.0,2026-08-17 08:53:10
321,169,view,1.0,2026-09-08 20:31:02
322,210,like,2.0,2026-04-09 12:24:17
322,60,view,1.0,2026-04-11 01:33:32
322,237,like,2.0,2026-04-11 23:39:40
322,251,view,1.0,2026-04-13 14:00:09
322,222,view,1.0,2026-04-15 01:51:56
322,163,like,2.0,2026-04-17 11:50:35
322,229,like,2.0,2026-04-20 05:04:25
322,213,purchase,4.0,2026-04-26 06:24:50
322,385,like,2.0,2026-04-29 08:00:42
322,348,purchase,4.0,2026-05-04 11:08:01
322,151,like,2.0,2026-05-06 15:52:15
322,220,view,1.0,2026-05-07 20:03:01
322,18,view,1.0,2026-05-07 22:58:46
322,279,like,2.0,2026-05-18 20:59:41
322,285,like,2.0,2026-05-20 13:14:41
322,200,like,2.0,2026-05-27 15:16:21
322,365,view,1.0,2026-05-27 21:07:54
322,394,view,1.0,2026-05-29 02:07:20
322,331,view,1.0,2026-05-29 12:14:08
322,376,like,2.0,2026-06-05 08:28:45
322,202,view,1.0,2026-06-08 11:02:04
322,371,like,2.0,2026-06-10 05:16:18
322,380,view,1.0,2026-06-14 14:23:31
322,238,like,2.0,2026-06-17 16:11:30
322,196,view,1.0,2026-06-19 03:36:49
322,288,like,2.0,2026-06-19 18:19:39
322,324,view,1.0,2026-06-23 18:33:38
322,307,view,1.0,2026-06-24 09:57:20
322,84,purchase,4.0,2026-06-28 12:39:47
322,57,like,2.0,2026-07-02 18:40:15
322,273,like,2.0,2026-07-05 14:11:35
322,123,like,2.0,2026-07-10 04:10:46
322,357,view,1.0,2026-07-11 18:58:35
322,176,like,2.0,2026-07-15 18:16:28
322,228,view,1.0,2026-07-18 06:44:20
322,352,view,1.0,2026-07-31 10:56:48
322,217,like,2.0,2026-08-05 09:55:26
322,392,purchase,4.0,2026-08-08 21:47:23
322,211,like,2.0,2026-08-15 04:05:16
322,13,view,1.0,2026-08-16 12:34:35
322,218,view,1.0,2026-08-23 19:08:02
322,314,view,1.0,2026-08-31 01:43:53
322,43,purchase,4.0,2026-09-04 21:20:52
322,169,view,1.0,2026-09-06 13:29:41
322,212,view,1.0,2026-09-12 15:32:53
322,345,view,1.0,2026-09-13 17:10:51
322,261,view,1.0,2026-09-16 11:31:26
322,91,like,2.0,2026-09-22 21:13:59
322,332,view,1.0,2026-09-26 12:50:46
322,236,view,1.0,2026-09-26 20:37:36
322,351,purchase,4.0,2026-09-27 06:31:29
322,317,purchase,4.0,2026-09-28 22:15:16
323,392,purchase,4.0,2026-04-30 21:04:01
323,205,view,1.0,2026-05-27 01:04:06
323,18,like,2.0,2026-05-30 00:58:07
323,29,like,2.0,2026-07-30 09:06:38
323,183,view,1.0,2026-09-05 15:27:21
324,171,purchase,4.0,2026-04-13 04:24:28
324,42,like,2.0,2026-05-10 19:18:52
324,135,view,1.0,2026-06-08 21:11:23
324,366,like,2.0,2026-06-09 11:10:51
324,271,view,1.0,2026-06-16 20:53:48
324,5,view,1.0,2026-06-19 02:37:04
324,58,view,1.0,2026-06-21 15:06:19
324,116,like,2.0,2026-06-29 14:20:19
324,356,purchase,4.0,2026-07-16 22:30:02
324,293,view,1.0,2026-07-17 18:01:39
324,240,view,1.0,2026-07-24 22:08:46
324,67,view,1.0,2026-08-01 01:23:41
324,370,view,1.0,2026-08-02 23:02:15
324,317,view,1.0,2026-08-30 21:23:55
324,98,like,2.0,2026-09-02 00:51:06
324,160,like,2.0,2026-09-26 22:09:59
325,369,like,2.0,2026-04-05 09:31:01
325,339,like,2.0,2026-04-17 23:06:44
325,210,view,1.0,2026-04-20 00:17:36
325,191,like,2.0,2026-04-24 06:37:02
325,8,like,2.0,2026-06-18 21:28:31
325,152,view,1.0,2026-06-30 03:16:00
325,392,view,1.0,2026-07-09 07:05:53
325,306,view,1.0,2026-07-29 01:00:45
325,214,like,2.0,2026-08-06 22:34:08
325,351,purchase,4.0,2026-08-07 23:53:50
325,4,view,1.0,2026-09-22 08:56:11
326,91,purchase,4.0,2026-05-12 19:42:24
326,166,view,1.0,2026-05-25 17:56:03
326,233,view,1.0,2026-06-11 06:51:46
326,2,view,1.0,2026-06-21 21:39:32
326,122,like,2.0,2026-07-27 03:03:36
326,213,view,1.0,2026-08-04 17:23:02
326,259,view,1.0,2026-09-13 14:20:20
326,163,purchase,4.0,2026-09-20 07:34:32
327,91,like,2.0,2026-04-17 19:16:55
327,322,purchase,4.0,2026-06-02 16:58:16
327,103,view,1.0,2026-06-19 01:10:34
327,122,view,1.0,2026-07-18 18:46:49
327,210,purchase,4.0,2026-07-21 11:09:48
327,211,like,2.0,2026-07-21 11:36:40
327,317,view,1.0,2026-07-23 07:03:03
327,148,like,2.0,2026-08-12 02:10:26
327,108,view,1.0,2026-09-28 16:01:16
328,101,like,2.0,2026-04-07 08:35:21
328,395,like,2.0,2026-04-09 02:42:43
328,374,purchase,4.0,2026-04-24 03:28:19
328,113,like,2.0,2026-05-14 13:21:27
328,171,view,1.0,2026-05-20 00:47:48
328,347,like,2.0,2026-07-09 00:05:19
328,164,view,1.0,2026-07-17 09:29:32
328,378,purchase,4.0,2026-07-19 03:11:43
328,95,purchase,4.0,2026-08-10 04:51:49
328,274,view,1.0,2026-08-14 04:28:49
328,220,like,2.0,2026-09-10 07:25:42
328,146,view,1.0,2026-09-26 01:44:21
329,123,like,2.0,2026-04-26 18:58:56
329,91,like,2.0,2026-05-07 07:21:57
329,315,like,2.0,2026-05-21 07:10:43
329,83,view,1.0,2026-06-02 16:26:11
329,306,like,2.0,2026-06-14 08:25:15
329,220,view,1.0,2026-07-04 06:29:51
329,122,like,2.0,2026-07-05 06:22:37
329,156,view,1.0,2026-07-06 11:41:51
329,394,like,2.0,2026-07-12 07:52:51
329,371,view,1.0,2026-07-15 00:59:05
329,95,like,2.0,2026-07-22 18:34:25
329,57,like,2.0,2026-07-29 09:47:47
329,209,view,1.0,2026-07-30 19:21:02
329,392,like,2.0,2026-08-01 14:46:43
329,200,view,1.0,2026-08-04 12:21:05
329,305,view,1.0,2026-08-27 07:02:24
329,189,view,1.0,2026-09-08 19:10:40
329,324,like,2.0,2026-09-22 05:11:54
330,204,like,2.0,2026-04-07 05:10:40
330,288,view,1.0,2026-04-13 16:36:03
330,58,view,1.0,2026-04-23 09:23:21
330,150,view,1.0,2026-04-25 22:18:03
330,340,like,2.0,2026-05-04 01:30:52
330,385,view,1.0,2026-06-09 06:02:13
330,115,view,1.0,2026-06-13 07:29:00
331,367,view,1.0,2026-04-03 14:26:30
331,61,purchase,4.0,2026-05-03 04:42:10
331,399,like,2.0,2026-05-05 20:52:22
331,239,view,1.0,2026-05-19 21:27:06
331,375,like,2.0,2026-06-05 16:45:33
331,72,purchase,4.0,2026-06-07 07:38:08
331,147,purchase,4.0,2026-06-25 06:09:12
331,357,view,1.0,2026-06-28 17:44:00
331,336,view,1.0,2026-08-03 09:57:23
331,355,view,1.0,2026-08-07 22:55:36
331,103,like,2.0,2026-08-26 08:22:05
331,243,view,1.0,2026-08-31 10:05:07
331,120,purchase,4.0,2026-09-02 20:46:19
331,199,view,1.0,2026-09-05 11:53:13
331,293,view,1.0,2026-09-18 21:57:44
331,196,view,1.0,2026-09-19 00:15:29
331,86,like,2.0,2026-09-26 00:02:49
332,298,purchase,4.0,2026-05-04 05:20:29
332,220,purchase,4.0,2026-05-18 09:39:05
332,170,view,1.0,2026-05-20 14:02:04
332,357,like,2.0,2026-05-28 17:42:14
332,292,like,2.0,2026-06-11 10:04:44
332,166,view,1.0,2026-06-12 06:07:56
332,200,like,2.0,2026-06-18 07:13:20
332,42,view,1.0,2026-06-19 11:27:33
332,309,purchase,4.0,2026-07-15 00:05:27
332,324,like,2.0,2026-08-17 15:01:28
332,150,view,1.0,2026-09-20 14:25:54
334,281,like,2.0,2026-04-14 13:56:12
334,220,purchase,4.0,2026-05-02 17:03:08
334,103,view,1.0,2026-05-04 01:57:40
334,25,view,1.0,2026-05-14 14:14:32
334,82,like,2.0,2026-06-20 00:18:42
334,200,like,2.0,2026-06-21 10:53:34
334,2,view,1.0,2026-07-11 09:42:13
334,94,view,1.0,2026-08-13 09:17:11
334,64,view,1.0,2026-08-14 10:29:13
334,143,purchase,4.0,2026-08-23 10:14:10
334,328,view,1.0,2026-09-02 10:30:35
334,385,like,2.0,2026-09-23 09:29:56
335,324,view,1.0,2026-04-04 18:08:30
335,52,view,1.0,2026-04-05 06:00:11
335,223,view,1.0,2026-04-06 21:49:38
335,279,purchase,4.0,2026-04-14 05:11:16
335,91,view,1.0,2026-04-18 09:16:00
335,241,view,1.0,2026-05-27 09:29:16
335,171,purchase,4.0,2026-06-08 17:13:45
335,182,view,1.0,2026-06-12 04:04:00
335,210,view,1.0,2026-07-03 20:01:36
335,216,view,1.0,2026-07-26 01:48:50
335,281,view,1.0,2026-07-28 09:20:40
335,170,view,1.0,2026-08-03 04:38:17
335,287,like,2.0,2026-08-17 19:13:31
335,184,like,2.0,2026-09-02 18:51:39
335,270,view,1.0,2026-09-04 16:01:41
335,98,view,1.0,2026-09-18 16:48:23
335,165,view,1.0,2026-09-27 17:41:34
336,315,purchase,4.0,2026-04-14 12:50:53
336,317,purchase,4.0,2026-05-05 03:22:15
336,216,like,2.0,2026-05-05 10:31:18
336,400,view,1.0,2026-05-13 09:10:40
336,154,view,1.0,2026-05-15 03:52:05
336,380,view,1.0,2026-05-16 19:26:01
336,239,purchase,4.0,2026-06-16 01:47:22
336,284,view,1.0,2026-06-17 01:47:57
336,369,view,1.0,2026-07-02 05:37:22
336,328,like,2.0,2026-07-08 14:12:53
336,115,view,1.0,2026-07-09 12:50:10
336,348,like,2.0,2026-07-24 23:46:45
336,215,view,1.0,2026-07-26 08:29:02
336,13,view,1.0,2026-08-17 03:53:01
336,252,view,1.0,2026-09-06 17:49:14
336,204,view,1.0,2026-09-17 05:46:53
337,146,view,1.0,2026-04-14 22:29:24
337,30,view,1.0,2026-04-19 00:48:35
337,61,purchase,4.0,2026-04-20 22:58:25
337,293,view,1.0,2026-05-01 11:37:16
337,220,purchase,4.0,2026-05-04 00:32:00
337,210,like,2.0,2026-05-20 21:32:04
337,64,view,1.0,2026-05-26 06:49:17
337,152,view,1.0,2026-06-07 16:43:47
337,173,view,1.0,2026-06-09 03:46:49
337,150,like,2.0,2026-06-13 13:38:14
337,200,like,2.0,2026-06-15 04:10:53
337,299,like,2.0,2026-06-17 15:07:55
337,258,view,1.0,2026-07-04 09:22:24
337,244,view,1.0,2026-07-05 18:35:37
337,217,view,1.0,2026-07-19 18:28:15
337,76,view,1.0,2026-07-25 16:08:47
337,240,like,2.0,2026-08-07 21:14:17
337,63,purchase,4.0,2026-08-10 15:05:32
337,292,like,2.0,2026-08-20 09:32:02
337,175,view,1.0,2026-09-01 19:06:17
337,226,view,1.0,2026-09-10 10:50:06
337,354,like,2.0,2026-09-22 08:49:14
338,102,view,1.0,2026-05-18 17:40:22
338,156,purchase,4.0,2026-05-30 13:41:23
338,314,view,1.0,2026-06-14 15:55:56
338,137,like,2.0,2026-06-22 03:36:23
338,87,like,2.0,2026-07-12 22:56:09
338,101,purchase,4.0,2026-07-21 05:54:50
338,12,view,1.0,2026-08-14 16:52:48
338,353,view,1.0,2026-08-24 22:45:57
338,264,view,1.0,2026-08-29 10:01:38
338,184,like,2.0,2026-09-29 10:30:25
339,41,view,1.0,2026-04-10 19:38:29
339,30,purchase,4.0,2026-07-03 13:34:54
339,89,like,2.0,2026-07-17 07:26:06
339,57,view,1.0,2026-07-23 12:13:36
339,143,view,1.0,2026-07-30 15:44:02
339,79,view,1.0,2026-08-04 18:24:39
339,74,view,1.0,2026-08-05 14:43:40
339,248,like,2.0,2026-08-07 15:21:42
339,378,view,1.0,2026-08-08 00:00:08
339,6,view,1.0,2026-08-08 02:44:44
341,205,like,2.0,2026-04-09 22:13:02
341,309,view,1.0,2026-04-23 20:43:59
341,9,like,2.0,2026-04-29 11:25:09
341,370,purchase,4.0,2026-04-29 22:58:24
341,333,like,2.0,2026-05-01 03:40:53
341,250,like,2.0,2026-05-02 04:27:30
341,30,view,1.0,2026-05-06 16:40:55
341,123,like,2.0,2026-05-19 04:16:50
341,109,like,2.0,2026-05-29 11:35:44
341,111,view,1.0,2026-06-03 04:47:08
341,259,view,1.0,2026-06-03 21:29:08
341,353,purchase,4.0,2026-06-13 20:19:29
341,261,like,2.0,2026-06-19 02:48:48
341,164,like,2.0,2026-06-21 00:58:36
341,390,purchase,4.0,2026-06-30 20:30:01
341,345,like,2.0,2026-07-05 22:40:10
341,267,view,1.0,2026-07-14 00:45:37
341,165,view,1.0,2026-07-16 00:59:38
341,265,view,1.0,2026-07-27 14:42:05
341,170,view,1.0,2026-07-28 22:44:59
341,68,view,1.0,2026-08-07 00:49:33
341,242,view,1.0,2026-08-09 07:08:24
341,275,view,1.0,2026-08-12 00:33:23
341,150,view,1.0,2026-08-17 08:06:33
341,369,like,2.0,2026-08-17 16:30:29
341,344,like,2.0,2026-09-03 06:53:43
341,222,like,2.0,2026-09-04 04:42:41
341,19,view,1.0,2026-09-06 12:12:32
341,4,view,1.0,2026-09-06 17:30:12
341,327,purchase,4.0,2026-09-08 13:00:41
341,199,view,1.0,2026-09-11 04:49:18
341,5,view,1.0,2026-09-11 17:27:31
341,62,like,2.0,2026-09-14 20:07:54
341,92,view,1.0,2026-09-16 16:30:05
341,244,view,1.0,2026-09-17 06:56:50
341,192,like,2.0,2026-09-21 19:51:27
341,37,view,1.0,2026-09-22 06:15:54
341,203,like,2.0,2026-09-29 13:07:20
342,191,like,2.0,2026-04-05 23:30:07
342,194,view,1.0,2026-04-16 01:40:46
342,112,view,1.0,2026-05-07 03:36:04
342,314,like,2.0,2026-05-07 13:10:43
342,244,like,2.0,2026-05-22 23:32:38
342,164,like,2.0,2026-06-15 14:07:07
342,171,purchase,4.0,2026-07-06 02:29:50
342,176,like,2.0,2026-07-07 03:41:39
342,208,view,1.0,2026-07-29 12:54:53
342,142,like,2.0,2026-08-09 01:05:14
342,331,purchase,4.0,2026-09-17 11:55:45
342,369,view,1.0,2026-09-20 16:50:29
343,247,like,2.0,2026-04-15 03:55:31
343,321,view,1.0,2026-04-15 21:20:40
343,187,view,1.0,2026-06-14 08:21:11
343,56,view,1.0,2026-06-18 19:57:26
343,223,like,2.0,2026-08-28 02:03:36
344,126,purchase,4.0,2026-04-11 20:49:13
344,357,view,1.0,2026-04-17 16:15:37
344,328,view,1.0,2026-04-26 04:08:27
344,114,view,1.0,2026-05-01 04:30:27
344,102,like,2.0,2026-05-04 02:02:19
344,158,purchase,4.0,2026-05-10 03:05:07
344,317,like,2.0,2026-05-13 15:53:30
344,59,like,2.0,2026-05-22 16:09:15
344,122,purchase,4.0,2026-05-30 00:17:32
344,251,purchase,4.0,2026-06-16 16:29:20
344,13,like,2.0,2026-06-18 14:07:13
344,16,like,2.0,2026-08-03 19:45:42
344,298,view,1.0,2026-08-18 01:51:13
344,211,like,2.0,2026-08-24 08:05:43
344,217,purchase,4.0,2026-09-04 08:20:32
344,226,purchase,4.0,2026-09-18 07:11:20
344,173,view,1.0,2026-09-23 14:18:30
345,61,like,2.0,2026-04-08 14:03:36
345,342,like,2.0,2026-04-10 09:09:05
345,270,like,2.0,2026-04-15 13:30:34
345,60,view,1.0,2026-04-24 00:39:50
345,107,view,1.0,2026-05-07 15:54:14
345,397,like,2.0,2026-05-16 13:55:19
345,150,like,2.0,2026-05-18 15:42:50
345,83,view,1.0,2026-05-25 04:47:15
345,202,like,2.0,2026-05-29 13:58:36
345,76,view,1.0,2026-06-17 07:26:49
345,314,view,1.0,2026-07-11 20:50:51
345,235,view,1.0,2026-07-29 10:03:49
345,278,like,2.0,2026-07-30 17:41:16
345,128,view,1.0,2026-08-24 18:58:33
345,352,view,1.0,2026-09-04 11:53:48
345,52,purchase,4.0,2026-09-05 00:03:50
345,91,view,1.0,2026-09-10 22:00:58
345,399,purchase,4.0,2026-09-16 07:05:42
345,395,like,2.0,2026-09-24 07:42:55
345,190,view,1.0,2026-09-25 05:03:03
345,189,like,2.0,2026-09-25 07:40:17
346,339,like,2.0,2026-04-11 03:54:54
346,98,view,1.0,2026-04-13 21:40:31
346,313,view,1.0,2026-05-05 11:25:17
346,399,view,1.0,2026-05-06 01:43:23
346,391,purchase,4.0,2026-05-17 07:52:18
346,234,like,2.0,2026-05-20 16:29:23
346,61,like,2.0,2026-06-21 10:43:11
346,48,like,2.0,2026-06-28 22:51:21
346,99,view,1.0,2026-07-04 09:39:17
346,233,like,2.0,2026-08-25 13:55:32
346,147,view,1.0,2026-08-27 14:12:42
346,282,purchase,4.0,2026-08-27 15:56:10
346,319,view,1.0,2026-09-12 22:52:13
347,17,view,1.0,2026-04-03 12:53:11
347,101,view,1.0,2026-04-10 10:50:26
347,369,purchase,4.0,2026-04-15 14:23:49
347,261,like,2.0,2026-04-17 06:39:29
347,266,view,1.0,2026-04-20 07:49:55
347,132,purchase,4.0,2026-04-20 22:26:14
347,304,purchase,4.0,2026-04-28 17:53:02
347,283,view,1.0,2026-05-02 10:07:00
347,192,like,2.0,2026-05-20 12:36:11
347,354,like,2.0,2026-05-30 10:10:49
347,384,view,1.0,2026-06-01 08:06:54
347,399,view,1.0,2026-06-04 20:28:14
347,203,view,1.0,2026-06-17 08:59:16
347,8,view,1.0,2026-06-24 00:11:11
347,82,view,1.0,2026-07-06 07:51:44
347,157,like,2.0,2026-07-15 00:39:56
347,275,view,1.0,2026-07-18 06:50:53
347,214,view,1.0,2026-07-20 08:58:51
347,264,view,1.0,2026-07-26 21:54:50
347,389,like,2.0,2026-08-04 18:12:08
347,9,like,2.0,2026-08-09 13:39:13
347,2,view,1.0,2026-08-17 20:10:16
347,273,purchase,4.0,2026-08-28 16:26:04
347,222,view,1.0,2026-08-30 23:34:21
347,349,like,2.0,2026-09-01 21:12:10
347,70,view,1.0,2026-09-10 20:03:09
347,231,view,1.0,2026-09-12 23:51:48
347,367,view,1.0,2026-09-16 22:45:34
347,175,like,2.0,2026-09-20 04:22:54
347,234,view,1.0,2026-09-21 03:37:48
348,124,view,1.0,2026-04-28 16:53:40
348,126,view,1.0,2026-05-10 18:39:58
348,138,like,2.0,2026-05-22 06:43:07
348,187,view,1.0,2026-05-28 01:31:47
348,169,view,1.0,2026-06-08 06:23:22
348,204,like,2.0,2026-06-14 08:11:19
348,306,view,1.0,2026-07-05 21:06:13
348,45,view,1.0,2026-07-14 23:33:30
348,127,like,2.0,2026-07-26 18:53:36
348,1,view,1.0,2026-08-02 00:46:57
348,4,purchase,4.0,2026-09-09 03:18:15
348,252,view,1.0,2026-09-23 21:23:02
348,358,view,1.0,2026-09-25 16:40:16
349,350,view,1.0,2026-05-05 08:24:04
349,259,view,1.0,2026-05-26 08:21:37
349,299,like,2.0,2026-06-17 02:16:20
349,108,purchase,4.0,2026-07-18 22:07:24
349,239,view,1.0,2026-08-07 21:03:32
349,37,view,1.0,2026-08-08 14:19:08
349,181,like,2.0,2026-09-12 09:03:33
349,285,view,1.0,2026-09-25 01:23:03
350,314,view,1.0,2026-04-12 16:54:46
350,155,like,2.0,2026-04-16 07:34:09
350,331,view,1.0,2026-05-02 00:48:19
350,101,view,1.0,2026-05-03 19:36:51
350,324,purchase,4.0,2026-05-14 19:17:45
350,370,view,1.0,2026-05-23 12:17:59
350,396,view,1.0,2026-06-18 05:20:43
350,320,like,2.0,2026-06-24 20:14:58
350,286,view,1.0,2026-07-04 15:46:50
350,212,view,1.0,2026-07-11 05:03:33
350,31,view,1.0,2026-07-22 11:14:11
350,230,like,2.0,2026-08-01 19:19:58
350,6,view,1.0,2026-08-07 12:21:32
350,283,view,1.0,2026-08-11 14:37:17
350,52,like,2.0,2026-08-14 05:53:47
350,243,view,1.0,2026-08-29 18:42:48
350,192,purchase,4.0,2026-09-13 01:07:51
350,362,view,1.0,2026-09-29 02:54:57
351,239,view,1.0,2026-04-07 05:39:50
351,139,purchase,4.0,2026-04-15 04:41:07
351,106,view,1.0,2026-04-17 00:01:02
351,78,view,1.0,2026-04-30 21:04:38
351,97,view,1.0,2026-05-03 20:16:34
351,51,like,2.0,2026-05-07 15:00:11
351,101,view,1.0,2026-05-10 17:17:10
351,340,like,2.0,2026-05-14 03:37:46
351,109,view,1.0,2026-05-24 10:23:44
351,375,view,1.0,2026-05-28 03:48:41
351,98,view,1.0,2026-05-31 03:29:13
351,193,like,2.0,2026-06-01 02:25:48
351,76,view,1.0,2026-06-01 19:31:43
351,6,view,1.0,2026-06-04 16:56:13
351,255,view,1.0,2026-06-05 02:17:48
351,125,view,1.0,2026-06-17 00:23:19
351,129,like,2.0,2026-07-03 22:38:16
351,158,view,1.0,2026-07-13 23:16:40
351,324,like,2.0,2026-07-15 11:27:18
351,155,view,1.0,2026-07-18 13:34:00
351,37,view,1.0,2026-07-20 17:57:55
351,226,like,2.0,2026-07-30 20:28:25
351,397,view,1.0,2026-08-11 03:09:51
351,60,view,1.0,2026-08-13 14:04:46
351,118,view,1.0,2026-08-15 08:17:54
351,188,view,1.0,2026-08-15 21:26:43
351,387,like,2.0,2026-08-20 06:36:56
351,44,view,1.0,2026-08-26 04:45:36
351,332,like,2.0,2026-08-28 13:46:27
352,170,view,1.0,2026-04-09 16:00:00
352,96,view,1.0,2026-04-27 23:32:41
352,311,view,1.0,2026-05-04 01:21:23
352,31,view,1.0,2026-05-06 11:18:48
352,213,view,1.0,2026-05-26 02:12:59
352,112,view,1.0,2026-06-18 13:36:36
352,77,view,1.0,2026-06-30 02:57:48
352,357,like,2.0,2026-07-06 10:22:52
352,210,purchase,4.0,2026-07-11 04:58:12
352,131,view,1.0,2026-07-12 08:12:13
352,303,like,2.0,2026-07-28 07:55:11
352,171,view,1.0,2026-08-01 01:21:32
352,67,view,1.0,2026-08-05 14:01:27
352,398,purchase,4.0,2026-08-07 14:22:43
352,142,view,1.0,2026-08-16 13:05:50
352,38,view,1.0,2026-08-22 16:09:02
352,48,purchase,4.0,2026-08-30 21:00:41
352,385,like,2.0,2026-09-10 12:47:33
352,386,view,1.0,2026-09-24 01:19:38
352,200,view,1.0,2026-09-25 17:07:46
353,232,view,1.0,2026-04-30 08:28:38
353,242,purchase,4.0,2026-06-05 01:50:54
353,203,like,2.0,2026-06-08 04:43:33
353,367,view,1.0,2026-06-17 13:14:10
353,171,view,1.0,2026-06-27 13:02:45
353,74,view,1.0,2026-08-12 22:10:58
354,294,view,1.0,2026-04-23 02:00:54
354,141,view,1.0,2026-04-24 00:24:18
354,242,view,1.0,2026-05-26 12:53:36
354,150,view,1.0,2026-06-30 01:28:55
354,149,view,1.0,2026-07-04 05:02:40
354,179,like,2.0,2026-07-05 05:49:58
354,10,purchase,4.0,2026-07-21 23:40:10
354,295,view,1.0,2026-08-06 06:54:15
354,222,like,2.0,2026-08-11 05:10:48
354,52,view,1.0,2026-08-28 23:03:12
354,99,like,2.0,2026-09-02 00:49:38
355,18,view,1.0,2026-04-16 22:36:20
355,205,purchase,4.0,2026-04-26 05:15:11
355,83,view,1.0,2026-05-16 10:25:27
355,170,view,1.0,2026-05-23 21:29:24
355,375,purchase,4.0,2026-06-18 13:14:57
355,101,like,2.0,2026-07-04 16:59:59
355,244,view,1.0,2026-07-21 07:56:26
355,87,like,2.0,2026-08-19 17:05:21
355,226,like,2.0,2026-09-08 12:31:15
355,112,purchase,4.0,2026-09-11 12:23:59
355,265,view,1.0,2026-09-15 08:19:51
356,60,view,1.0,2026-04-11 17:35:39
356,2,view,1.0,2026-05-04 03:37:13
356,304,view,1.0,2026-06-15 16:03:20
356,5,purchase,4.0,2026-06-19 06:42:11
356,357,like,2.0,2026-07-15 18:59:06
356,210,view,1.0,2026-07-18 14:46:05
356,379,view,1.0,2026-07-31 10:29:20
356,310,view,1.0,2026-08-04 11:16:04
356,359,view,1.0,2026-08-11 23:25:58
356,293,view,1.0,2026-09-06 05:31:45
357,220,view,1.0,2026-04-18 01:27:43
357,122,view,1.0,2026-04-20 04:28:06
357,324,like,2.0,2026-04-24 21:29:47
357,190,like,2.0,2026-04-29 16:37:35
357,31,view,1.0,2026-05-10 16:05:56
357,89,like,2.0,2026-05-14 20:11:19
357,261,view,1.0,2026-05-19 02:30:17
357,33,purchase,4.0,2026-05-22 20:34:37
357,150,like,2.0,2026-06-10 16:02:29
357,334,view,1.0,2026-06-16 09:16:26
357,13,like,2.0,2026-06-23 20:07:26
357,271,like,2.0,2026-06-28 11:36:31
357,262,purchase,4.0,2026-07-03 11:20:24
357,129,like,2.0,2026-07-04 07:45:57
357,51,view,1.0,2026-07-07 15:55:59
357,42,like,2.0,2026-07-11 09:43:48
357,395,purchase,4.0,2026-07-22 20:14:43
357,263,like,2.0,2026-07-24 19:42:36
357,320,purchase,4.0,2026-07-25 09:49:01
357,52,like,2.0,2026-07-27 15:55:46
357,82,view,1.0,2026-08-14 14:40:01
357,296,like,2.0,2026-08-20 21:55:42
357,161,like,2.0,2026-08-25 07:11:37
358,351,like,2.0,2026-04-07 03:16:59
358,48,purchase,4.0,2026-04-18 13:37:14
358,224,purchase,4.0,2026-04-22 06:28:53
358,9,purchase,4.0,2026-04-23 02:25:26
358,39,view,1.0,2026-05-23 08:43:17
358,94,like,2.0,2026-06-03 08:28:59
358,304,like,2.0,2026-06-07 00:26:14
358,12,view,1.0,2026-06-28 16:32:23
358,382,view,1.0,2026-07-17 23:39:36
358,173,like,2.0,2026-07-20 05:12:09
358,345,view,1.0,2026-07-21 06:39:56
358,137,purchase,4.0,2026-07-21 10:51:50
358,160,view,1.0,2026-08-02 18:04:48
358,205,view,1.0,2026-08-11 06:58:49
358,336,purchase,4.0,2026-08-31 10:59:03
358,267,view,1.0,2026-09-01 22:14:13
359,96,view,1.0,2026-04-04 02:35:26
359,261,like,2.0,2026-04-10 06:13:19
359,176,purchase,4.0,2026-06-03 04:37:11
359,136,view,1.0,2026-06-30 04:54:37
359,100,view,1.0,2026-07-09 01:58:46
359,18,like,2.0,2026-08-26 11:47:16
359,203,view,1.0,2026-08-27 05:35:47
359,164,like,2.0,2026-09-10 06:47:03
360,52,view,1.0,2026-04-14 22:08:01
360,353,like,2.0,2026-04-27 05:06:19
360,5,like,2.0,2026-04-30 21:47:33
360,359,view,1.0,2026-05-05 09:19:15
360,30,view,1.0,2026-06-07 21:13:42
360,293,view,1.0,2026-07-03 07:23:22
360,115,like,2.0,2026-09-11 02:12:47
360,101,like,2.0,2026-09-19 03:24:07
361,388,view,1.0,2026-04-11 13:51:28
361,376,view,1.0,2026-04-18 20:01:53
361,234,like,2.0,2026-04-19 12:09:20
361,236,purchase,4.0,2026-05-02 18:35:04
361,182,like,2.0,2026-05-19 05:49:44
361,80,view,1.0,2026-05-23 10:16:57
361,399,like,2.0,2026-05-27 05:39:16
361,332,view,1.0,2026-06-02 11:50:41
361,25,view,1.0,2026-06-06 05:50:55
361,44,view,1.0,2026-06-08 09:44:15
361,355,view,1.0,2026-06-08 20:12:50
361,115,view,1.0,2026-06-09 12:32:55
361,279,view,1.0,2026-06-14 17:50:29
361,49,view,1.0,2026-06-14 21:23:03
361,64,view,1.0,2026-06-15 11:51:31
361,296,like,2.0,2026-06-16 10:37:46
361,398,like,2.0,2026-06-28 02:09:27
361,190,like,2.0,2026-07-06 22:48:17
361,19,like,2.0,2026-07-15 02:09:50
361,83,like,2.0,2026-07-23 02:56:03
361,79,view,1.0,2026-07-27 19:07:28
361,385,purchase,4.0,2026-07-31 13:29:35
361,152,like,2.0,2026-08-05 00:59:42
361,391,view,1.0,2026-08-10 17:30:41
361,339,view,1.0,2026-08-24 12:22:07
361,170,view,1.0,2026-08-25 06:06:35
361,9,purchase,4.0,2026-09-10 15:04:23
361,397,like,2.0,2026-09-15 17:11:30
361,5,view,1.0,2026-09-16 09:06:17
361,336,view,1.0,2026-09-17 01:37:53
361,150,like,2.0,2026-09-23 18:23:20
362,196,view,1.0,2026-04-08 08:02:56
362,269,like,2.0,2026-04-09 21:00:59
362,319,like,2.0,2026-04-18 08:04:53
362,98,view,1.0,2026-04-29 13:34:35
362,289,like,2.0,2026-06-03 20:08:35
362,109,view,1.0,2026-06-17 00:00:28
362,9,like,2.0,2026-08-21 13:39:26
362,24,like,2.0,2026-08-29 02:33:54
362,12,view,1.0,2026-08-31 00:29:00
362,122,like,2.0,2026-09-02 08:54:04
362,59,purchase,4.0,2026-09-13 20:34:34
363,363,purchase,4.0,2026-04-03 13:08:44
363,279,like,2.0,2026-04-05 20:25:55
363,269,like,2.0,2026-04-27 16:27:20
363,376,view,1.0,2026-05-13 16:04:38
363,213,view,1.0,2026-06-07 01:01:44
363,25,view,1.0,2026-06-07 17:56:03
363,287,view,1.0,2026-06-15 17:51:33
363,60,view,1.0,2026-06-16 19:51:21
363,271,view,1.0,2026-06-18 13:17:45
363,153,view,1.0,2026-06-18 13:32:29
363,12,view,1.0,2026-06-21 13:10:13
363,18,view,1.0,2026-07-01 07:31:03
363,150,view,1.0,2026-07-21 02:52:58
363,233,purchase,4.0,2026-08-01 00:48:48
363,62,like,2.0,2026-08-01 17:09:08
363,41,view,1.0,2026-08-04 03:29:07
363,146,view,1.0,2026-08-08 06:48:49
363,339,purchase,4.0,2026-09-04 02:26:28
363,325,view,1.0,2026-09-04 19:50:53
364,171,purchase,4.0,2026-04-15 13:48:19
364,308,view,1.0,2026-04-21 04:32:20
364,209,purchase,4.0,2026-04-25 05:44:45
364,211,view,1.0,2026-05-26 17:24:24
364,242,like,2.0,2026-06-23 18:35:53
364,270,view,1.0,2026-06-28 04:52:55
364,43,view,1.0,2026-07-07 06:01:44
364,6,view,1.0,2026-07-27 17:34:51
364,336,like,2.0,2026-07-29 00:23:44
366,345,view,1.0,2026-04-14 20:58:42
366,395,view,1.0,2026-04-16 09:30:31
366,220,view,1.0,2026-04-30 12:23:37
366,200,purchase,4.0,2026-05-24 09:20:34
366,306,like,2.0,2026-06-06 08:38:54
366,50,view,1.0,2026-06-07 02:17:15
366,298,view,1.0,2026-06-07 07:04:25
366,309,like,2.0,2026-06-10 13:56:39
366,159,view,1.0,2026-06-14 20:33:28
366,248,like,2.0,2026-06-16 19:24:18
366,357,view,1.0,2026-06-20 01:39:20
366,78,view,1.0,2026-06-23 21:52:15
366,124,like,2.0,2026-07-27 02:27:47
366,254,view,1.0,2026-08-11 04:49:05
366,319,view,1.0,2026-08-20 04:56:00
366,239,view,1.0,2026-08-22 16:05:08
366,210,view,1.0,2026-09-10 05:33:16
366,32,view,1.0,2026-09-25 20:33:33
367,390,like,2.0,2026-04-07 05:01:00
367,355,view,1.0,2026-04-09 21:16:37
367,155,view,1.0,2026-04-12 12:29:25
367,364,like,2.0,2026-04-18 15:04:14
367,60,view,1.0,2026-05-02 04:16:25
367,12,view,1.0,2026-05-16 12:12:33
367,51,view,1.0,2026-05-21 21:23:56
367,359,purchase,4.0,2026-06-09 10:43:44
367,23,like,2.0,2026-06-18 21:03:23
367,70,like,2.0,2026-06-30 14:52:23
367,162,view,1.0,2026-07-05 06:14:21
367,204,like,2.0,2026-07-07 20:19:37
367,92,purchase,4.0,2026-07-17 11:11:47
367,339,like,2.0,2026-07-24 16:16:23
367,388,view,1.0,2026-08-16 15:46:10
367,114,view,1.0,2026-08-24 11:22:01
367,380,view,1.0,2026-08-31 03:03:40
367,345,like,2.0,2026-09-02 10:49:18
367,362,view,1.0,2026-09-09 09:21:42
367,25,view,1.0,2026-09-10 03:23:41
368,279,view,1.0,2026-05-03 14:38:44
368,51,view,1.0,2026-05-09 04:31:18
368,158,view,1.0,2026-05-09 21:03:58
368,1,like,2.0,2026-06-12 21:18:19
368,100,view,1.0,2026-07-03 05:02:02
368,392,like,2.0,2026-07-06 16:52:27
368,181,view,1.0,2026-08-03 18:40:40
368,357,view,1.0,2026-08-23 04:42:14
368,12,like,2.0,2026-08-27 08:04:14
368,358,view,1.0,2026-09-04 11:43:06
368,251,like,2.0,2026-09-08 14:05:57
368,48,view,1.0,2026-09-11 23:24:43
368,355,like,2.0,2026-09-19 05:30:25
369,394,view,1.0,2026-04-09 03:11:17
369,347,view,1.0,2026-04-09 21:05:44
369,285,like,2.0,2026-04-14 20:35:16
369,109,view,1.0,2026-04-14 23:17:54
369,264,purchase,4.0,2026-04-18 05:55:27
369,268,purchase,4.0,2026-04-19 21:07:04
369,155,like,2.0,2026-04-23 02:54:31
369,5,like,2.0,2026-04-23 19:45:20
369,134,purchase,4.0,2026-05-08 11:14:49
369,208,view,1.0,2026-05-08 12:12:21
369,387,view,1.0,2026-05-23 02:50:10
369,294,view,1.0,2026-05-26 09:01:38
369,32,view,1.0,2026-05-29 12:22:51
369,108,like,2.0,2026-06-02 14:27:08
369,213,view,1.0,2026-06-12 14:30:11
369,174,view,1.0,2026-06-21 13:32:52
369,4,view,1.0,2026-06-27 23:56:12
369,384,view,1.0,2026-07-01 10:44:08
369,370,view,1.0,2026-07-03 20:42:12
369,380,view,1.0,2026-07-04 02:14:54
369,164,view,1.0,2026-07-13 22:59:10
369,340,view,1.0,2026-07-31 12:24:01
369,287,like,2.0,2026-08-11 23:15:16
369,210,view,1.0,2026-08-14 17:34:04
369,13,view,1.0,2026-08-25 18:16:47
369,58,like,2.0,2026-08-26 06:36:54
369,85,view,1.0,2026-09-12 05:53:21
369,368,purchase,4.0,2026-09-13 18:52:41
369,281,view,1.0,2026-09-26 22:41:37
370,150,view,1.0,2026-04-04 20:20:18
370,41,view,1.0,2026-04-10 06:14:46
370,317,view,1.0,2026-04-12 01:32:06
370,345,view,1.0,2026-04-17 23:50:20
370,60,view,1.0,2026-04-19 02:11:37
370,358,like,2.0,2026-04-22 04:43:33
370,399,view,1.0,2026-04-26 12:10:45
370,4,view,1.0,2026-05-08 01:25:56
370,332,purchase,4.0,2026-05-27 03:14:42
370,217,purchase,4.0,2026-06-03 10:15:06
370,390,view,1.0,2026-06-05 01:48:13
370,126,view,1.0,2026-06-12 10:39:06
370,141,view,1.0,2026-06-19 06:02:23
370,331,view,1.0,2026-06-30 02:18:43
370,270,view,1.0,2026-07-01 10:44:37
370,231,view,1.0,2026-07-09 18:42:15
370,246,view,1.0,2026-08-13 04:36:44
370,258,view,1.0,2026-08-20 16:44:34
370,13,view,1.0,2026-08-23 19:18:19
370,52,view,1.0,2026-08-27 04:18:44
370,81,view,1.0,2026-09-01 22:55:55
370,78,purchase,4.0,2026-09-06 16:57:43
370,337,view,1.0,2026-09-10 12:41:58
370,159,purchase,4.0,2026-09-19 14:02:35
371,146,view,1.0,2026-05-16 22:43:36
371,99,view,1.0,2026-06-04 15:59:33
371,166,view,1.0,2026-06-06 17:07:16
371,209,view,1.0,2026-08-31 19:08:32
371,62,view,1.0,2026-09-16 21:10:21
372,187,view,1.0,2026-04-06 05:50:22
372,12,view,1.0,2026-04-08 03:54:24
372,368,like,2.0,2026-04-17 01:26:31
372,23,view,1.0,2026-05-01 08:33:32
372,394,view,1.0,2026-05-15 20:16:56
372,4,purchase,4.0,2026-05-16 10:18:56
372,294,like,2.0,2026-06-08 18:21:25
372,107,view,1.0,2026-06-19 01:47:33
372,370,like,2.0,2026-06-25 22:42:13
372,336,view,1.0,2026-08-02 10:34:33
372,249,view,1.0,2026-08-09 10:05:53
372,52,view,1.0,2026-08-17 23:21:10
372,391,like,2.0,2026-08-25 22:23:12
372,261,view,1.0,2026-08-30 10:58:50
372,5,view,1.0,2026-09-04 06:23:18
372,204,like,2.0,2026-09-26 13:22:17
373,205,purchase,4.0,2026-05-03 15:22:53
373,314,view,1.0,2026-05-31 15:38:12
373,37,view,1.0,2026-06-01 16:06:41
373,169,view,1.0,2026-08-10 13:55:15
373,5,like,2.0,2026-08-28 12:37:28
373,50,like,2.0,2026-09-12 06:32:10
374,154,view,1.0,2026-06-10 10:16:14
374,82,view,1.0,2026-06-26 02:51:55
374,242,view,1.0,2026-06-27 05:50:16
374,349,view,1.0,2026-07-14 05:54:11
374,106,view,1.0,2026-08-12 08:37:44
374,101,purchase,4.0,2026-08-13 21:13:59
374,353,view,1.0,2026-09-10 01:03:38
375,211,like,2.0,2026-05-18 01:30:13
375,32,view,1.0,2026-05-29 06:03:37
375,240,view,1.0,2026-07-16 10:31:42
375,183,like,2.0,2026-07-28 19:27:59
375,216,like,2.0,2026-08-16 04:57:33
376,286,like,2.0,2026-05-13 17:38:25
376,122,purchase,4.0,2026-05-30 12:19:52
376,166,view,1.0,2026-06-09 12:24:13
376,354,view,1.0,2026-06-09 13:06:58
376,170,view,1.0,2026-06-19 06:03:19
376,100,view,1.0,2026-07-25 20:42:53
376,199,view,1.0,2026-08-02 02:57:08
376,81,view,1.0,2026-08-27 17:27:36
376,222,like,2.0,2026-09-07 03:46:31
376,394,view,1.0,2026-09-09 12:43:38
376,391,purchase,4.0,2026-09-11 23:16:33
376,230,view,1.0,2026-09-21 02:53:24
377,74,view,1.0,2026-04-06 02:22:33
377,234,view,1.0,2026-05-14 07:38:41
377,222,like,2.0,2026-05-21 05:16:52
377,310,view,1.0,2026-06-05 23:00:50
377,335,view,1.0,2026-06-25 03:05:29
377,101,like,2.0,2026-07-12 08:52:41
377,320,view,1.0,2026-08-13 16:53:46
377,77,view,1.0,2026-09-03 06:05:37
377,161,view,1.0,2026-09-07 22:53:28
377,187,like,2.0,2026-09-13 00:49:46
377,316,purchase,4.0,2026-09-14 06:15:19
377,357,view,1.0,2026-09-21 18:35:56
378,62,view,1.0,2026-05-01 22:34:42
378,102,like,2.0,2026-05-04 03:11:19
378,213,like,2.0,2026-05-16 12:38:57
378,355,like,2.0,2026-05-18 13:47:43
378,212,like,2.0,2026-05-30 16:19:58
378,324,view,1.0,2026-07-04 05:39:59
378,388,view,1.0,2026-07-14 10:24:54
378,298,view,1.0,2026-07-23 16:08:19
378,259,view,1.0,2026-08-02 12:15:48
378,4,like,2.0,2026-08-29 15:52:17
378,175,like,2.0,2026-08-31 09:11:12
378,106,view,1.0,2026-09-21 04:41:05
379,204,view,1.0,2026-04-03 05:19:12
379,132,view,1.0,2026-04-14 07:35:44
379,13,view,1.0,2026-04-17 17:35:24
379,87,view,1.0,2026-04-18 00:06:24
379,306,view,1.0,2026-04-30 01:53:43
379,101,view,1.0,2026-05-01 09:02:11
379,395,view,1.0,2026-05-05 06:00:43
379,315,purchase,4.0,2026-05-08 12:03:24
379,345,view,1.0,2026-05-08 12:54:48
379,352,view,1.0,2026-05-09 03:38:55
379,289,purchase,4.0,2026-05-15 07:08:42
379,195,like,2.0,2026-05-23 06:55:00
379,367,like,2.0,2026-05-30 13:45:45
379,172,view,1.0,2026-05-30 15:43:09
379,39,like,2.0,2026-06-03 02:12:36
379,238,view,1.0,2026-06-04 04:24:18
379,43,like,2.0,2026-06-07 20:05:23
379,255,view,1.0,2026-06-17 14:47:10
379,399,view,1.0,2026-06-25 09:38:20
379,261,like,2.0,2026-06-28 00:58:52
379,92,view,1.0,2026-06-29 23:31:42
379,60,view,1.0,2026-07-08 15:52:07
379,150,view,1.0,2026-07-10 10:40:53
379,62,like,2.0,2026-07-18 14:28:42
379,229,view,1.0,2026-07-19 13:36:51
379,314,view,1.0,2026-07-20 03:13:50
379,258,view,1.0,2026-07-21 06:45:40
379,247,view,1.0,2026-07-29 01:23:58
379,176,like,2.0,2026-08-09 08:04:27
379,76,view,1.0,2026-08-09 23:41:01
379,252,like,2.0,2026-08-12 05:50:49
379,171,purchase,4.0,2026-08-12 07:13:17
379,128,view,1.0,2026-08-19 08:06:57
379,159,view,1.0,2026-08-31 13:33:41
379,74,view,1.0,2026-09-01 11:38:51
379,203,view,1.0,2026-09-03 13:56:37
379,122,view,1.0,2026-09-07 07:07:42
379,301,purchase,4.0,2026-09-08 21:35:51
379,192,like,2.0,2026-09-14 03:20:06
379,3,like,2.0,2026-09-17 22:36:31
379,59,like,2.0,2026-09-21 07:34:19
379,380,view,1.0,2026-09-28 07:19:06
380,342,view,1.0,2026-04-20 13:13:43
380,145,purchase,4.0,2026-04-26 02:35:27
380,190,purchase,4.0,2026-05-01 09:23:29
380,103,like,2.0,2026-05-02 09:17:32
380,210,like,2.0,2026-05-06 19:49:45
380,116,view,1.0,2026-05-09 05:00:56
380,318,view,1.0,2026-05-23 13:54:22
380,171,view,1.0,2026-05-24 09:27:35
380,279,purchase,4.0,2026-06-02 03:15:33
380,345,like,2.0,2026-06-20 08:08:42
380,115,view,1.0,2026-07-04 09:03:53
380,239,like,2.0,2026-07-09 17:07:58
380,333,purchase,4.0,2026-07-17 08:50:39
380,394,purchase,4.0,2026-08-01 05:31:00
380,62,view,1.0,2026-08-11 14:54:27
380,274,view,1.0,2026-08-21 17:41:33
381,4,view,1.0,2026-04-03 02:33:19
381,310,view,1.0,2026-04-24 14:14:27
381,43,like,2.0,2026-06-04 09:30:23
381,181,view,1.0,2026-06-17 12:16:47
381,332,view,1.0,2026-06-20 01:48:40
381,102,view,1.0,2026-06-29 11:39:40
381,150,view,1.0,2026-07-15 06:54:46
381,251,view,1.0,2026-07-18 23:20:22
381,252,like,2.0,2026-08-06 08:45:58
381,183,view,1.0,2026-08-09 15:48:01
382,357,like,2.0,2026-05-06 05:00:56
382,388,view,1.0,2026-05-06 13:34:37
382,94,view,1.0,2026-05-19 03:42:37
382,376,like,2.0,2026-05-24 13:08:22
382,276,like,2.0,2026-06-20 13:43:26
382,305,like,2.0,2026-07-02 14:35:06
382,200,view,1.0,2026-07-08 14:47:06
382,144,purchase,4.0,2026-07-08 17:36:34
382,336,view,1.0,2026-07-11 19:54:34
382,6,like,2.0,2026-07-29 16:46:07
382,217,like,2.0,2026-08-02 10:54:09
382,21,view,1.0,2026-08-04 17:24:11
382,108,view,1.0,2026-08-18 11:09:46
382,304,view,1.0,2026-08-19 14:04:42
382,311,purchase,4.0,2026-09-06 06:01:53
382,363,purchase,4.0,2026-09-20 02:54:24
382,297,purchase,4.0,2026-09-24 12:41:03
383,4,purchase,4.0,2026-04-03 17:49:17
383,213,view,1.0,2026-04-16 15:57:35
383,21,like,2.0,2026-04-23 07:58:21
383,327,view,1.0,2026-04-25 23:25:44
383,211,like,2.0,2026-05-04 20:22:26
383,89,view,1.0,2026-05-23 16:01:06
383,340,like,2.0,2026-06-13 20:45:32
383,209,view,1.0,2026-06-15 02:17:04
383,128,view,1.0,2026-06-15 06:43:03
383,230,purchase,4.0,2026-07-04 07:51:00
383,283,like,2.0,2026-07-11 05:49:28
383,382,view,1.0,2026-07-26 05:58:59
383,155,purchase,4.0,2026-08-01 09:56:55
383,348,view,1.0,2026-08-01 10:55:55
383,268,view,1.0,2026-08-03 01:18:17
383,391,like,2.0,2026-08-06 02:49:42
383,331,like,2.0,2026-09-29 23:49:49
384,251,purchase,4.0,2026-04-04 16:06:42
384,236,view,1.0,2026-04-06 06:51:00
384,244,view,1.0,2026-04-11 11:22:08
384,384,like,2.0,2026-04-15 04:07:51
384,154,view,1.0,2026-04-18 22:35:09
384,195,view,1.0,2026-05-15 19:14:59
384,391,like,2.0,2026-05-21 12:57:31
384,59,like,2.0,2026-05-28 03:08:51
384,388,view,1.0,2026-05-31 20:05:51
384,390,like,2.0,2026-06-05 21:51:20
384,29,like,2.0,2026-06-06 03:57:31
384,226,view,1.0,2026-06-06 06:40:22
384,341,view,1.0,2026-06-11 11:18:50
384,120,view,1.0,2026-06-17 00:17:03
384,230,view,1.0,2026-06-19 16:01:58
384,102,purchase,4.0,2026-06-20 10:52:32
384,344,view,1.0,2026-06-27 00:40:55
384,394,like,2.0,2026-06-28 13:23:04
384,30,view,1.0,2026-07-03 07:50:41
384,52,view,1.0,2026-07-06 23:58:18
384,229,purchase,4.0,2026-07-08 11:28:28
384,37,view,1.0,2026-08-08 12:09:22
384,246,view,1.0,2026-08-11 06:37:22
384,284,purchase,4.0,2026-08-13 04:31:09
384,159,view,1.0,2026-08-20 16:37:03
384,304,view,1.0,2026-08-21 19:14:06
384,48,view,1.0,2026-08-27 11:35:38
384,115,view,1.0,2026-08-28 01:51:25
384,328,view,1.0,2026-08-31 16:40:02
384,39,like,2.0,2026-09-04 19:25:53
384,112,like,2.0,2026-09-08 18:50:18
384,231,view,1.0,2026-09-18 06:15:03
384,97,view,1.0,2026-09-18 17:25:45
385,4,view,1.0,2026-04-18 18:27:55
385,136,purchase,4.0,2026-05-30 09:32:29
385,345,like,2.0,2026-06-01 16:45:56
385,279,like,2.0,2026-06-04 01:37:15
385,320,view,1.0,2026-06-08 16:48:29
385,25,purchase,4.0,2026-06-11 19:20:30
385,376,view,1.0,2026-06-12 08:11:51
385,96,view,1.0,2026-06-13 13:17:01
385,338,like,2.0,2026-06-13 23:40:43
385,161,view,1.0,2026-07-09 03:33:03
385,248,like,2.0,2026-07-25 19:46:05
385,213,purchase,4.0,2026-08-13 06:34:49
385,352,view,1.0,2026-08-24 10:55:16
385,67,view,1.0,2026-09-02 00:51:07
385,42,like,2.0,2026-09-16 03:47:56
386,294,purchase,4.0,2026-04-03 22:32:12
386,173,like,2.0,2026-04-07 08:35:48
386,16,view,1.0,2026-04-13 00:59:53
386,348,like,2.0,2026-04-13 12:13:15
386,391,view,1.0,2026-04-18 05:17:38
386,252,view,1.0,2026-05-02 17:27:25
386,306,view,1.0,2026-06-08 21:09:43
386,203,view,1.0,2026-06-23 04:49:19
386,106,view,1.0,2026-07-04 03:14:28
386,362,view,1.0,2026-07-30 21:06:20
386,271,view,1.0,2026-08-03 18:36:15
386,218,like,2.0,2026-09-17 08:53:11
387,184,view,1.0,2026-04-03 08:45:31
387,294,view,1.0,2026-04-04 11:40:27
387,248,purchase,4.0,2026-04-10 18:01:02
387,296,view,1.0,2026-04-14 06:22:03
387,233,view,1.0,2026-04-26 10:00:56
387,283,view,1.0,2026-05-11 16:06:12
387,76,view,1.0,2026-05-12 15:53:37
387,133,view,1.0,2026-05-21 18:26:55
387,213,purchase,4.0,2026-05-24 15:35:09
387,6,like,2.0,2026-06-21 19:42:21
387,357,view,1.0,2026-07-10 19:52:15
387,101,like,2.0,2026-07-11 07:27:09
387,37,view,1.0,2026-07-11 10:12:50
387,251,view,1.0,2026-07-14 19:14:05
387,91,view,1.0,2026-07-15 23:51:30
387,103,purchase,4.0,2026-08-11 19:18:31
387,82,purchase,4.0,2026-08-12 23:45:02
387,159,view,1.0,2026-08-16 08:17:18
387,219,view,1.0,2026-08-26 10:20:37
387,96,purchase,4.0,2026-08-31 07:20:10
387,210,purchase,4.0,2026-09-12 07:59:35
387,169,view,1.0,2026-09-16 22:06:29
387,25,view,1.0,2026-09-21 19:28:55
388,141,like,2.0,2026-04-14 01:30:29
388,285,purchase,4.0,2026-04-14 02:31:17
388,4,purchase,4.0,2026-04-19 05:44:02
388,371,view,1.0,2026-04-20 16:36:03
388,94,like,2.0,2026-05-06 13:13:58
388,65,purchase,4.0,2026-05-17 22:42:25
388,111,like,2.0,2026-05-31 10:38:35
388,12,like,2.0,2026-06-22 00:45:56
388,146,purchase,4.0,2026-07-05 12:09:34
388,289,purchase,4.0,2026-07-15 01:27:09
388,209,view,1.0,2026-08-05 14:46:15
388,279,view,1.0,2026-08-08 06:24:35
388,72,view,1.0,2026-08-26 09:07:50
388,149,like,2.0,2026-09-16 13:19:47
389,177,view,1.0,2026-04-06 20:33:01
389,143,view,1.0,2026-04-23 11:08:03
389,385,view,1.0,2026-04-26 15:59:14
389,295,purchase,4.0,2026-05-05 03:59:08
389,224,view,1.0,2026-05-05 08:03:33
389,249,purchase,4.0,2026-05-06 20:35:46
389,394,view,1.0,2026-05-11 07:51:07
389,52,view,1.0,2026-05-19 15:45:54
389,127,view,1.0,2026-05-27 13:33:45
389,159,view,1.0,2026-06-03 03:51:52
389,398,like,2.0,2026-07-04 11:05:05
389,18,like,2.0,2026-07-08 08:03:34
389,32,like,2.0,2026-07-13 18:13:42
389,167,like,2.0,2026-07-25 06:40:19
389,58,view,1.0,2026-07-26 01:18:41
389,283,purchase,4.0,2026-07-29 15:36:10
389,131,view,1.0,2026-07-30 19:30:11
389,344,purchase,4.0,2026-08-04 16:53:23
389,304,view,1.0,2026-08-05 10:47:45
389,192,view,1.0,2026-08-10 14:17:58
389,30,view,1.0,2026-08-30 21:51:14
389,236,view,1.0,2026-09-05 13:26:55
389,251,view,1.0,2026-09-06 04:54:33
389,89,view,1.0,2026-09-26 00:35:47
389,5,like,2.0,2026-09-29 21:26:42
390,240,like,2.0,2026-04-03 04:30:25
390,84,view,1.0,2026-04-07 03:56:00
390,118,view,1.0,2026-04-24 20:52:42
390,204,like,2.0,2026-04-29 06:48:07
390,353,view,1.0,2026-04-30 05:11:21
390,311,view,1.0,2026-06-05 14:40:03
390,115,purchase,4.0,2026-07-06 04:56:57
390,258,like,2.0,2026-08-02 11:34:22
390,1,purchase,4.0,2026-08-06 18:23:18
390,132,view,1.0,2026-09-13 19:27:58
390,335,view,1.0,2026-09-21 05:53:58
391,20,like,2.0,2026-04-03 11:25:33
391,64,view,1.0,2026-04-06 06:46:19
391,236,view,1.0,2026-04-09 16:05:34
391,31,like,2.0,2026-04-10 13:24:34
391,210,like,2.0,2026-04-13 22:41:46
391,232,view,1.0,2026-04-30 14:59:58
391,269,like,2.0,2026-05-07 17:19:20
391,48,like,2.0,2026-05-08 13:45:59
391,174,like,2.0,2026-05-13 06:26:37
391,345,view,1.0,2026-05-15 08:56:45
391,178,like,2.0,2026-05-19 05:44:17
391,164,view,1.0,2026-05-23 09:34:00
391,273,like,2.0,2026-06-03 06:12:16
391,233,view,1.0,2026-06-05 04:16:13
391,279,view,1.0,2026-07-11 06:56:05
391,251,view,1.0,2026-07-23 16:22:36
391,357,view,1.0,2026-07-26 02:44:35
391,120,view,1.0,2026-08-13 22:15:41
391,72,view,1.0,2026-08-30 12:28:09
391,376,like,2.0,2026-09-05 04:07:31
391,391,view,1.0,2026-09-10 12:21:35
391,198,like,2.0,2026-09-17 19:01:20
391,390,like,2.0,2026-09-20 16:00:14
391,52,like,2.0,2026-09-23 18:23:10
391,220,purchase,4.0,2026-09-27 13:46:03
391,187,view,1.0,2026-09-27 23:57:55
392,24,purchase,4.0,2026-04-16 16:43:06
392,212,view,1.0,2026-04-27 08:31:43
392,350,view,1.0,2026-05-25 05:32:06
392,137,view,1.0,2026-05-25 15:50:27
392,369,view,1.0,2026-06-02 12:16:04
392,5,view,1.0,2026-06-03 21:45:50
392,184,purchase,4.0,2026-06-11 04:18:50
392,61,view,1.0,2026-06-15 09:03:42
392,122,like,2.0,2026-06-30 21:54:24
392,10,view,1.0,2026-07-16 18:31:50
392,13,view,1.0,2026-07-19 15:09:24
392,270,like,2.0,2026-07-30 17:45:53
392,251,view,1.0,2026-08-03 05:11:08
392,91,view,1.0,2026-08-04 20:03:37
392,360,like,2.0,2026-08-30 12:11:03
393,287,view,1.0,2026-04-04 13:18:06
393,325,view,1.0,2026-04-21 00:11:06
393,185,view,1.0,2026-04-21 01:46:30
393,75,purchase,4.0,2026-05-03 14:23:30
393,337,view,1.0,2026-05-09 07:24:12
393,198,like,2.0,2026-05-20 17:31:34
393,389,view,1.0,2026-06-01 14:20:14
393,60,view,1.0,2026-06-01 20:08:07
393,141,view,1.0,2026-06-08 19:58:08
393,296,view,1.0,2026-06-14 02:54:26
393,225,like,2.0,2026-06-16 17:27:35
393,169,view,1.0,2026-06-23 15:43:19
393,279,purchase,4.0,2026-07-06 06:40:03
393,295,view,1.0,2026-07-09 09:30:14
393,229,view,1.0,2026-07-12 22:16:51
393,128,purchase,4.0,2026-07-13 11:52:25
393,243,view,1.0,2026-07-13 22:38:19
393,213,view,1.0,2026-07-19 00:04:22
393,336,view,1.0,2026-07-21 17:48:11
393,267,view,1.0,2026-08-01 20:24:20
393,204,view,1.0,2026-08-02 05:07:34
393,6,view,1.0,2026-08-15 04:01:42
393,62,view,1.0,2026-09-04 18:52:15
393,136,purchase,4.0,2026-09-13 10:29:21
393,233,like,2.0,2026-09-13 23:32:12
393,333,view,1.0,2026-09-20 02:06:10
393,388,view,1.0,2026-09-21 14:05:02
393,293,view,1.0,2026-09-22 18:02:23
393,246,like,2.0,2026-09-24 19:31:45
393,163,view,1.0,2026-09-27 18:36:22
394,217,view,1.0,2026-04-04 02:45:33
394,91,purchase,4.0,2026-04-04 16:30:37
394,212,view,1.0,2026-04-05 18:58:53
394,228,view,1.0,2026-04-06 18:49:57
394,125,view,1.0,2026-04-22 03:50:25
394,210,view,1.0,2026-04-24 23:23:02
394,156,view,1.0,2026-04-27 06:35:12
394,283,purchase,4.0,2026-04-28 17:58:18
394,219,purchase,4.0,2026-05-16 19:05:24
394,356,purchase,4.0,2026-05-28 10:59:41
394,6,like,2.0,2026-06-07 05:52:17
394,5,view,1.0,2026-06-17 08:30:12
394,72,view,1.0,2026-06-25 18:40:00
394,41,view,1.0,2026-07-02 10:38:02
394,216,view,1.0,2026-07-02 13:40:22
394,76,view,1.0,2026-07-07 19:44:37
394,4,purchase,4.0,2026-07-12 05:39:25
394,108,like,2.0,2026-07-21 04:07:02
394,211,view,1.0,2026-07-29 18:11:12
394,165,view,1.0,2026-08-18 08:45:44
394,391,view,1.0,2026-08-18 20:03:36
394,75,view,1.0,2026-08-20 19:25:18
394,98,view,1.0,2026-08-24 02:07:45
394,325,view,1.0,2026-08-24 06:31:36
394,71,view,1.0,2026-09-11 00:45:47
394,392,view,1.0,2026-09-14 17:20:04
394,297,view,1.0,2026-09-22 00:16:24
395,73,view,1.0,2026-05-25 11:40:18
395,343,view,1.0,2026-05-30 08:56:26
395,143,view,1.0,2026-06-03 08:00:08
395,331,view,1.0,2026-06-13 18:24:45
395,395,view,1.0,2026-08-04 14:08:50
396,10,like,2.0,2026-04-20 01:02:31
396,91,like,2.0,2026-04-20 18:16:35
396,317,view,1.0,2026-05-03 14:48:03
396,114,purchase,4.0,2026-05-08 17:10:39
396,5,view,1.0,2026-06-17 16:20:42
396,163,purchase,4.0,2026-07-23 18:27:39
396,258,view,1.0,2026-07-27 04:21:52
396,293,view,1.0,2026-08-05 08:31:37
396,159,view,1.0,2026-08-24 15:03:19
396,220,view,1.0,2026-09-10 00:18:08
396,287,view,1.0,2026-09-10 22:15:45
396,356,view,1.0,2026-09-21 14:10:58
397,194,view,1.0,2026-04-13 04:25:53
397,32,view,1.0,2026-04-13 05:10:39
397,81,like,2.0,2026-05-01 22:18:38
397,278,purchase,4.0,2026-05-04 11:55:03
397,43,like,2.0,2026-05-13 03:56:13
397,380,view,1.0,2026-05-13 06:22:54
397,88,view,1.0,2026-05-14 04:15:17
397,21,view,1.0,2026-05-20 04:45:56
397,94,purchase,4.0,2026-06-01 07:18:06
397,6,purchase,4.0,2026-06-12 04:02:57
397,65,purchase,4.0,2026-06-17 18:00:22
397,250,view,1.0,2026-07-15 11:07:34
397,120,view,1.0,2026-08-03 09:33:53
397,331,view,1.0,2026-08-07 03:40:34
397,165,like,2.0,2026-08-23 08:19:53
397,295,view,1.0,2026-09-01 13:24:50
397,294,view,1.0,2026-09-10 13:08:53
397,48,view,1.0,2026-09-15 04:15:05
398,100,view,1.0,2026-04-05 21:53:12
398,167,like,2.0,2026-04-06 07:04:00
398,389,view,1.0,2026-04-15 15:40:17
398,111,view,1.0,2026-05-04 09:01:04
398,283,view,1.0,2026-05-20 04:18:02
398,378,like,2.0,2026-05-20 19:28:41
398,218,like,2.0,2026-05-21 20:49:41
398,200,view,1.0,2026-05-25 22:50:45
398,50,view,1.0,2026-05-28 20:46:01
398,294,like,2.0,2026-06-05 05:17:27
398,366,purchase,4.0,2026-06-09 18:59:38
398,393,purchase,4.0,2026-06-09 22:15:41
398,89,purchase,4.0,2026-06-18 02:55:03
398,369,view,1.0,2026-06-24 19:37:30
398,147,view,1.0,2026-06-26 14:29:57
398,233,like,2.0,2026-06-29 10:34:35
398,95,like,2.0,2026-06-29 11:47:50
398,101,view,1.0,2026-07-20 18:16:39
398,386,view,1.0,2026-07-24 05:48:00
398,107,view,1.0,2026-07-26 01:43:39
398,357,like,2.0,2026-07-26 11:44:31
398,186,view,1.0,2026-08-01 16:12:48
398,59,view,1.0,2026-08-10 03:20:51
398,296,like,2.0,2026-08-10 10:57:32
398,334,view,1.0,2026-08-16 21:12:01
398,12,purchase,4.0,2026-08-17 01:04:37
398,163,view,1.0,2026-08-17 14:04:52
398,252,view,1.0,2026-08-21 21:38:15
398,337,view,1.0,2026-08-27 13:37:30
398,47,like,2.0,2026-08-31 15:42:20
398,81,view,1.0,2026-09-09 01:32:38
398,376,view,1.0,2026-09-10 03:16:06
398,212,view,1.0,2026-09-10 20:22:51
398,92,view,1.0,2026-09-18 20:48:14
398,306,like,2.0,2026-09-26 10:28:11
398,220,view,1.0,2026-09-26 21:24:49
398,146,view,1.0,2026-09-28 08:15:49
399,235,view,1.0,2026-06-25 00:36:32
399,324,view,1.0,2026-07-28 20:25:03
399,25,view,1.0,2026-08-19 01:53:51
399,101,view,1.0,2026-08-23 17:03:01
399,34,view,1.0,2026-08-29 08:48:53
399,200,like,2.0,2026-09-17 14:07:44
399,386,view,1.0,2026-09-25 20:37:42
400,374,like,2.0,2026-04-30 23:11:57
400,167,view,1.0,2026-05-04 19:12:32
400,345,view,1.0,2026-05-11 08:04:01
400,251,view,1.0,2026-05-14 13:01:57
400,5,view,1.0,2026-05-19 23:39:53
400,186,like,2.0,2026-05-21 00:56:29
400,88,like,2.0,2026-06-07 21:07:19
400,63,purchase,4.0,2026-06-24 08:25:18
400,95,view,1.0,2026-07-03 13:41:45
400,296,purchase,4.0,2026-07-06 07:14:30
400,258,view,1.0,2026-07-07 02:41:10
400,211,view,1.0,2026-07-11 01:27:08
400,194,purchase,4.0,2026-07-16 04:01:09
400,152,view,1.0,2026-07-23 13:02:34
400,365,view,1.0,2026-07-23 14:20:07
400,384,purchase,4.0,2026-07-31 20:56:03
400,314,view,1.0,2026-08-04 14:22:47
400,109,like,2.0,2026-08-19 12:32:05
400,376,view,1.0,2026-08-19 21:58:43
400,339,view,1.0,2026-08-22 05:10:04
400,48,like,2.0,2026-08-26 14:06:32
400,128,purchase,4.0,2026-09-05 18:39:43
400,120,view,1.0,2026-09-06 20:53:28
400,300,view,1.0,2026-09-29 19:18:04
401,173,view,1.0,2026-04-03 11:52:03
401,109,view,1.0,2026-04-11 16:36:30
401,53,view,1.0,2026-04-25 06:10:16
401,379,purchase,4.0,2026-05-01 10:47:14
401,98,like,2.0,2026-05-27 19:53:38
401,369,purchase,4.0,2026-06-01 20:32:12
401,81,view,1.0,2026-06-08 11:16:19
401,5,view,1.0,2026-06-09 14:50:04
401,95,view,1.0,2026-06-17 04:29:16
401,199,view,1.0,2026-06-23 17:17:50
401,141,view,1.0,2026-07-13 00:38:49
401,221,view,1.0,2026-07-15 00:25:40
401,47,purchase,4.0,2026-07-15 23:16:55
401,259,purchase,4.0,2026-07-25 04:14:04
401,164,purchase,4.0,2026-08-06 20:38:51
401,283,view,1.0,2026-08-12 15:35:00
401,327,view,1.0,2026-08-12 16:17:44
401,392,like,2.0,2026-08-22 21:34:52
401,234,view,1.0,2026-08-23 13:14:31
401,152,purchase,4.0,2026-08-26 21:10:16
401,175,like,2.0,2026-08-30 04:56:52
401,166,view,1.0,2026-09-03 23:44:35
401,181,view,1.0,2026-09-14 10:09:45
401,9,view,1.0,2026-09-15 09:15:50
401,102,view,1.0,2026-09-18 23:05:35
401,394,view,1.0,2026-09-22 20:47:42
401,375,purchase,4.0,2026-09-26 07:47:21
402,373,like,2.0,2026-04-11 06:12:48
402,221,purchase,4.0,2026-04-21 15:37:27
402,138,view,1.0,2026-05-04 03:54:56
402,89,view,1.0,2026-05-19 19:40:17
402,45,view,1.0,2026-06-04 17:08:27
402,296,view,1.0,2026-07-05 13:38:09
402,150,like,2.0,2026-07-07 23:37:54
402,385,like,2.0,2026-07-20 01:04:39
402,170,view,1.0,2026-07-21 07:08:35
402,320,like,2.0,2026-08-17 08:45:53
402,52,like,2.0,2026-08-26 11:10:20
402,58,like,2.0,2026-09-12 12:20:57
402,100,purchase,4.0,2026-09-19 22:40:18
402,72,view,1.0,2026-09-25 19:31:09
403,41,like,2.0,2026-04-06 19:21:14
403,334,view,1.0,2026-04-10 19:43:07
403,138,view,1.0,2026-04-13 18:34:32
403,21,view,1.0,2026-04-15 05:53:21
403,135,view,1.0,2026-04-15 16:10:20
403,294,view,1.0,2026-04-17 01:03:46
403,269,like,2.0,2026-04-18 23:10:02
403,198,purchase,4.0,2026-04-21 21:44:14
403,111,like,2.0,2026-05-04 21:51:30
403,164,view,1.0,2026-05-08 01:11:04
403,146,view,1.0,2026-05-10 20:59:12
403,149,view,1.0,2026-05-11 15:12:51
403,200,view,1.0,2026-05-15 16:24:45
403,183,view,1.0,2026-05-21 04:39:17
403,38,view,1.0,2026-05-24 18:53:02
403,113,view,1.0,2026-05-25 07:52:54
403,48,purchase,4.0,2026-05-30 02:33:16
403,233,like,2.0,2026-06-02 10:43:55
403,165,view,1.0,2026-06-11 15:41:13
403,273,view,1.0,2026-06-12 03:23:56
403,31,view,1.0,2026-06-14 07:24:58
403,64,view,1.0,2026-06-18 13:47:49
403,32,view,1.0,2026-06-25 22:37:59
403,319,view,1.0,2026-07-05 18:48:39
403,49,view,1.0,2026-07-07 14:40:40
403,62,view,1.0,2026-07-11 12:45:24
403,142,like,2.0,2026-07-14 07:25:49
403,114,view,1.0,2026-07-16 20:07:02
403,376,view,1.0,2026-07-16 22:19:57
403,396,view,1.0,2026-07-25 04:38:32
403,75,view,1.0,2026-07-28 23:23:16
403,205,view,1.0,2026-08-01 17:44:05
403,204,view,1.0,2026-08-07 11:37:10
403,189,view,1.0,2026-08-10 08:04:55
403,8,view,1.0,2026-08-16 05:02:45
403,52,view,1.0,2026-08-26 04:12:29
403,141,view,1.0,2026-08-29 06:34:26
403,231,view,1.0,2026-08-29 21:48:46
403,357,purchase,4.0,2026-09-05 21:04:49
403,84,view,1.0,2026-09-10 14:49:45
403,313,view,1.0,2026-09-14 01:24:51
403,87,view,1.0,2026-09-15 12:54:34
403,12,purchase,4.0,2026-09-18 00:22:18
405,200,purchase,4.0,2026-04-03 15:14:37
405,52,view,1.0,2026-04-23 16:10:00
405,229,view,1.0,2026-04-27 03:22:27
405,271,view,1.0,2026-05-01 19:16:01
405,308,like,2.0,2026-05-03 21:38:21
405,273,purchase,4.0,2026-06-05 16:46:47
405,213,like,2.0,2026-06-11 07:43:18
405,32,view,1.0,2026-06-21 11:42:04
405,355,like,2.0,2026-06-22 07:49:34
405,394,view,1.0,2026-07-07 07:36:20
405,307,like,2.0,2026-07-07 08:44:23
405,12,like,2.0,2026-07-13 22:29:28
405,296,view,1.0,2026-07-18 19:32:08
405,111,like,2.0,2026-07-30 05:18:42
405,386,view,1.0,2026-08-11 21:39:45
405,25,like,2.0,2026-08-19 03:29:16
405,35,view,1.0,2026-09-07 16:59:26
405,76,view,1.0,2026-09-08 07:46:02
405,294,like,2.0,2026-09-16 19:58:04
405,252,like,2.0,2026-09-28 00:36:59
406,337,view,1.0,2026-04-05 02:43:23
406,57,view,1.0,2026-04-10 02:11:40
406,96,view,1.0,2026-04-12 09:38:11
406,248,purchase,4.0,2026-04-13 17:32:25
406,217,view,1.0,2026-05-16 21:28:52
406,357,view,1.0,2026-05-18 03:53:53
406,6,view,1.0,2026-05-31 07:18:33
406,342,view,1.0,2026-06-02 07:03:21
406,271,like,2.0,2026-06-07 04:39:32
406,296,view,1.0,2026-06-07 16:54:00
406,157,like,2.0,2026-06-12 18:30:35
406,123,like,2.0,2026-06-13 10:11:06
406,5,view,1.0,2026-06-16 03:57:32
406,298,like,2.0,2026-07-04 14:14:07
406,77,like,2.0,2026-07-21 16:09:51
406,98,view,1.0,2026-07-29 10:10:50
406,115,like,2.0,2026-08-08 22:18:30
406,116,purchase,4.0,2026-08-11 16:36:29
406,169,view,1.0,2026-08-18 16:40:02
406,285,view,1.0,2026-08-22 02:23:01
406,347,view,1.0,2026-09-01 07:57:43
406,303,like,2.0,2026-09-01 18:00:51
406,201,like,2.0,2026-09-13 04:11:11
406,1,purchase,4.0,2026-09-18 10:40:28
406,76,view,1.0,2026-09-18 19:20:08
406,105,view,1.0,2026-09-23 11:12:46
406,170,view,1.0,2026-09-29 01:13:32
407,306,purchase,4.0,2026-04-08 10:51:14
407,337,view,1.0,2026-05-01 03:00:21
407,352,like,2.0,2026-05-02 10:11:02
407,348,purchase,4.0,2026-05-11 18:58:07
407,96,view,1.0,2026-05-19 23:15:53
407,122,like,2.0,2026-05-24 23:10:48
407,266,like,2.0,2026-06-08 19:53:47
407,214,view,1.0,2026-06-12 09:13:37
407,234,purchase,4.0,2026-06-19 04:44:43
407,252,view,1.0,2026-07-02 18:21:41
407,52,view,1.0,2026-07-02 18:24:39
407,74,view,1.0,2026-08-01 20:48:29
407,243,view,1.0,2026-08-04 09:35:43
407,238,like,2.0,2026-08-12 17:07:21
407,320,like,2.0,2026-08-19 03:14:14
407,258,view,1.0,2026-08-24 16:41:05
407,91,like,2.0,2026-09-06 23:54:52
407,24,purchase,4.0,2026-09-29 23:12:43
408,72,purchase,4.0,2026-04-03 09:47:51
408,191,view,1.0,2026-04-03 18:22:03
408,240,view,1.0,2026-04-04 06:06:59
408,324,like,2.0,2026-04-05 23:10:55
408,344,like,2.0,2026-04-06 20:12:55
408,283,like,2.0,2026-04-09 08:13:15
408,368,like,2.0,2026-04-09 13:18:17
408,230,view,1.0,2026-04-13 09:40:57
408,288,like,2.0,2026-04-14 01:12:21
408,315,view,1.0,2026-04-26 07:19:36
408,336,view,1.0,2026-04-30 06:04:46
408,304,like,2.0,2026-04-30 08:34:45
408,369,view,1.0,2026-05-02 05:33:26
408,192,purchase,4.0,2026-05-07 00:54:57
408,388,like,2.0,2026-05-09 04:45:05
408,152,view,1.0,2026-05-10 18:18:25
408,10,view,1.0,2026-05-12 18:13:38
408,65,view,1.0,2026-06-23 14:54:41
408,4,purchase,4.0,2026-06-28 02:55:47
408,58,like,2.0,2026-06-28 06:51:23
408,139,view,1.0,2026-07-09 06:19:36
408,259,view,1.0,2026-07-18 10:52:33
408,233,like,2.0,2026-07-29 18:48:05
408,279,view,1.0,2026-08-09 08:16:53
408,311,view,1.0,2026-08-16 10:56:47
408,278,like,2.0,2026-08-22 02:21:06
408,92,view,1.0,2026-08-25 15:39:56
408,399,view,1.0,2026-08-25 22:45:45
408,364,view,1.0,2026-08-31 04:46:08
408,204,like,2.0,2026-09-06 08:03:01
408,354,view,1.0,2026-09-16 13:19:39
408,334,view,1.0,2026-09-24 02:14:55
408,370,view,1.0,2026-09-24 12:18:36
409,164,purchase,4.0,2026-06-25 23:38:44
409,162,view,1.0,2026-07-02 07:37:33
409,143,view,1.0,2026-07-08 23:29:49
409,261,view,1.0,2026-08-02 12:33:02
409,211,view,1.0,2026-08-13 15:06:42
409,157,like,2.0,2026-08-17 22:06:43
409,205,purchase,4.0,2026-08-27 13:46:03
409,267,like,2.0,2026-09-03 06:22:20
410,172,view,1.0,2026-04-07 23:06:44
410,326,purchase,4.0,2026-04-08 00:12:26
410,12,purchase,4.0,2026-04-21 02:32:56
410,72,view,1.0,2026-06-14 22:49:20
410,18,view,1.0,2026-06-25 20:42:48
410,345,like,2.0,2026-07-06 14:50:30
410,41,view,1.0,2026-07-18 07:53:49
410,371,like,2.0,2026-08-09 01:38:57
410,273,like,2.0,2026-08-14 02:10:22
410,369,purchase,4.0,2026-09-16 15:34:39
410,165,purchase,4.0,2026-09-23 16:53:01
411,308,view,1.0,2026-04-11 03:59:38
411,208,like,2.0,2026-04-12 16:45:18
411,122,purchase,4.0,2026-05-06 01:57:27
411,6,like,2.0,2026-05-07 11:57:05
411,371,like,2.0,2026-05-15 23:24:02
411,96,view,1.0,2026-05-20 21:12:07
411,218,like,2.0,2026-06-06 21:55:25
411,43,view,1.0,2026-06-12 14:48:38
411,84,view,1.0,2026-06-22 04:04:02
411,57,view,1.0,2026-06-24 06:00:44
411,207,purchase,4.0,2026-06-24 15:23:16
411,159,view,1.0,2026-06-25 20:12:18
411,307,view,1.0,2026-07-01 18:27:00
411,59,view,1.0,2026-07-08 00:17:56
411,167,view,1.0,2026-07-27 22:04:52
411,166,view,1.0,2026-07-28 06:18:08
411,101,view,1.0,2026-08-10 10:22:37
411,5,purchase,4.0,2026-08-19 15:08:40
411,169,view,1.0,2026-08-29 09:58:08
411,25,view,1.0,2026-09-07 12:53:47
411,196,view,1.0,2026-09-28 02:45:23
412,154,view,1.0,2026-04-03 05:44:35
412,181,view,1.0,2026-04-07 10:38:51
412,395,purchase,4.0,2026-04-16 19:21:44
412,130,like,2.0,2026-05-03 22:57:34
412,311,view,1.0,2026-05-10 14:07:28
412,223,like,2.0,2026-05-11 19:10:32
412,170,like,2.0,2026-05-11 20:29:22
412,156,view,1.0,2026-05-18 17:45:48
412,202,like,2.0,2026-06-05 04:55:26
412,314,like,2.0,2026-06-06 17:58:48
412,51,like,2.0,2026-06-13 00:19:24
412,365,like,2.0,2026-06-22 19:28:08
412,308,view,1.0,2026-06-23 13:26:30
412,142,view,1.0,2026-06-25 06:11:35
412,5,view,1.0,2026-06-26 17:49:57
412,38,purchase,4.0,2026-06-27 09:19:51
412,56,like,2.0,2026-07-01 20:04:48
412,37,view,1.0,2026-07-02 18:34:14
412,394,view,1.0,2026-07-06 20:34:04
412,252,view,1.0,2026-07-06 22:18:39
412,320,like,2.0,2026-07-11 04:02:05
412,210,like,2.0,2026-07-11 17:52:24
412,226,view,1.0,2026-07-12 13:03:29
412,352,view,1.0,2026-07-13 22:39:44
412,99,view,1.0,2026-07-22 07:45:02
412,274,view,1.0,2026-07-22 10:20:04
412,358,purchase,4.0,2026-07-27 16:38:30
412,383,view,1.0,2026-08-07 12:07:05
412,336,view,1.0,2026-08-08 03:23:36
412,187,view,1.0,2026-08-10 15:09:31
412,97,view,1.0,2026-08-18 09:54:44
412,94,view,1.0,2026-08-24 05:10:28
412,12,view,1.0,2026-08-26 19:08:17
412,328,view,1.0,2026-08-27 00:25:31
412,342,like,2.0,2026-09-07 09:46:34
412,337,view,1.0,2026-09-07 17:47:09
412,200,view,1.0,2026-09-25 10:31:16
412,373,view,1.0,2026-09-28 13:01:40
413,164,view,1.0,2026-04-20 06:22:11
413,167,view,1.0,2026-05-07 16:19:12
413,287,view,1.0,2026-05-24 13:03:02
413,9,purchase,4.0,2026-06-02 01:03:26
413,61,view,1.0,2026-06-06 08:14:18
413,304,view,1.0,2026-06-23 10:32:40
413,109,view,1.0,2026-07-02 09:32:12
413,74,view,1.0,2026-07-07 15:11:24
413,31,view,1.0,2026-07-15 21:32:01
413,99,view,1.0,2026-07-25 14:56:05
413,114,view,1.0,2026-07-26 04:12:55
413,146,view,1.0,2026-08-09 15:49:30
413,371,view,1.0,2026-08-17 12:59:52
413,261,like,2.0,2026-08-26 17:41:32
413,288,like,2.0,2026-09-04 04:04:46
413,59,view,1.0,2026-09-11 18:15:32
414,233,like,2.0,2026-04-08 18:54:12
414,291,like,2.0,2026-04-09 07:38:19
414,181,like,2.0,2026-04-28 15:26:16
414,87,like,2.0,2026-04-29 06:32:33
414,18,view,1.0,2026-04-29 20:14:49
414,268,like,2.0,2026-05-09 21:43:16
414,273,purchase,4.0,2026-05-09 23:22:47
414,224,view,1.0,2026-05-12 03:19:57
414,133,view,1.0,2026-05-18 22:53:40
414,96,view,1.0,2026-05-19 22:47:48
414,25,view,1.0,2026-05-20 04:59:43
414,60,view,1.0,2026-05-26 19:31:44
414,259,purchase,4.0,2026-06-01 01:31:36
414,324,view,1.0,2026-06-18 19:18:34
414,376,purchase,4.0,2026-07-09 10:16:40
414,35,view,1.0,2026-07-15 20:36:47
414,343,purchase,4.0,2026-08-01 17:36:30
414,112,view,1.0,2026-08-02 17:29:56
414,299,view,1.0,2026-08-11 06:51:40
414,396,view,1.0,2026-08-25 08:39:40
414,146,like,2.0,2026-09-02 09:18:37
414,255,view,1.0,2026-09-06 12:42:37
415,292,like,2.0,2026-04-14 06:14:43
415,205,view,1.0,2026-04-18 21:56:21
415,210,purchase,4.0,2026-04-22 00:04:26
415,276,view,1.0,2026-04-25 09:26:05
415,62,purchase,4.0,2026-05-22 06:53:05
415,266,view,1.0,2026-06-12 00:06:16
415,58,view,1.0,2026-08-18 04:31:52
415,293,view,1.0,2026-09-01 02:59:50
416,133,view,1.0,2026-04-18 18:54:56
416,35,like,2.0,2026-04-21 05:31:26
416,225,view,1.0,2026-05-13 22:40:19
416,3,view,1.0,2026-05-18 08:53:09
416,398,like,2.0,2026-05-30 05:23:51
416,156,view,1.0,2026-06-03 04:21:03
416,266,like,2.0,2026-06-12 15:59:15
416,107,view,1.0,2026-06-19 13:16:25
416,92,view,1.0,2026-06-24 21:27:40
416,355,view,1.0,2026-06-26 05:00:54
416,314,view,1.0,2026-07-08 18:33:15
416,269,view,1.0,2026-07-14 05:32:50
416,309,like,2.0,2026-07-23 16:43:51
416,60,view,1.0,2026-07-24 02:09:16
416,385,like,2.0,2026-07-25 09:09:07
416,182,like,2.0,2026-08-06 21:18:03
416,357,like,2.0,2026-08-15 18:20:52
416,296,like,2.0,2026-08-18 15:40:59
416,232,like,2.0,2026-08-25 00:06:31
416,388,view,1.0,2026-09-14 22:31:55
416,5,like,2.0,2026-09-20 16:15:57
416,155,view,1.0,2026-09-23 17:11:23
417,325,view,1.0,2026-04-08 20:25:43
417,34,view,1.0,2026-05-12 02:12:11
417,385,view,1.0,2026-05-15 09:49:08
417,5,like,2.0,2026-06-01 09:36:40
417,340,view,1.0,2026-06-08 09:43:09
417,4,like,2.0,2026-06-20 09:30:29
417,60,view,1.0,2026-06-29 10:39:31
417,115,purchase,4.0,2026-07-08 22:17:00
417,293,view,1.0,2026-07-16 04:56:43
417,366,view,1.0,2026-07-21 15:20:49
417,268,like,2.0,2026-08-02 00:31:41
417,289,view,1.0,2026-08-03 07:21:28
417,108,like,2.0,2026-08-04 13:45:35
417,394,like,2.0,2026-09-04 08:05:05
417,158,view,1.0,2026-09-08 17:24:49
417,370,like,2.0,2026-09-19 06:50:09
417,314,view,1.0,2026-09-21 00:12:01
417,139,view,1.0,2026-09-23 22:20:30
417,127,purchase,4.0,2026-09-29 20:42:00
418,198,like,2.0,2026-04-05 23:22:35
418,219,view,1.0,2026-04-21 17:59:44
418,252,view,1.0,2026-05-04 20:28:03
418,250,view,1.0,2026-06-17 20:16:03
418,150,like,2.0,2026-07-12 15:54:57
418,367,purchase,4.0,2026-07-15 00:20:49
418,213,view,1.0,2026-07-20 04:59:39
418,341,view,1.0,2026-08-01 06:28:32
418,233,view,1.0,2026-08-19 04:30:05
418,154,view,1.0,2026-09-11 23:01:23
418,305,purchase,4.0,2026-09-24 13:01:08
419,83,view,1.0,2026-04-05 07:27:47
419,155,view,1.0,2026-04-13 05:36:57
419,51,like,2.0,2026-04-13 13:16:06
419,150,purchase,4.0,2026-04-15 08:25:22
419,320,like,2.0,2026-04-15 15:04:58
419,62,purchase,4.0,2026-04-16 16:47:36
419,369,view,1.0,2026-04-23 19:07:03
419,366,like,2.0,2026-04-25 08:01:59
419,196,view,1.0,2026-04-25 23:28:49
419,338,purchase,4.0,2026-04-28 05:21:33
419,281,purchase,4.0,2026-05-05 02:55:12
419,143,purchase,4.0,2026-05-06 00:06:51
419,213,view,1.0,2026-05-08 10:06:25
419,48,view,1.0,2026-05-09 08:21:10
419,187,view,1.0,2026-05-11 04:34:08
419,323,view,1.0,2026-05-17 07:39:47
419,222,view,1.0,2026-05-17 18:42:12
419,147,purchase,4.0,2026-05-26 22:58:29
419,270,view,1.0,2026-06-01 05:08:57
419,397,view,1.0,2026-06-01 14:04:20
419,30,purchase,4.0,2026-06-05 04:48:11
419,130,purchase,4.0,2026-06-16 07:14:58
419,60,view,1.0,2026-06-17 22:37:14
419,395,like,2.0,2026-06-21 08:56:38
419,210,view,1.0,2026-06-21 22:33:42
419,52,purchase,4.0,2026-06-30 00:47:31
419,234,view,1.0,2026-07-05 04:24:22
419,190,like,2.0,2026-07-12 08:43:01
419,26,view,1.0,2026-07-16 01:43:40
419,342,purchase,4.0,2026-07-19 00:54:54
419,4,view,1.0,2026-07-26 20:07:22
419,61,view,1.0,2026-08-09 06:09:54
419,1,purchase,4.0,2026-08-18 16:18:23
419,216,view,1.0,2026-08-20 19:06:25
419,122,view,1.0,2026-08-27 06:52:57
419,69,like,2.0,2026-08-29 04:57:56
419,399,view,1.0,2026-09-04 10:17:31
419,138,view,1.0,2026-09-05 07:20:51
419,166,view,1.0,2026-09-08 15:53:51
419,120,like,2.0,2026-09-22 02:55:02
419,324,view,1.0,2026-09-23 10:50:32
420,23,view,1.0,2026-04-05 08:15:44
420,357,purchase,4.0,2026-04-18 22:02:07
420,18,view,1.0,2026-08-15 03:41:29
420,12,purchase,4.0,2026-09-03 07:03:44
420,355,like,2.0,2026-09-11 07:43:05
421,365,like,2.0,2026-04-06 00:14:45
421,316,view,1.0,2026-04-06 01:14:13
421,362,like,2.0,2026-04-24 04:16:19
421,296,view,1.0,2026-05-11 19:17:09
421,122,view,1.0,2026-05-26 22:05:44
421,83,view,1.0,2026-06-17 23:57:52
421,209,view,1.0,2026-06-18 02:32:53
421,136,view,1.0,2026-06-19 08:20:06
421,263,view,1.0,2026-06-25 04:52:44
421,14,view,1.0,2026-07-16 16:49:46
421,295,like,2.0,2026-09-26 03:36:44
422,210,view,1.0,2026-04-09 10:12:03
422,59,like,2.0,2026-04-10 08:18:51
422,289,purchase,4.0,2026-04-29 13:02:42
422,91,purchase,4.0,2026-05-25 15:59:11
422,71,view,1.0,2026-06-11 17:59:14
422,102,like,2.0,2026-08-16 09:31:37
422,230,view,1.0,2026-09-08 16:57:28
423,76,view,1.0,2026-04-04 05:52:39
423,2,view,1.0,2026-04-06 22:24:16
423,228,like,2.0,2026-04-10 08:46:05
423,125,purchase,4.0,2026-04-12 22:21:44
423,251,like,2.0,2026-04-14 03:08:46
423,254,purchase,4.0,2026-05-01 20:37:16
423,14,view,1.0,2026-05-10 04:29:23
423,163,like,2.0,2026-05-15 04:33:15
423,391,view,1.0,2026-05-16 23:09:30
423,114,like,2.0,2026-05-17 01:55:41
423,210,view,1.0,2026-05-22 11:20:14
423,211,view,1.0,2026-05-22 22:30:35
423,111,purchase,4.0,2026-05-27 14:55:18
423,298,purchase,4.0,2026-06-06 06:54:56
423,4,view,1.0,2026-06-10 06:13:42
423,100,view,1.0,2026-06-19 19:13:22
423,220,like,2.0,2026-06-24 09:41:48
423,364,like,2.0,2026-06-25 00:01:53
423,5,view,1.0,2026-06-26 17:27:29
423,223,view,1.0,2026-06-28 01:10:59
423,234,view,1.0,2026-07-03 18:30:12
423,161,purchase,4.0,2026-07-07 18:28:07
423,167,view,1.0,2026-07-15 03:29:07
423,91,view,1.0,2026-07-19 07:23:23
423,399,view,1.0,2026-07-23 03:11:04
423,108,view,1.0,2026-07-24 07:17:52
423,328,purchase,4.0,2026-07-26 02:07:59
423,158,view,1.0,2026-07-27 12:03:33
423,258,view,1.0,2026-07-31 19:39:57
423,169,view,1.0,2026-08-07 02:09:17
423,106,view,1.0,2026-08-22 21:43:39
423,99,like,2.0,2026-08-23 22:51:54
423,236,purchase,4.0,2026-08-24 15:19:41
423,325,like,2.0,2026-09-01 02:46:09
423,126,view,1.0,2026-09-01 05:46:49
423,160,like,2.0,2026-09-02 01:59:09
423,268,view,1.0,2026-09-05 02:20:08
423,354,purchase,4.0,2026-09-10 16:41:02
423,271,like,2.0,2026-09-13 09:28:57
423,38,view,1.0,2026-09-19 20:51:22
423,301,like,2.0,2026-09-27 03:26:54
424,35,purchase,4.0,2026-04-27 06:55:47
424,18,like,2.0,2026-05-03 00:56:32
424,389,view,1.0,2026-05-27 16:16:44
424,238,view,1.0,2026-06-04 18:25:30
424,263,purchase,4.0,2026-06-05 15:34:02
424,376,like,2.0,2026-06-22 16:37:29
424,217,like,2.0,2026-06-26 13:26:29
424,249,view,1.0,2026-07-18 18:14:41
424,205,view,1.0,2026-07-27 02:46:15
424,78,view,1.0,2026-08-07 00:32:15
424,118,purchase,4.0,2026-08-10 01:32:04
424,362,like,2.0,2026-08-15 12:23:48
424,173,like,2.0,2026-08-16 21:44:22
424,87,like,2.0,2026-08-27 18:15:19
424,341,purchase,4.0,2026-09-09 14:30:27
424,37,like,2.0,2026-09-18 19:22:40
425,303,view,1.0,2026-04-18 04:46:42
425,265,view,1.0,2026-05-12 11:06:12
425,261,like,2.0,2026-05-13 05:44:00
425,212,purchase,4.0,2026-05-15 03:55:58
425,142,purchase,4.0,2026-05-15 11:29:32
425,103,like,2.0,2026-05-28 17:13:17
425,2,like,2.0,2026-06-05 15:37:05
425,60,view,1.0,2026-06-11 02:12:29
425,91,view,1.0,2026-06-23 10:57:36
425,389,like,2.0,2026-07-04 10:57:32
425,388,view,1.0,2026-08-17 04:40:42
425,314,view,1.0,2026-08-23 01:25:07
425,252,like,2.0,2026-09-12 23:26:14
425,276,view,1.0,2026-09-14 00:12:41
425,248,like,2.0,2026-09-17 15:41:52
425,268,purchase,4.0,2026-09-25 19:21:08
426,109,like,2.0,2026-05-20 19:55:40
426,126,purchase,4.0,2026-05-29 15:20:43
426,48,view,1.0,2026-06-24 04:30:40
426,205,view,1.0,2026-07-12 09:59:42
426,298,view,1.0,2026-08-31 05:05:57
426,267,purchase,4.0,2026-09-08 04:29:04
426,348,like,2.0,2026-09-19 14:55:39
426,112,like,2.0,2026-09-23 19:16:39
427,395,view,1.0,2026-04-16 08:49:36
427,59,purchase,4.0,2026-04-29 10:10:29
427,173,like,2.0,2026-05-04 02:01:01
427,12,view,1.0,2026-05-07 05:42:34
427,280,view,1.0,2026-05-08 23:55:38
427,179,like,2.0,2026-05-15 02:26:03
427,222,view,1.0,2026-06-06 08:14:16
427,287,view,1.0,2026-06-26 22:08:31
427,314,view,1.0,2026-06-27 12:51:03
427,391,like,2.0,2026-07-03 00:50:34
427,357,view,1.0,2026-07-27 10:45:21
427,118,purchase,4.0,2026-08-26 11:33:48
427,299,view,1.0,2026-09-06 04:36:47
427,35,view,1.0,2026-09-17 17:29:47
427,56,view,1.0,2026-09-21 03:01:59
427,178,like,2.0,2026-09-21 18:46:20
428,320,like,2.0,2026-04-15 23:28:16
428,276,view,1.0,2026-06-11 00:54:45
428,72,view,1.0,2026-07-28 14:06:01
428,60,view,1.0,2026-09-23 01:06:32
428,295,view,1.0,2026-09-27 01:18:18
429,82,view,1.0,2026-04-25 20:47:21
429,48,like,2.0,2026-04-30 03:41:51
429,114,view,1.0,2026-05-25 11:41:10
429,267,view,1.0,2026-06-23 20:29:59
429,102,like,2.0,2026-07-03 15:35:07
429,359,view,1.0,2026-07-07 11:59:59
429,98,view,1.0,2026-07-08 13:37:49
429,276,purchase,4.0,2026-08-06 17:38:59
429,212,view,1.0,2026-09-19 22:50:48
429,81,view,1.0,2026-09-21 20:26:49
429,217,view,1.0,2026-09-29 09:18:35
430,109,purchase,4.0,2026-04-13 20:32:35
430,62,view,1.0,2026-05-10 12:09:28
430,339,like,2.0,2026-05-11 19:12:33
430,107,like,2.0,2026-05-17 16:03:40
430,192,view,1.0,2026-05-20 18:34:18
430,390,view,1.0,2026-06-03 11:25:38
430,398,view,1.0,2026-06-22 00:27:10
430,332,view,1.0,2026-06-23 04:06:34
430,337,view,1.0,2026-07-15 01:53:51
430,385,view,1.0,2026-08-02 17:53:11
430,336,like,2.0,2026-09-23 01:03:09
431,324,purchase,4.0,2026-04-08 15:22:03
431,393,like,2.0,2026-04-10 21:27:05
431,318,view,1.0,2026-04-15 04:05:38
431,208,view,1.0,2026-04-18 06:03:41
431,30,view,1.0,2026-04-20 02:00:37
431,83,view,1.0,2026-04-20 06:29:30
431,170,view,1.0,2026-04-25 13:01:10
431,387,view,1.0,2026-04-27 00:26:22
431,74,view,1.0,2026-04-29 00:10:35
431,203,view,1.0,2026-04-29 03:38:18
431,400,purchase,4.0,2026-05-01 05:59:42
431,6,like,2.0,2026-05-09 06:44:43
431,23,purchase,4.0,2026-05-13 02:48:12
431,106,purchase,4.0,2026-05-14 15:51:23
431,93,view,1.0,2026-05-16 08:24:52
431,196,view,1.0,2026-05-18 07:15:06
431,161,like,2.0,2026-05-19 10:58:51
431,220,like,2.0,2026-05-22 06:44:40
431,64,view,1.0,2026-05-22 21:25:25
431,267,view,1.0,2026-06-01 06:04:08
431,89,like,2.0,2026-06-07 11:31:56
431,171,view,1.0,2026-06-15 05:28:56
431,14,purchase,4.0,2026-06-19 00:48:43
431,309,like,2.0,2026-06-22 14:16:24
431,234,view,1.0,2026-07-02 08:27:51
431,88,view,1.0,2026-07-08 05:24:37
431,166,view,1.0,2026-07-15 04:21:14
431,397,like,2.0,2026-07-16 07:05:41
431,52,like,2.0,2026-07-16 10:37:57
431,190,view,1.0,2026-07-24 10:56:17
431,101,view,1.0,2026-07-24 15:26:40
431,293,view,1.0,2026-07-27 19:05:05
431,15,view,1.0,2026-08-01 17:47:19
431,207,purchase,4.0,2026-08-07 17:16:18
431,150,view,1.0,2026-08-21 01:07:34
431,320,like,2.0,2026-08-26 10:35:21
431,365,purchase,4.0,2026-08-30 01:54:25
431,308,purchase,4.0,2026-08-31 14:19:56
431,153,view,1.0,2026-09-03 05:28:19
431,56,like,2.0,2026-09-05 22:16:08
431,200,view,1.0,2026-09-10 13:22:20
431,259,view,1.0,2026-09-15 14:53:22
431,371,view,1.0,2026-09-16 03:56:49
431,298,like,2.0,2026-09-16 14:48:39
431,381,view,1.0,2026-09-20 05:26:52
431,124,like,2.0,2026-09-22 04:25:23
431,169,like,2.0,2026-09-25 00:25:03
431,103,view,1.0,2026-09-26 02:12:43
432,150,view,1.0,2026-04-09 10:02:26
432,211,view,1.0,2026-04-17 14:38:02
432,146,like,2.0,2026-04-25 08:26:16
432,126,view,1.0,2026-04-26 13:49:23
432,118,like,2.0,2026-04-27 22:15:14
432,89,purchase,4.0,2026-05-07 02:10:59
432,296,view,1.0,2026-05-07 23:03:02
432,397,like,2.0,2026-05-08 10:20:33
432,13,purchase,4.0,2026-05-09 07:33:33
432,79,purchase,4.0,2026-05-09 15:04:57
432,394,purchase,4.0,2026-05-14 12:52:53
432,130,purchase,4.0,2026-05-21 17:21:23
432,149,view,1.0,2026-06-03 19:43:30
432,251,purchase,4.0,2026-06-09 03:25:32
432,139,view,1.0,2026-06-23 04:56:07
432,190,like,2.0,2026-06-27 21:09:00
432,358,view,1.0,2026-06-28 16:50:55
432,216,view,1.0,2026-06-30 21:53:44
432,252,like,2.0,2026-07-09 19:12:35
432,84,purchase,4.0,2026-07-15 09:43:09
432,102,purchase,4.0,2026-07-21 20:02:28
432,356,like,2.0,2026-07-25 09:33:56
432,369,view,1.0,2026-08-01 06:56:33
432,315,purchase,4.0,2026-08-02 03:03:50
432,52,view,1.0,2026-08-03 09:15:54
432,319,view,1.0,2026-08-16 21:02:35
432,10,like,2.0,2026-08-21 02:30:53
432,228,purchase,4.0,2026-08-30 01:15:44
432,258,view,1.0,2026-08-30 02:33:07
432,158,view,1.0,2026-08-30 22:35:57
432,184,purchase,4.0,2026-09-02 02:23:22
432,288,view,1.0,2026-09-19 16:25:20
432,357,view,1.0,2026-09-23 14:09:52
432,75,view,1.0,2026-09-27 15:53:09
433,89,like,2.0,2026-05-09 00:12:50
433,102,purchase,4.0,2026-06-13 03:56:21
433,234,like,2.0,2026-08-07 20:10:21
433,221,purchase,4.0,2026-08-12 18:16:14
433,354,purchase,4.0,2026-08-24 16:59:46
433,202,purchase,4.0,2026-08-24 22:59:42
434,254,view,1.0,2026-04-06 21:55:12
434,321,purchase,4.0,2026-04-07 09:30:42
434,388,view,1.0,2026-04-07 21:45:35
434,258,view,1.0,2026-04-13 18:37:46
434,200,view,1.0,2026-04-18 13:46:25
434,184,view,1.0,2026-04-23 06:44:48
434,285,like,2.0,2026-04-29 16:38:47
434,337,like,2.0,2026-05-06 04:08:35
434,319,view,1.0,2026-05-19 16:53:07
434,191,view,1.0,2026-05-24 20:50:55
434,295,view,1.0,2026-05-27 15:22:08
434,182,like,2.0,2026-06-13 04:37:00
434,158,view,1.0,2026-06-19 20:58:38
434,120,view,1.0,2026-06-22 17:34:49
434,25,like,2.0,2026-07-04 22:14:30
434,92,like,2.0,2026-07-06 21:55:15
434,275,view,1.0,2026-07-12 00:54:39
434,79,purchase,4.0,2026-07-30 04:30:37
434,353,purchase,4.0,2026-07-31 19:49:26
434,31,view,1.0,2026-08-24 06:54:11
434,98,purchase,4.0,2026-08-28 03:27:16
434,50,purchase,4.0,2026-09-18 18:19:22
435,92,like,2.0,2026-04-05 16:55:45
435,82,view,1.0,2026-04-25 00:32:48
435,217,purchase,4.0,2026-04-26 04:07:28
435,259,like,2.0,2026-07-03 21:56:32
435,164,like,2.0,2026-07-12 10:10:01
435,306,view,1.0,2026-07-24 07:04:37
435,319,view,1.0,2026-07-24 11:19:10
435,236,like,2.0,2026-08-27 22:26:17
435,222,view,1.0,2026-09-26 01:43:51
436,376,view,1.0,2026-04-06 15:30:14
436,356,purchase,4.0,2026-04-08 03:30:52
436,62,view,1.0,2026-05-25 17:45:36
436,363,purchase,4.0,2026-05-28 09:45:50
436,67,view,1.0,2026-06-06 17:55:09
436,204,like,2.0,2026-07-11 17:35:55
436,70,like,2.0,2026-08-18 17:24:20
436,146,like,2.0,2026-09-18 09:16:02
436,396,purchase,4.0,2026-09-25 02:07:44
437,298,like,2.0,2026-04-08 10:18:59
437,183,view,1.0,2026-05-01 19:49:16
437,79,view,1.0,2026-05-04 04:14:57
437,35,like,2.0,2026-05-11 10:05:28
437,116,view,1.0,2026-05-17 10:40:00
437,149,view,1.0,2026-06-08 05:26:26
437,184,like,2.0,2026-06-17 12:37:44
437,43,view,1.0,2026-07-10 07:02:43
437,391,view,1.0,2026-07-12 09:08:23
437,114,view,1.0,2026-07-12 19:55:48
437,171,like,2.0,2026-07-16 14:03:24
437,271,view,1.0,2026-08-10 03:32:32
437,124,like,2.0,2026-08-14 07:22:36
437,156,view,1.0,2026-09-04 10:43:54
437,210,view,1.0,2026-09-10 02:43:49
437,324,like,2.0,2026-09-11 05:32:31
438,394,view,1.0,2026-04-12 20:34:07
438,371,purchase,4.0,2026-04-14 17:43:16
438,114,view,1.0,2026-05-06 05:47:19
438,126,view,1.0,2026-05-22 07:01:18
438,304,view,1.0,2026-05-31 15:45:09
438,233,like,2.0,2026-06-06 04:58:43
438,6,like,2.0,2026-06-20 14:23:23
438,60,purchase,4.0,2026-06-30 20:52:12
438,37,purchase,4.0,2026-07-21 07:49:02
438,84,purchase,4.0,2026-08-04 12:38:27
438,116,purchase,4.0,2026-08-16 17:27:04
438,391,like,2.0,2026-09-09 02:34:09
438,263,purchase,4.0,2026-09-19 00:33:44
439,271,view,1.0,2026-04-16 12:45:22
439,5,view,1.0,2026-04-20 03:59:34
439,235,view,1.0,2026-05-29 23:27:42
439,294,view,1.0,2026-06-19 20:28:23
439,205,like,2.0,2026-06-25 15:55:34
439,175,like,2.0,2026-07-07 17:22:56
439,283,view,1.0,2026-08-01 10:32:56
439,203,purchase,4.0,2026-08-04 15:02:02
439,194,view,1.0,2026-08-11 11:48:43
439,314,view,1.0,2026-08-27 19:33:06
439,335,purchase,4.0,2026-08-28 11:03:46
439,153,view,1.0,2026-09-02 07:45:24
439,166,view,1.0,2026-09-07 13:35:50
439,209,view,1.0,2026-09-22 21:55:52
440,74,view,1.0,2026-04-22 21:21:50
440,87,view,1.0,2026-04-23 14:46:05
440,334,view,1.0,2026-06-23 09:42:57
440,35,view,1.0,2026-07-01 09:46:45
440,313,view,1.0,2026-07-18 14:29:25
440,52,like,2.0,2026-08-19 05:13:52
440,171,view,1.0,2026-09-21 12:40:27
441,244,view,1.0,2026-04-11 04:54:50
441,98,view,1.0,2026-04-30 19:39:07
441,321,view,1.0,2026-07-14 01:14:34
441,394,purchase,4.0,2026-07-16 19:37:32
441,88,purchase,4.0,2026-08-29 07:55:51
441,391,purchase,4.0,2026-09-01 15:15:01
441,106,like,2.0,2026-09-17 08:19:27
441,165,purchase,4.0,2026-09-21 00:23:26
441,357,view,1.0,2026-09-23 03:02:18
442,45,view,1.0,2026-04-09 08:15:47
442,111,like,2.0,2026-04-09 20:39:46
442,78,like,2.0,2026-04-11 11:39:44
442,23,view,1.0,2026-04-12 04:14:17
442,283,view,1.0,2026-05-02 11:18:04
442,368,purchase,4.0,2026-05-05 21:08:18
442,289,like,2.0,2026-05-09 03:49:40
442,397,like,2.0,2026-05-16 01:25:54
442,294,purchase,4.0,2026-05-27 05:27:00
442,5,purchase,4.0,2026-05-27 23:57:53
442,76,view,1.0,2026-06-07 14:49:22
442,268,view,1.0,2026-06-16 00:38:41
442,340,like,2.0,2026-07-16 04:49:37
442,57,view,1.0,2026-07-23 02:33:10
442,211,view,1.0,2026-07-26 07:00:09
442,380,purchase,4.0,2026-07-29 03:37:15
442,219,like,2.0,2026-07-31 17:50:51
442,67,view,1.0,2026-08-17 21:30:41
442,127,like,2.0,2026-08-26 06:09:22
442,77,purchase,4.0,2026-09-06 23:33:30
442,97,purchase,4.0,2026-09-17 08:47:28
442,366,view,1.0,2026-09-18 13:05:15
442,141,view,1.0,2026-09-29 13:09:57
443,314,view,1.0,2026-04-19 16:55:42
443,391,purchase,4.0,2026-04-21 04:47:53
443,343,like,2.0,2026-05-01 02:02:30
443,133,like,2.0,2026-05-10 09:10:10
443,210,view,1.0,2026-05-17 22:02:29
443,88,like,2.0,2026-05-19 16:33:12
443,98,like,2.0,2026-05-20 11:02:05
443,299,purchase,4.0,2026-05-29 02:57:08
443,190,view,1.0,2026-06-17 21:02:42
443,399,like,2.0,2026-06-25 00:23:01
443,35,view,1.0,2026-07-20 21:02:52
443,123,like,2.0,2026-07-24 17:05:29
443,380,view,1.0,2026-07-31 14:36:43
445,324,purchase,4.0,2026-04-05 15:20:19
445,360,like,2.0,2026-04-07 10:24:27
445,322,view,1.0,2026-04-11 07:30:50
445,233,like,2.0,2026-04-18 07:58:17
445,94,purchase,4.0,2026-04-23 06:05:20
445,274,view,1.0,2026-04-27 18:56:51
445,4,purchase,4.0,2026-04-30 03:40:27
445,145,like,2.0,2026-05-07 02:06:54
445,342,view,1.0,2026-05-09 00:36:30
445,230,like,2.0,2026-05-10 01:59:21
445,90,view,1.0,2026-05-12 20:20:47
445,358,view,1.0,2026-05-16 00:38:18
445,309,view,1.0,2026-05-21 04:34:30
445,52,view,1.0,2026-05-26 01:38:59
445,19,purchase,4.0,2026-05-26 18:40:52
445,391,view,1.0,2026-06-01 05:32:44
445,21,view,1.0,2026-06-10 05:44:13
445,397,like,2.0,2026-06-23 00:31:45
445,150,purchase,4.0,2026-06-23 03:11:48
445,134,like,2.0,2026-07-02 06:16:35
445,270,purchase,4.0,2026-07-08 00:40:21
445,192,view,1.0,2026-07-12 00:04:58
445,146,like,2.0,2026-07-15 07:54:47
445,268,view,1.0,2026-07-17 12:12:51
445,130,view,1.0,2026-07-21 07:08:27
445,5,view,1.0,2026-07-25 16:48:59
445,331,view,1.0,2026-07-26 09:25:29
445,203,purchase,4.0,2026-07-26 11:35:05
445,282,view,1.0,2026-07-28 13:32:31
445,226,view,1.0,2026-08-03 12:44:17
445,248,view,1.0,2026-08-04 02:35:25
445,75,like,2.0,2026-08-05 12:01:07
445,385,view,1.0,2026-08-08 14:14:28
445,166,view,1.0,2026-08-10 13:38:18
445,379,like,2.0,2026-08-14 15:38:19
445,323,view,1.0,2026-08-16 17:09:25
445,289,purchase,4.0,2026-08-17 02:14:55
445,171,view,1.0,2026-08-20 19:10:41
445,114,view,1.0,2026-08-23 19:58:14
445,275,like,2.0,2026-08-28 10:11:12
445,124,view,1.0,2026-08-31 13:17:26
445,31,view,1.0,2026-09-02 02:47:01
445,204,view,1.0,2026-09-02 04:02:46
445,109,view,1.0,2026-09-09 19:54:58
445,200,view,1.0,2026-09-13 14:41:11
445,45,view,1.0,2026-09-17 23:24:53
445,44,view,1.0,2026-09-19 04:01:38
445,76,view,1.0,2026-09-20 03:03:46
445,239,like,2.0,2026-09-22 13:26:37
446,237,like,2.0,2026-04-16 15:51:47
446,156,view,1.0,2026-05-13 07:33:08
446,270,like,2.0,2026-05-18 14:25:45
446,339,view,1.0,2026-05-21 20:46:32
446,74,view,1.0,2026-06-01 13:32:25
446,149,view,1.0,2026-06-26 15:50:56
446,146,view,1.0,2026-07-03 14:51:54
446,30,view,1.0,2026-08-08 21:10:30
446,131,view,1.0,2026-08-26 23:09:10
446,305,view,1.0,2026-09-21 22:41:43
447,296,view,1.0,2026-04-16 12:00:46
447,348,view,1.0,2026-04-23 09:26:48
447,208,like,2.0,2026-05-07 17:08:25
447,258,like,2.0,2026-05-08 10:30:37
447,153,view,1.0,2026-05-12 03:15:47
447,199,like,2.0,2026-05-18 10:21:15
447,307,like,2.0,2026-05-27 09:09:56
447,341,view,1.0,2026-06-13 19:57:17
447,50,view,1.0,2026-06-15 17:45:30
447,5,view,1.0,2026-06-17 13:43:22
447,156,like,2.0,2026-06-19 15:06:02
447,161,like,2.0,2026-07-05 17:55:20
447,294,view,1.0,2026-07-11 21:57:05
447,4,view,1.0,2026-07-14 20:08:22
447,292,like,2.0,2026-07-16 08:49:14
447,202,view,1.0,2026-07-18 10:12:11
447,200,like,2.0,2026-08-01 08:49:25
447,303,view,1.0,2026-08-09 10:25:28
447,170,purchase,4.0,2026-08-11 04:32:31
447,146,view,1.0,2026-08-14 05:15:28
447,228,view,1.0,2026-08-30 02:12:35
447,116,view,1.0,2026-09-19 02:36:12
447,365,view,1.0,2026-09-19 09:02:24
448,272,like,2.0,2026-04-09 19:14:06
448,191,view,1.0,2026-04-13 21:30:59
448,77,view,1.0,2026-04-14 00:07:26
448,337,view,1.0,2026-04-17 10:27:21
448,126,like,2.0,2026-04-18 17:44:33
448,56,view,1.0,2026-04-28 19:14:05
448,60,view,1.0,2026-04-29 11:40:17
448,200,view,1.0,2026-05-08 08:09:59
448,166,view,1.0,2026-05-14 15:20:19
448,248,like,2.0,2026-05-16 14:26:23
448,228,view,1.0,2026-05-24 17:41:46
448,52,like,2.0,2026-05-26 21:13:11
448,122,view,1.0,2026-05-31 02:48:04
448,352,view,1.0,2026-06-01 14:46:22
448,294,view,1.0,2026-06-05 06:56:53
448,9,view,1.0,2026-06-13 08:22:20
448,357,view,1.0,2026-06-17 17:57:43
448,330,view,1.0,2026-06-18 19:18:35
448,177,view,1.0,2026-06-19 06:12:45
448,251,view,1.0,2026-06-23 16:42:09
448,114,purchase,4.0,2026-06-25 12:36:03
448,306,like,2.0,2026-06-27 01:46:44
448,12,view,1.0,2026-07-10 16:24:16
448,163,purchase,4.0,2026-07-11 11:13:56
448,271,like,2.0,2026-07-16 22:45:39
448,259,view,1.0,2026-07-22 09:07:07
448,394,like,2.0,2026-07-22 12:26:33
448,59,view,1.0,2026-08-04 23:16:20
448,79,view,1.0,2026-08-05 16:22:07
448,111,view,1.0,2026-08-09 04:03:45
448,308,like,2.0,2026-08-11 17:43:39
448,292,like,2.0,2026-08-12 20:46:39
448,345,view,1.0,2026-08-23 22:10:41
448,170,view,1.0,2026-09-04 10:54:59
448,123,view,1.0,2026-09-04 16:09:56
448,220,view,1.0,2026-09-04 19:09:21
448,158,purchase,4.0,2026-09-05 00:31:53
448,209,like,2.0,2026-09-15 12:18:26
448,63,view,1.0,2026-09-29 00:13:10
449,394,purchase,4.0,2026-04-17 09:23:46
449,291,like,2.0,2026-04-28 19:18:11
449,323,purchase,4.0,2026-04-30 20:16:17
449,359,like,2.0,2026-05-02 04:44:23
449,72,view,1.0,2026-05-24 17:30:05
449,164,purchase,4.0,2026-06-14 23:36:39
449,246,purchase,4.0,2026-06-17 09:25:38
449,320,purchase,4.0,2026-06-20 23:14:10
449,287,purchase,4.0,2026-07-06 01:36:51
449,50,purchase,4.0,2026-07-12 12:42:53
449,243,like,2.0,2026-07-20 09:40:13
449,115,view,1.0,2026-07-25 19:31:39
449,157,purchase,4.0,2026-07-27 19:05:28
449,399,like,2.0,2026-08-25 19:49:25
449,62,view,1.0,2026-09-02 06:21:23
449,37,view,1.0,2026-09-06 21:00:04
449,336,view,1.0,2026-09-29 17:22:33
450,35,like,2.0,2026-04-07 15:03:44
450,69,view,1.0,2026-04-25 09:02:31
450,303,purchase,4.0,2026-06-23 00:31:41
450,342,like,2.0,2026-06-30 15:24:45
450,173,view,1.0,2026-07-30 21:57:45
451,394,view,1.0,2026-04-06 07:19:43
451,5,like,2.0,2026-04-10 12:17:00
451,362,like,2.0,2026-04-17 21:55:48
451,48,view,1.0,2026-04-26 21:42:35
451,79,purchase,4.0,2026-05-07 23:47:29
451,214,view,1.0,2026-05-17 02:31:44
451,157,like,2.0,2026-05-20 08:43:53
451,108,view,1.0,2026-05-23 04:41:01
451,152,purchase,4.0,2026-06-04 17:52:01
451,35,view,1.0,2026-06-20 17:52:24
451,343,like,2.0,2026-06-22 10:30:27
451,380,view,1.0,2026-06-25 15:18:36
451,283,purchase,4.0,2026-06-29 02:11:06
451,173,view,1.0,2026-07-21 04:28:16
451,258,view,1.0,2026-08-17 05:52:36
451,224,purchase,4.0,2026-08-20 05:46:48
451,10,view,1.0,2026-08-29 04:04:46
451,150,like,2.0,2026-09-05 18:24:04
451,278,view,1.0,2026-09-11 17:18:54
451,345,view,1.0,2026-09-17 06:37:11
451,129,purchase,4.0,2026-09-23 13:51:10
451,335,view,1.0,2026-09-28 02:20:28
452,337,like,2.0,2026-04-28 05:18:19
452,120,view,1.0,2026-04-28 11:40:51
452,222,purchase,4.0,2026-05-13 20:53:42
452,5,view,1.0,2026-05-14 03:33:45
452,278,view,1.0,2026-06-04 20:31:27
452,56,view,1.0,2026-06-05 13:35:50
452,286,view,1.0,2026-06-16 04:13:59
452,60,purchase,4.0,2026-06-18 22:04:33
452,4,like,2.0,2026-06-21 07:24:19
452,58,view,1.0,2026-07-04 18:23:28
452,248,purchase,4.0,2026-07-07 02:29:17
452,397,view,1.0,2026-07-09 12:52:16
452,392,view,1.0,2026-07-30 23:56:00
452,294,view,1.0,2026-08-30 19:47:52
452,340,view,1.0,2026-09-07 07:31:36
453,81,view,1.0,2026-04-04 02:00:29
453,322,view,1.0,2026-05-01 09:28:54
453,72,view,1.0,2026-05-27 08:15:51
453,106,like,2.0,2026-07-07 19:36:05
453,62,view,1.0,2026-08-18 20:10:15
453,298,view,1.0,2026-09-25 12:10:13
453,12,view,1.0,2026-09-27 11:58:46
454,279,like,2.0,2026-04-07 00:38:55
454,128,view,1.0,2026-05-06 20:06:52
454,199,view,1.0,2026-05-14 12:25:34
454,62,like,2.0,2026-06-14 22:40:03
454,101,view,1.0,2026-06-25 11:36:16
454,172,view,1.0,2026-06-30 15:18:30
454,174,like,2.0,2026-07-05 22:10:18
454,400,view,1.0,2026-07-31 10:39:14
454,136,like,2.0,2026-08-04 02:56:52
454,31,purchase,4.0,2026-08-05 20:17:35
454,209,like,2.0,2026-08-10 09:36:34
454,357,like,2.0,2026-09-04 00:27:52
454,86,view,1.0,2026-09-21 17:13:12
455,291,view,1.0,2026-04-15 04:13:56
455,35,like,2.0,2026-05-20 10:59:40
455,70,view,1.0,2026-06-16 03:47:16
455,118,like,2.0,2026-06-16 20:39:17
455,181,like,2.0,2026-07-13 20:21:57
455,81,view,1.0,2026-08-12 02:28:34
455,47,view,1.0,2026-09-26 00:29:48
456,80,view,1.0,2026-04-16 01:34:43
456,364,view,1.0,2026-05-06 16:17:50
456,111,like,2.0,2026-05-08 13:19:37
456,199,view,1.0,2026-05-18 16:35:21
456,283,like,2.0,2026-05-28 10:19:46
456,224,like,2.0,2026-06-04 17:59:10
456,4,view,1.0,2026-06-21 09:12:55
456,72,purchase,4.0,2026-06-23 13:59:59
456,30,like,2.0,2026-07-07 08:29:38
456,58,like,2.0,2026-07-07 09:08:34
456,51,like,2.0,2026-07-15 08:57:14
456,260,view,1.0,2026-07-21 02:08:17
456,155,like,2.0,2026-08-10 05:59:06
456,6,purchase,4.0,2026-08-15 09:03:10
456,16,view,1.0,2026-08-22 20:12:17
456,387,view,1.0,2026-08-26 19:22:53
456,56,like,2.0,2026-09-26 13:08:50
457,285,view,1.0,2026-04-21 07:20:51
457,83,view,1.0,2026-06-12 13:05:45
457,245,view,1.0,2026-07-08 13:42:45
457,266,view,1.0,2026-09-10 09:25:46
457,331,view,1.0,2026-09-19 08:38:12
458,20,view,1.0,2026-04-20 22:58:13
458,74,view,1.0,2026-04-25 17:43:48
458,379,purchase,4.0,2026-05-12 11:29:43
458,393,view,1.0,2026-05-24 17:11:05
458,109,like,2.0,2026-06-15 18:02:51
458,244,view,1.0,2026-06-16 05:54:29
458,32,purchase,4.0,2026-07-06 11:34:16
458,233,like,2.0,2026-07-11 04:40:26
458,391,like,2.0,2026-08-18 02:04:20
458,112,view,1.0,2026-08-24 21:09:01
458,304,view,1.0,2026-09-03 13:18:33
459,126,purchase,4.0,2026-04-28 06:42:11
459,204,view,1.0,2026-04-30 07:47:58
459,352,view,1.0,2026-05-08 11:22:44
459,311,like,2.0,2026-05-09 16:25:05
459,91,view,1.0,2026-05-12 00:49:46
459,14,like,2.0,2026-05-18 01:00:44
459,58,view,1.0,2026-05-18 23:33:54
459,210,view,1.0,2026-05-27 10:17:25
459,32,like,2.0,2026-06-13 19:04:50
459,102,like,2.0,2026-06-18 09:42:55
459,335,like,2.0,2026-06-22 17:13:55
459,158,like,2.0,2026-07-07 21:27:46
459,398,view,1.0,2026-07-20 05:07:16
459,301,view,1.0,2026-07-21 11:47:09
459,107,like,2.0,2026-07-26 18:19:52
459,4,view,1.0,2026-08-05 03:22:07
459,212,view,1.0,2026-08-06 00:19:54
459,273,like,2.0,2026-08-07 02:34:14
459,192,view,1.0,2026-08-14 16:57:12
459,368,like,2.0,2026-08-21 05:42:33
459,305,view,1.0,2026-08-31 18:39:22
459,211,view,1.0,2026-09-08 19:57:46
459,10,view,1.0,2026-09-12 15:09:37
459,129,view,1.0,2026-09-18 21:32:23
459,206,view,1.0,2026-09-20 09:39:41
460,207,view,1.0,2026-04-24 07:14:00
460,204,view,1.0,2026-05-01 17:20:05
460,146,view,1.0,2026-05-16 16:00:32
460,39,purchase,4.0,2026-05-25 14:23:07
460,99,purchase,4.0,2026-07-24 14:27:58
460,394,view,1.0,2026-08-02 22:11:33
460,324,view,1.0,2026-08-04 16:59:22
460,336,like,2.0,2026-09-05 10:11:00
460,211,like,2.0,2026-09-14 10:48:10
460,259,view,1.0,2026-09-21 03:51:32
460,210,view,1.0,2026-09-21 22:08:18
461,81,like,2.0,2026-04-11 08:33:06
461,320,like,2.0,2026-04-22 07:34:44
461,30,like,2.0,2026-04-24 16:37:41
461,239,purchase,4.0,2026-04-26 03:51:19
461,248,like,2.0,2026-04-26 12:30:09
461,395,view,1.0,2026-04-30 08:55:52
461,399,view,1.0,2026-05-02 08:02:49
461,391,like,2.0,2026-05-12 14:38:10
461,209,purchase,4.0,2026-05-17 04:54:46
461,19,purchase,4.0,2026-05-29 20:14:43
461,101,view,1.0,2026-06-02 08:39:10
461,179,view,1.0,2026-06-07 02:04:48
461,18,view,1.0,2026-06-09 12:49:56
461,16,purchase,4.0,2026-07-01 07:40:35
461,129,view,1.0,2026-07-07 17:56:48
461,147,view,1.0,2026-07-08 05:39:00
461,221,purchase,4.0,2026-07-11 22:01:40
461,382,view,1.0,2026-07-16 07:08:09
461,149,view,1.0,2026-07-18 02:41:31
461,23,like,2.0,2026-07-23 08:11:16
461,207,view,1.0,2026-07-26 09:27:07
461,143,like,2.0,2026-08-16 21:04:35
461,362,view,1.0,2026-08-31 18:55:19
461,157,view,1.0,2026-09-01 21:14:53
461,128,view,1.0,2026-09-12 00:37:50
461,287,view,1.0,2026-09-16 18:01:17
461,186,like,2.0,2026-09-23 05:21:25
462,204,like,2.0,2026-04-08 07:21:41
462,360,purchase,4.0,2026-04-10 07:51:03
462,145,view,1.0,2026-04-13 22:41:39
462,125,view,1.0,2026-04-24 15:02:16
462,388,like,2.0,2026-04-29 05:30:00
462,122,like,2.0,2026-05-04 05:39:32
462,350,view,1.0,2026-05-04 15:14:02
462,62,purchase,4.0,2026-05-08 22:48:21
462,325,view,1.0,2026-05-17 08:31:26
462,255,view,1.0,2026-05-21 10:12:31
462,36,view,1.0,2026-05-27 02:34:24
462,6,view,1.0,2026-06-05 13:16:47
462,108,view,1.0,2026-06-09 20:18:28
462,278,like,2.0,2026-06-16 10:17:07
462,130,view,1.0,2026-06-21 18:47:03
462,99,view,1.0,2026-06-23 23:48:39
462,238,view,1.0,2026-07-04 06:19:18
462,387,purchase,4.0,2026-07-12 20:01:47
462,271,view,1.0,2026-07-22 13:37:04
462,375,view,1.0,2026-08-07 23:39:55
462,223,like,2.0,2026-08-18 23:52:21
462,389,view,1.0,2026-08-19 17:19:50
462,247,view,1.0,2026-08-22 01:59:17
462,283,like,2.0,2026-09-16 09:46:53
462,324,view,1.0,2026-09-20 18:58:05
463,385,like,2.0,2026-04-15 10:40:13
463,87,like,2.0,2026-04-18 07:46:15
463,122,view,1.0,2026-05-02 19:29:04
463,71,view,1.0,2026-05-20 22:56:15
463,102,like,2.0,2026-05-25 10:36:40
463,66,like,2.0,2026-06-19 03:41:14
463,238,purchase,4.0,2026-07-16 12:29:47
463,91,like,2.0,2026-08-03 02:41:17
464,303,view,1.0,2026-04-03 16:04:42
464,138,purchase,4.0,2026-04-06 21:59:50
464,267,view,1.0,2026-04-10 10:00:59
464,200,like,2.0,2026-04-21 05:29:26
464,292,purchase,4.0,2026-05-03 17:12:05
464,271,like,2.0,2026-05-06 17:55:31
464,294,like,2.0,2026-05-08 08:07:33
464,70,view,1.0,2026-05-15 17:21:45
464,134,purchase,4.0,2026-05-23 21:37:50
464,107,like,2.0,2026-06-03 02:20:40
464,177,like,2.0,2026-06-04 06:37:08
464,191,view,1.0,2026-06-11 09:35:35
464,261,view,1.0,2026-06-11 16:28:37
464,220,view,1.0,2026-06-12 22:10:42
464,241,like,2.0,2026-06-23 05:26:34
464,111,purchase,4.0,2026-07-02 02:05:07
464,96,view,1.0,2026-07-03 04:10:09
464,92,purchase,4.0,2026-07-03 13:58:01
464,307,like,2.0,2026-07-17 16:52:50
464,40,view,1.0,2026-07-27 20:23:15
464,128,view,1.0,2026-07-28 14:22:01
464,115,view,1.0,2026-08-07 02:28:47
464,222,like,2.0,2026-08-08 15:56:56
464,371,view,1.0,2026-08-09 06:33:54
464,357,like,2.0,2026-08-10 17:23:08
464,43,view,1.0,2026-08-14 09:39:40
464,211,view,1.0,2026-08-16 23:10:45
464,12,like,2.0,2026-08-19 13:08:47
464,313,view,1.0,2026-08-22 06:20:15
464,150,view,1.0,2026-08-25 09:33:37
464,169,view,1.0,2026-08-26 17:39:50
464,378,view,1.0,2026-08-28 16:56:19
464,382,like,2.0,2026-08-29 21:12:20
464,98,view,1.0,2026-08-29 22:18:55
464,61,purchase,4.0,2026-08-29 22:43:26
464,293,view,1.0,2026-09-01 02:30:50
464,208,like,2.0,2026-09-05 00:06:57
464,212,like,2.0,2026-09-05 22:54:21
464,201,view,1.0,2026-09-06 07:44:31
464,77,view,1.0,2026-09-06 20:14:16
464,385,view,1.0,2026-09-17 13:19:22
464,260,purchase,4.0,2026-09-18 20:06:45
464,233,purchase,4.0,2026-09-19 11:32:18
464,318,view,1.0,2026-09-25 07:57:36
465,50,view,1.0,2026-04-17 23:35:43
465,283,like,2.0,2026-04-25 11:34:02
465,274,purchase,4.0,2026-04-27 22:04:51
465,35,like,2.0,2026-06-07 22:01:57
465,24,view,1.0,2026-06-16 10:07:07
465,150,view,1.0,2026-06-17 20:59:02
465,239,purchase,4.0,2026-07-26 17:31:49
465,351,view,1.0,2026-08-07 21:12:54
465,166,view,1.0,2026-09-08 12:48:57
465,34,like,2.0,2026-09-13 17:20:34
465,321,like,2.0,2026-09-26 14:02:26
466,271,view,1.0,2026-04-03 00:36:57
466,209,view,1.0,2026-04-05 14:34:17
466,392,like,2.0,2026-04-29 04:38:45
466,13,view,1.0,2026-05-01 15:45:30
466,16,purchase,4.0,2026-05-11 10:04:07
466,163,view,1.0,2026-05-29 22:43:47
466,66,purchase,4.0,2026-06-04 05:33:09
466,92,view,1.0,2026-07-01 10:06:36
466,62,view,1.0,2026-07-18 07:36:32
466,259,like,2.0,2026-07-24 05:12:07
466,328,view,1.0,2026-08-05 00:07:38
466,111,view,1.0,2026-09-11 08:51:39
467,5,like,2.0,2026-04-05 11:01:09
467,233,view,1.0,2026-04-19 17:00:32
467,73,like,2.0,2026-04-20 08:39:09
467,4,like,2.0,2026-04-23 11:47:36
467,288,like,2.0,2026-04-27 10:06:47
467,308,view,1.0,2026-05-02 19:48:37
467,304,view,1.0,2026-05-03 22:54:00
467,331,like,2.0,2026-05-11 00:21:12
467,200,purchase,4.0,2026-05-11 23:47:40
467,139,like,2.0,2026-05-17 10:37:58
467,319,like,2.0,2026-06-01 10:35:24
467,283,view,1.0,2026-06-03 01:25:23
467,75,like,2.0,2026-06-04 15:34:56
467,178,view,1.0,2026-06-08 20:03:14
467,70,view,1.0,2026-06-12 07:13:45
467,322,like,2.0,2026-06-16 05:07:13
467,100,view,1.0,2026-07-02 23:25:14
467,261,view,1.0,2026-07-11 18:39:39
467,398,like,2.0,2026-07-20 17:36:28
467,177,purchase,4.0,2026-07-23 18:02:20
467,355,view,1.0,2026-08-05 21:15:43
467,2,view,1.0,2026-08-16 18:22:17
467,164,view,1.0,2026-08-22 13:22:15
467,39,view,1.0,2026-09-03 01:37:00
467,180,view,1.0,2026-09-05 11:06:57
467,344,like,2.0,2026-09-08 18:28:02
467,146,view,1.0,2026-09-10 23:18:51
467,78,view,1.0,2026-09-16 00:10:12
467,244,like,2.0,2026-09-17 01:08:43
467,354,view,1.0,2026-09-18 22:45:30
467,379,view,1.0,2026-09-20 17:59:51
468,326,view,1.0,2026-04-09 05:29:00
468,323,like,2.0,2026-04-10 00:03:44
468,73,like,2.0,2026-04-11 15:15:39
468,226,like,2.0,2026-04-18 05:01:09
468,90,view,1.0,2026-04-24 06:26:06
468,44,view,1.0,2026-05-05 06:43:34
468,195,purchase,4.0,2026-05-12 11:47:22
468,394,view,1.0,2026-05-13 20:12:13
468,220,view,1.0,2026-05-14 14:42:04
468,309,view,1.0,2026-05-21 06:48:03
468,99,view,1.0,2026-05-22 20:13:27
468,93,like,2.0,2026-05-25 14:22:26
468,279,view,1.0,2026-05-27 02:49:40
468,314,view,1.0,2026-05-28 08:19:23
468,296,view,1.0,2026-06-16 04:41:15
468,41,view,1.0,2026-06-17 04:39:17
468,139,view,1.0,2026-06-29 19:26:36
468,18,view,1.0,2026-06-29 22:30:52
468,116,view,1.0,2026-07-02 14:32:01
468,170,like,2.0,2026-07-14 18:26:25
468,222,like,2.0,2026-07-19 16:59:27
468,1,like,2.0,2026-07-22 07:35:53
468,138,purchase,4.0,2026-07-26 21:30:27
468,291,view,1.0,2026-07-29 13:27:32
468,112,like,2.0,2026-08-04 02:44:07
468,216,view,1.0,2026-09-08 00:56:04
468,391,purchase,4.0,2026-09-26 00:58:28
469,174,like,2.0,2026-04-10 08:10:13
469,14,view,1.0,2026-04-20 10:12:46
469,77,purchase,4.0,2026-04-24 16:06:58
469,3,purchase,4.0,2026-05-07 14:55:53
469,82,like,2.0,2026-05-09 19:48:47
469,397,view,1.0,2026-05-17 01:08:32
469,205,view,1.0,2026-05-22 18:02:10
469,31,view,1.0,2026-05-24 02:42:46
469,210,view,1.0,2026-05-24 20:46:17
469,220,purchase,4.0,2026-06-04 06:42:49
469,207,view,1.0,2026-06-05 07:50:20
469,138,purchase,4.0,2026-06-05 17:53:06
469,244,view,1.0,2026-06-08 17:32:56
469,68,purchase,4.0,2026-06-21 13:36:18
469,96,purchase,4.0,2026-06-26 16:19:45
469,166,like,2.0,2026-06-27 02:39:44
469,71,purchase,4.0,2026-06-27 12:31:08
469,271,purchase,4.0,2026-07-01 12:01:41
469,51,view,1.0,2026-07-05 23:42:00
469,152,view,1.0,2026-07-07 00:45:28
469,135,purchase,4.0,2026-07-07 13:58:29
469,99,view,1.0,2026-07-08 11:12:21
469,184,like,2.0,2026-07-14 21:57:40
469,49,purchase,4.0,2026-07-18 00:34:20
469,173,view,1.0,2026-07-19 08:12:53
469,9,view,1.0,2026-08-02 11:24:24
469,390,view,1.0,2026-08-05 13:34:22
469,89,like,2.0,2026-08-08 18:19:24
469,294,view,1.0,2026-08-16 04:22:27
469,292,like,2.0,2026-08-24 02:25:03
469,159,view,1.0,2026-09-15 01:19:52
469,76,view,1.0,2026-09-23 01:50:34
470,6,purchase,4.0,2026-04-06 09:07:24
470,357,view,1.0,2026-04-08 07:48:51
470,249,view,1.0,2026-04-30 03:03:41
470,248,view,1.0,2026-05-10 16:22:47
470,209,like,2.0,2026-05-31 16:23:30
470,61,view,1.0,2026-06-03 21:07:10
470,201,view,1.0,2026-06-18 02:52:59
470,221,view,1.0,2026-07-05 20:08:42
470,146,view,1.0,2026-07-06 12:13:17
470,52,view,1.0,2026-07-27 18:13:39
470,311,purchase,4.0,2026-07-30 12:48:40
470,179,view,1.0,2026-08-06 05:19:26
470,285,like,2.0,2026-08-06 14:52:34
470,5,view,1.0,2026-08-10 15:16:06
470,205,view,1.0,2026-08-13 18:07:47
470,12,view,1.0,2026-08-15 13:25:31
470,294,purchase,4.0,2026-08-22 16:28:02
470,236,view,1.0,2026-09-03 20:14:26
470,175,view,1.0,2026-09-05 05:05:37
470,394,view,1.0,2026-09-25 17:31:45
471,158,purchase,4.0,2026-04-16 13:50:39
471,25,view,1.0,2026-05-13 08:06:28
471,259,view,1.0,2026-05-14 16:18:59
471,363,view,1.0,2026-06-05 05:44:15
471,317,purchase,4.0,2026-07-08 10:22:08
471,260,view,1.0,2026-07-11 00:03:57
471,239,view,1.0,2026-07-14 20:11:34
471,301,purchase,4.0,2026-07-15 21:53:53
471,304,view,1.0,2026-07-20 16:18:31
471,4,view,1.0,2026-07-21 14:54:01
471,138,view,1.0,2026-08-08 15:21:53
471,348,purchase,4.0,2026-08-22 15:03:13
471,337,view,1.0,2026-09-06 13:46:46
471,268,view,1.0,2026-09-07 12:48:23
471,122,like,2.0,2026-09-23 04:12:26
471,315,purchase,4.0,2026-09-24 07:24:25
472,215,purchase,4.0,2026-04-04 13:08:04
472,5,view,1.0,2026-04-05 04:52:35
472,108,purchase,4.0,2026-04-06 11:18:47
472,62,view,1.0,2026-04-06 21:29:58
472,397,like,2.0,2026-04-12 05:10:06
472,45,view,1.0,2026-04-23 17:53:09
472,260,view,1.0,2026-05-01 19:12:37
472,149,purchase,4.0,2026-05-05 10:32:28
472,103,view,1.0,2026-05-09 01:07:40
472,341,like,2.0,2026-05-15 06:18:10
472,276,view,1.0,2026-05-16 03:20:24
472,253,purchase,4.0,2026-05-17 11:04:31
472,30,purchase,4.0,2026-05-24 23:50:15
472,89,purchase,4.0,2026-06-15 17:41:37
472,99,like,2.0,2026-06-30 14:40:00
472,158,view,1.0,2026-07-11 04:34:41
472,380,view,1.0,2026-07-12 08:22:07
472,150,view,1.0,2026-07-14 19:09:06
472,122,view,1.0,2026-07-16 01:33:23
472,21,like,2.0,2026-07-22 17:45:29
472,146,like,2.0,2026-08-09 22:07:48
472,9,view,1.0,2026-09-02 23:08:50
472,140,view,1.0,2026-09-03 17:32:54
472,221,like,2.0,2026-09-11 22:08:50
472,72,like,2.0,2026-09-17 04:55:12
472,118,view,1.0,2026-09-20 06:16:42
473,230,like,2.0,2026-05-15 07:47:23
473,31,view,1.0,2026-05-20 03:26:22
473,340,like,2.0,2026-06-11 10:05:37
473,45,view,1.0,2026-06-20 04:05:34
473,61,purchase,4.0,2026-08-22 21:58:09
473,9,view,1.0,2026-08-27 11:06:48
473,144,view,1.0,2026-09-13 19:36:23
473,308,purchase,4.0,2026-09-26 01:03:02
474,97,like,2.0,2026-04-04 11:17:19
474,53,like,2.0,2026-04-30 06:55:49
474,372,purchase,4.0,2026-05-03 17:07:36
474,51,purchase,4.0,2026-05-05 21:05:22
474,200,view,1.0,2026-05-12 07:10:12
474,345,view,1.0,2026-07-18 09:47:35
474,2,purchase,4.0,2026-07-26 23:49:12
474,44,like,2.0,2026-08-11 14:49:41
474,139,purchase,4.0,2026-08-16 08:49:02
474,65,view,1.0,2026-08-20 07:19:07
475,296,view,1.0,2026-04-17 23:13:15
475,217,view,1.0,2026-05-06 00:40:26
475,164,view,1.0,2026-05-07 01:37:21
475,245,purchase,4.0,2026-05-15 03:32:31
475,2,view,1.0,2026-06-25 02:40:49
475,272,like,2.0,2026-07-06 16:54:51
475,162,view,1.0,2026-07-19 18:25:27
475,203,view,1.0,2026-07-21 02:20:28
475,206,purchase,4.0,2026-08-14 19:52:09
475,218,view,1.0,2026-08-18 15:58:33
475,280,view,1.0,2026-08-25 21:58:33
475,43,view,1.0,2026-08-30 13:29:07
475,193,like,2.0,2026-09-14 19:02:23
476,158,purchase,4.0,2026-04-07 12:19:05
476,337,like,2.0,2026-04-08 16:28:04
476,155,view,1.0,2026-05-19 01:53:48
476,199,view,1.0,2026-06-28 06:46:28
476,399,view,1.0,2026-07-07 03:38:34
476,135,view,1.0,2026-07-18 19:36:30
476,324,view,1.0,2026-08-22 14:25:32
476,113,view,1.0,2026-09-08 13:23:02
477,87,like,2.0,2026-04-30 23:59:17
477,394,purchase,4.0,2026-05-03 07:23:10
477,371,view,1.0,2026-05-17 14:09:38
477,210,view,1.0,2026-05-22 04:03:19
477,258,view,1.0,2026-05-28 11:12:52
477,171,like,2.0,2026-06-11 08:30:08
477,83,view,1.0,2026-06-11 12:45:50
477,279,like,2.0,2026-06-11 14:54:51
477,273,view,1.0,2026-06-15 20:53:39
477,215,like,2.0,2026-06-18 16:07:23
477,343,view,1.0,2026-06-28 11:18:48
477,179,like,2.0,2026-07-08 20:52:24
477,357,like,2.0,2026-08-08 07:52:43
477,390,like,2.0,2026-08-10 23:07:49
477,62,view,1.0,2026-08-12 05:25:44
477,237,purchase,4.0,2026-08-25 00:31:26
477,32,view,1.0,2026-09-01 23:36:19
477,60,purchase,4.0,2026-09-11 08:25:10
478,292,purchase,4.0,2026-04-15 03:53:24
478,192,view,1.0,2026-04-15 14:45:11
478,254,like,2.0,2026-04-19 14:03:28
478,298,like,2.0,2026-04-24 11:52:58
478,200,purchase,4.0,2026-04-30 13:32:55
478,90,view,1.0,2026-05-15 02:55:13
478,156,like,2.0,2026-05-19 20:32:33
478,288,view,1.0,2026-05-20 01:42:07
478,107,view,1.0,2026-05-25 04:48:05
478,249,view,1.0,2026-06-09 19:54:39
478,61,view,1.0,2026-06-12 11:14:05
478,371,view,1.0,2026-06-18 15:18:14
478,233,view,1.0,2026-07-03 20:09:01
478,191,view,1.0,2026-07-11 16:05:03
478,321,like,2.0,2026-07-17 18:02:27
478,311,view,1.0,2026-07-18 20:03:19
478,34,view,1.0,2026-08-30 22:32:04
478,120,view,1.0,2026-08-31 16:28:11
478,184,purchase,4.0,2026-09-05 11:35:39
478,129,view,1.0,2026-09-11 16:54:55
478,123,like,2.0,2026-09-27 00:15:24
478,136,view,1.0,2026-09-27 14:32:51
478,58,view,1.0,2026-09-27 20:28:20
479,261,like,2.0,2026-04-11 10:10:18
479,357,like,2.0,2026-04-15 21:44:02
479,134,like,2.0,2026-04-24 17:05:37
479,6,view,1.0,2026-05-02 19:48:36
479,258,view,1.0,2026-05-08 09:00:45
479,12,like,2.0,2026-05-11 20:01:56
479,385,view,1.0,2026-05-16 22:44:18
479,65,view,1.0,2026-06-11 17:48:40
479,142,view,1.0,2026-06-19 07:50:13
479,386,view,1.0,2026-06-27 06:56:59
479,32,like,2.0,2026-07-05 18:05:42
479,4,view,1.0,2026-07-12 08:53:41
479,41,view,1.0,2026-07-14 10:42:05
479,394,view,1.0,2026-07-21 07:51:20
479,391,view,1.0,2026-07-23 15:14:04
479,146,view,1.0,2026-08-09 06:48:36
479,306,like,2.0,2026-08-24 06:37:19
479,304,view,1.0,2026-09-10 00:24:13
479,94,view,1.0,2026-09-28 05:32:25
480,41,view,1.0,2026-04-20 09:39:03
480,219,like,2.0,2026-05-27 05:19:25
480,59,purchase,4.0,2026-06-01 20:51:07
480,111,view,1.0,2026-06-07 05:14:16
480,158,view,1.0,2026-06-16 17:59:53
480,126,purchase,4.0,2026-06-22 22:23:00
480,283,view,1.0,2026-07-24 05:09:55
480,29,purchase,4.0,2026-08-06 11:29:12
480,240,view,1.0,2026-08-09 02:29:17
480,230,view,1.0,2026-08-15 09:43:29
480,314,view,1.0,2026-08-30 19:35:38
481,340,like,2.0,2026-04-10 22:46:48
481,42,view,1.0,2026-04-13 21:56:50
481,286,purchase,4.0,2026-05-03 09:23:34
481,331,view,1.0,2026-05-07 03:11:46
481,221,view,1.0,2026-05-11 11:39:05
481,103,like,2.0,2026-05-14 03:35:13
481,82,view,1.0,2026-05-14 12:24:37
481,393,like,2.0,2026-05-14 21:26:58
481,169,view,1.0,2026-05-14 23:31:22
481,212,view,1.0,2026-05-18 02:10:47
481,241,like,2.0,2026-05-26 00:04:12
481,30,view,1.0,2026-05-26 21:35:50
481,20,view,1.0,2026-06-13 07:53:10
481,70,like,2.0,2026-06-20 00:40:11
481,12,view,1.0,2026-06-25 02:50:38
481,370,view,1.0,2026-06-28 07:51:23
481,51,view,1.0,2026-07-12 02:47:58
481,78,purchase,4.0,2026-07-13 11:04:19
481,220,view,1.0,2026-07-18 12:21:30
481,6,like,2.0,2026-07-19 22:39:13
481,74,view,1.0,2026-07-20 05:22:58
481,292,view,1.0,2026-08-07 03:41:19
481,240,view,1.0,2026-08-10 15:29:50
481,4,purchase,4.0,2026-08-18 05:04:14
481,357,view,1.0,2026-08-18 09:32:42
481,233,view,1.0,2026-08-24 03:37:26
481,347,view,1.0,2026-08-26 19:47:05
481,388,view,1.0,2026-08-30 15:59:14
481,295,like,2.0,2026-08-31 10:36:22
481,5,view,1.0,2026-09-02 04:06:03
481,289,purchase,4.0,2026-09-03 22:45:05
481,230,purchase,4.0,2026-09-16 11:18:53
481,57,view,1.0,2026-09-16 14:31:56
481,111,purchase,4.0,2026-09-25 17:24:48
482,56,view,1.0,2026-04-07 01:15:03
482,41,view,1.0,2026-04-17 00:40:05
482,144,view,1.0,2026-04-21 04:50:24
482,36,view,1.0,2026-04-26 23:52:15
482,58,view,1.0,2026-04-27 02:50:07
482,283,view,1.0,2026-04-28 08:31:56
482,275,view,1.0,2026-04-29 18:03:29
482,387,like,2.0,2026-05-04 02:22:43
482,380,like,2.0,2026-05-05 16:02:03
482,362,purchase,4.0,2026-05-09 04:30:19
482,285,view,1.0,2026-05-12 12:37:37
482,98,view,1.0,2026-05-14 19:45:13
482,70,purchase,4.0,2026-05-23 11:46:23
482,388,view,1.0,2026-05-23 23:11:17
482,390,view,1.0,2026-05-24 04:18:56
482,204,like,2.0,2026-05-24 12:45:07
482,224,purchase,4.0,2026-06-13 13:10:46
482,4,purchase,4.0,2026-06-17 06:37:25
482,52,view,1.0,2026-06-18 21:12:47
482,192,view,1.0,2026-06-22 04:56:36
482,332,like,2.0,2026-06-23 15:16:51
482,357,view,1.0,2026-06-27 04:21:30
482,88,view,1.0,2026-07-03 00:30:33
482,169,view,1.0,2026-07-27 19:35:42
482,265,view,1.0,2026-07-31 20:49:27
482,236,view,1.0,2026-08-16 02:06:22
482,399,view,1.0,2026-08-16 12:09:46
482,102,view,1.0,2026-08-24 08:35:08
482,18,view,1.0,2026-09-03 01:34:04
482,146,view,1.0,2026-09-05 14:41:21
482,210,purchase,4.0,2026-09-05 20:28:31
482,112,like,2.0,2026-09-07 02:03:28
482,97,purchase,4.0,2026-09-08 19:30:38
482,165,view,1.0,2026-09-09 04:57:05
482,358,purchase,4.0,2026-09-13 12:10:55
482,268,like,2.0,2026-09-15 10:46:15
482,40,view,1.0,2026-09-15 12:30:31
482,6,view,1.0,2026-09-20 04:14:51
482,14,view,1.0,2026-09-20 10:56:36
482,35,view,1.0,2026-09-23 03:54:44
482,267,purchase,4.0,2026-09-23 18:10:01
482,384,like,2.0,2026-09-27 21:05:22
483,370,view,1.0,2026-04-06 13:53:03
483,131,purchase,4.0,2026-04-24 21:46:48
483,101,like,2.0,2026-04-26 15:13:20
483,96,like,2.0,2026-04-30 23:52:12
483,217,like,2.0,2026-05-01 16:34:29
483,110,like,2.0,2026-05-13 09:33:26
483,9,like,2.0,2026-05-15 14:58:26
483,152,purchase,4.0,2026-05-23 22:47:33
483,220,like,2.0,2026-05-25 17:39:49
483,259,view,1.0,2026-05-27 06:27:13
483,128,view,1.0,2026-05-28 23:35:39
483,118,view,1.0,2026-06-04 04:32:16
483,109,purchase,4.0,2026-06-26 06:44:03
483,254,view,1.0,2026-07-07 11:43:12
483,378,view,1.0,2026-07-19 07:44:19
483,328,like,2.0,2026-08-07 07:10:18
483,288,view,1.0,2026-08-12 01:46:22
483,74,view,1.0,2026-08-14 08:09:51
483,158,purchase,4.0,2026-09-13 16:41:49
483,48,view,1.0,2026-09-14 15:39:51
483,207,view,1.0,2026-09-27 22:33:22
484,174,purchase,4.0,2026-04-04 18:32:52
484,159,view,1.0,2026-04-09 01:24:09
484,172,view,1.0,2026-04-09 23:36:00
484,337,purchase,4.0,2026-04-13 14:50:49
484,274,view,1.0,2026-04-16 05:09:12
484,113,purchase,4.0,2026-04-23 15:38:14
484,96,like,2.0,2026-04-26 10:11:31
484,280,like,2.0,2026-04-29 03:09:56
484,93,view,1.0,2026-05-03 21:20:08
484,359,view,1.0,2026-05-04 16:50:45
484,335,purchase,4.0,2026-05-15 08:28:03
484,101,purchase,4.0,2026-05-21 19:56:22
484,314,view,1.0,2026-06-01 14:45:47
484,79,view,1.0,2026-06-02 06:06:00
484,5,view,1.0,2026-06-14 10:47:32
484,390,view,1.0,2026-06-17 07:49:13
484,296,view,1.0,2026-06-18 22:20:27
484,182,purchase,4.0,2026-06-22 14:24:14
484,31,view,1.0,2026-06-24 16:50:28
484,287,view,1.0,2026-06-26 19:23:39
484,324,purchase,4.0,2026-06-30 06:07:28
484,170,like,2.0,2026-07-03 12:24:40
484,139,view,1.0,2026-07-08 18:52:11
484,354,view,1.0,2026-07-16 23:07:15
484,115,purchase,4.0,2026-07-20 15:45:12
484,379,like,2.0,2026-07-21 05:56:40
484,122,view,1.0,2026-07-25 12:10:19
484,50,view,1.0,2026-08-05 07:13:02
484,199,view,1.0,2026-08-08 19:16:47
484,52,view,1.0,2026-08-11 22:10:36
484,155,view,1.0,2026-08-22 00:09:45
484,358,view,1.0,2026-08-23 07:54:40
484,33,purchase,4.0,2026-09-02 18:34:37
484,224,view,1.0,2026-09-03 02:51:05
484,178,view,1.0,2026-09-04 15:48:00
484,251,view,1.0,2026-09-07 19:21:56
484,209,view,1.0,2026-09-22 08:06:50
485,83,view,1.0,2026-05-11 06:27:08
485,252,view,1.0,2026-05-27 20:37:29
485,122,view,1.0,2026-06-20 20:55:05
485,125,view,1.0,2026-06-26 05:37:25
485,335,view,1.0,2026-06-30 23:55:50
485,9,view,1.0,2026-07-05 00:53:50
485,158,view,1.0,2026-07-09 23:14:35
485,102,like,2.0,2026-07-22 12:02:32
485,11,view,1.0,2026-07-27 00:30:01
485,92,view,1.0,2026-07-28 13:07:40
485,84,purchase,4.0,2026-08-04 15:53:58
485,208,view,1.0,2026-09-02 23:37:56
485,165,view,1.0,2026-09-05 19:11:42
485,190,view,1.0,2026-09-12 13:38:42
485,352,like,2.0,2026-09-17 22:34:52
486,18,purchase,4.0,2026-04-06 14:11:50
486,198,view,1.0,2026-04-09 03:02:11
486,306,view,1.0,2026-04-12 08:34:40
486,269,view,1.0,2026-04-29 14:42:04
486,12,view,1.0,2026-04-30 06:59:51
486,211,view,1.0,2026-05-02 13:28:12
486,134,view,1.0,2026-05-19 17:09:53
486,259,view,1.0,2026-05-26 17:54:46
486,156,purchase,4.0,2026-05-28 00:17:45
486,394,purchase,4.0,2026-05-30 20:22:24
486,350,view,1.0,2026-06-25 17:52:14
486,279,like,2.0,2026-07-06 14:33:34
486,210,like,2.0,2026-07-09 08:50:18
486,233,view,1.0,2026-07-13 16:13:11
486,171,like,2.0,2026-07-15 13:54:34
486,333,view,1.0,2026-07-29 22:17:26
486,374,view,1.0,2026-08-05 00:32:40
486,400,purchase,4.0,2026-08-06 08:18:34
486,274,view,1.0,2026-08-07 15:30:18
486,152,like,2.0,2026-08-11 16:58:48
486,4,view,1.0,2026-08-11 23:28:54
486,280,view,1.0,2026-08-17 17:23:14
486,382,like,2.0,2026-09-05 13:50:56
486,357,purchase,4.0,2026-09-15 14:12:36
486,154,view,1.0,2026-09-16 03:05:28
486,283,view,1.0,2026-09-20 01:45:44
486,243,view,1.0,2026-09-21 18:22:14
487,38,like,2.0,2026-04-12 00:19:18
487,78,view,1.0,2026-04-15 02:06:45
487,83,like,2.0,2026-04-15 02:31:40
487,52,purchase,4.0,2026-04-15 22:28:22
487,350,view,1.0,2026-04-19 23:19:40
487,215,like,2.0,2026-04-22 23:48:01
487,236,like,2.0,2026-04-27 11:04:38
487,114,like,2.0,2026-05-06 04:33:21
487,23,like,2.0,2026-05-17 21:53:23
487,395,like,2.0,2026-05-20 22:51:47
487,320,like,2.0,2026-05-25 12:46:53
487,252,like,2.0,2026-05-28 01:59:03
487,150,like,2.0,2026-06-02 07:49:37
487,293,purchase,4.0,2026-06-04 22:17:57
487,301,view,1.0,2026-06-08 06:53:45
487,348,like,2.0,2026-06-12 15:09:30
487,211,view,1.0,2026-06-16 01:04:13
487,217,like,2.0,2026-06-16 13:53:15
487,146,purchase,4.0,2026-06-19 02:52:15
487,234,like,2.0,2026-06-19 23:41:29
487,99,like,2.0,2026-06-22 22:16:20
487,341,view,1.0,2026-07-06 07:04:58
487,397,view,1.0,2026-07-09 01:40:33
487,30,purchase,4.0,2026-07-14 10:50:55
487,81,like,2.0,2026-07-29 22:37:19
487,182,purchase,4.0,2026-08-01 06:46:45
487,15,like,2.0,2026-08-04 07:00:13
487,35,view,1.0,2026-08-04 11:04:41
487,358,purchase,4.0,2026-08-06 00:20:35
487,18,like,2.0,2026-08-07 02:25:04
487,96,view,1.0,2026-08-11 20:42:51
487,158,like,2.0,2026-08-13 23:17:39
487,10,like,2.0,2026-08-16 16:02:07
487,317,like,2.0,2026-08-18 11:42:37
487,323,purchase,4.0,2026-08-28 11:17:39
487,159,view,1.0,2026-09-04 19:47:22
487,90,view,1.0,2026-09-11 06:34:22
487,357,view,1.0,2026-09-19 10:25:08
487,270,like,2.0,2026-09-27 23:04:12
488,313,purchase,4.0,2026-04-22 09:55:02
488,13,view,1.0,2026-05-03 01:59:01
488,271,view,1.0,2026-05-03 23:13:38
488,116,view,1.0,2026-05-05 10:45:14
488,399,like,2.0,2026-05-13 10:49:10
488,102,like,2.0,2026-05-29 04:04:03
488,164,like,2.0,2026-06-02 18:04:44
488,210,view,1.0,2026-06-16 05:21:21
488,61,view,1.0,2026-06-23 02:41:47
488,221,view,1.0,2026-06-27 18:02:35
488,287,view,1.0,2026-06-28 13:42:08
488,390,view,1.0,2026-07-14 02:03:39
488,230,view,1.0,2026-07-16 13:34:55
488,83,like,2.0,2026-07-19 17:16:34
488,36,like,2.0,2026-07-22 20:11:24
488,248,view,1.0,2026-07-31 03:49:28
488,236,view,1.0,2026-08-29 12:38:58
488,324,view,1.0,2026-08-29 14:19:30
488,156,view,1.0,2026-09-23 17:59:24
489,101,like,2.0,2026-04-09 09:51:59
489,357,like,2.0,2026-04-26 02:54:53
489,279,view,1.0,2026-05-01 02:42:27
489,220,view,1.0,2026-07-18 12:04:20
489,59,view,1.0,2026-07-28 16:52:41
489,164,view,1.0,2026-08-02 17:23:07
489,397,view,1.0,2026-09-04 03:42:11
490,62,purchase,4.0,2026-04-22 09:59:05
490,118,like,2.0,2026-05-28 09:45:35
490,299,view,1.0,2026-05-31 09:38:25
490,165,view,1.0,2026-06-06 01:22:38
490,342,view,1.0,2026-06-18 02:05:30
490,385,view,1.0,2026-06-30 07:23:31
490,31,purchase,4.0,2026-07-06 10:37:11
490,273,view,1.0,2026-07-22 03:54:00
490,111,view,1.0,2026-08-05 18:36:21
490,36,like,2.0,2026-08-13 23:35:06
490,250,like,2.0,2026-08-27 02:43:48
490,275,like,2.0,2026-08-27 13:43:36
490,237,view,1.0,2026-09-14 07:31:43
490,217,view,1.0,2026-09-23 10:09:32
490,308,like,2.0,2026-09-26 16:33:29
490,309,view,1.0,2026-09-27 04:38:47
490,352,view,1.0,2026-09-27 08:22:03
491,284,purchase,4.0,2026-04-03 05:07:24
491,371,purchase,4.0,2026-04-03 17:07:09
491,102,like,2.0,2026-04-06 15:40:31
491,31,view,1.0,2026-04-09 06:58:40
491,29,view,1.0,2026-04-11 18:01:06
491,25,view,1.0,2026-04-17 00:31:15
491,132,view,1.0,2026-04-25 09:59:25
491,59,like,2.0,2026-05-05 20:53:39
491,158,purchase,4.0,2026-05-09 06:49:38
491,293,view,1.0,2026-05-10 01:55:22
491,122,purchase,4.0,2026-05-11 06:44:06
491,196,purchase,4.0,2026-05-11 20:16:55
491,259,like,2.0,2026-05-12 22:57:04
491,60,view,1.0,2026-05-15 06:26:47
491,390,view,1.0,2026-05-15 17:42:10
491,301,purchase,4.0,2026-05-17 15:13:13
491,249,view,1.0,2026-05-23 08:20:29
491,275,view,1.0,2026-05-24 01:32:24
491,163,like,2.0,2026-05-24 05:13:06
491,204,like,2.0,2026-05-24 15:43:29
491,325,view,1.0,2026-05-29 10:45:26
491,392,like,2.0,2026-05-31 17:59:06
491,234,view,1.0,2026-06-07 09:38:08
491,149,view,1.0,2026-06-07 18:59:29
491,272,like,2.0,2026-06-11 22:43:01
491,165,view,1.0,2026-06-17 16:44:48
491,298,view,1.0,2026-06-18 00:21:24
491,239,view,1.0,2026-06-20 19:43:56
491,123,like,2.0,2026-06-21 11:14:14
491,61,view,1.0,2026-06-28 08:16:45
491,285,view,1.0,2026-06-28 13:25:37
491,228,view,1.0,2026-06-30 00:34:52
491,252,view,1.0,2026-07-01 06:27:46
491,320,view,1.0,2026-07-02 22:04:10
491,66,view,1.0,2026-07-04 00:55:24
491,235,view,1.0,2026-07-08 00:37:55
491,145,purchase,4.0,2026-07-08 14:05:12
491,287,like,2.0,2026-07-09 01:43:31
491,222,like,2.0,2026-07-10 09:03:06
491,16,purchase,4.0,2026-07-12 13:14:19
491,212,view,1.0,2026-07-14 00:45:24
491,286,view,1.0,2026-07-14 18:19:19
491,109,view,1.0,2026-07-16 10:15:20
491,251,like,2.0,2026-07-17 17:21:32
491,331,view,1.0,2026-07-19 21:32:54
491,24,purchase,4.0,2026-07-21 13:03:10
491,355,view,1.0,2026-07-23 18:41:52
491,113,purchase,4.0,2026-07-29 01:06:27
491,238,view,1.0,2026-08-04 13:07:56
491,226,view,1.0,2026-08-05 23:08:49
491,314,like,2.0,2026-08-06 06:44:16
491,221,purchase,4.0,2026-08-07 14:36:00
491,172,view,1.0,2026-08-12 09:29:30
491,30,view,1.0,2026-08-14 19:24:57
491,398,view,1.0,2026-08-14 20:49:01
491,20,view,1.0,2026-08-20 20:34:14
491,319,purchase,4.0,2026-08-23 20:55:50
491,42,view,1.0,2026-08-24 19:27:05
491,159,like,2.0,2026-08-29 18:36:38
491,374,like,2.0,2026-08-31 23:30:41
491,92,view,1.0,2026-09-01 22:47:20
491,99,view,1.0,2026-09-03 00:55:07
491,220,view,1.0,2026-09-04 03:56:36
491,202,view,1.0,2026-09-04 12:50:52
491,48,view,1.0,2026-09-05 07:50:26
491,73,purchase,4.0,2026-09-06 23:37:25
491,328,purchase,4.0,2026-09-07 08:48:09
491,133,purchase,4.0,2026-09-12 09:22:10
491,327,view,1.0,2026-09-24 12:22:35
491,84,view,1.0,2026-09-29 11:57:06
492,262,purchase,4.0,2026-04-05 22:28:12
492,371,view,1.0,2026-04-14 09:40:30
492,164,purchase,4.0,2026-04-20 01:05:33
492,115,purchase,4.0,2026-04-21 13:55:51
492,65,view,1.0,2026-04-21 16:48:25
492,187,view,1.0,2026-04-27 20:51:28
492,128,view,1.0,2026-05-05 23:40:31
492,37,view,1.0,2026-05-07 02:03:30
492,376,like,2.0,2026-05-11 14:27:04
492,50,like,2.0,2026-05-16 17:34:21
492,287,view,1.0,2026-05-21 23:29:54
492,31,purchase,4.0,2026-05-28 08:22:35
492,200,view,1.0,2026-06-08 15:53:53
492,252,view,1.0,2026-06-13 03:12:08
492,96,view,1.0,2026-06-20 19:27:44
492,222,purchase,4.0,2026-06-25 18:59:20
492,120,like,2.0,2026-07-12 20:21:50
492,154,view,1.0,2026-07-20 16:11:20
492,14,view,1.0,2026-07-21 05:26:51
492,353,like,2.0,2026-07-21 09:16:27
492,76,purchase,4.0,2026-07-23 21:34:54
492,174,like,2.0,2026-07-26 10:25:14
492,314,view,1.0,2026-07-31 12:10:38
492,226,like,2.0,2026-08-03 13:55:39
492,82,like,2.0,2026-08-04 18:03:33
492,6,view,1.0,2026-08-06 23:30:22
492,337,purchase,4.0,2026-08-18 05:00:32
492,170,view,1.0,2026-08-21 10:47:24
492,30,like,2.0,2026-08-23 12:43:47
492,217,view,1.0,2026-08-26 09:56:47
492,113,like,2.0,2026-08-29 18:37:40
492,138,view,1.0,2026-09-06 10:55:41
492,239,view,1.0,2026-09-08 19:02:15
492,169,like,2.0,2026-09-13 23:36:06
492,52,view,1.0,2026-09-18 16:13:58
492,258,purchase,4.0,2026-09-20 00:52:12
492,299,view,1.0,2026-09-26 05:50:45
492,209,purchase,4.0,2026-09-28 14:42:05
493,345,purchase,4.0,2026-04-28 16:25:26
493,170,view,1.0,2026-05-20 02:24:49
493,254,view,1.0,2026-06-09 00:55:14
493,355,like,2.0,2026-06-23 13:40:54
493,304,like,2.0,2026-06-25 03:31:03
493,57,view,1.0,2026-07-03 01:35:26
493,120,like,2.0,2026-07-03 17:12:01
493,209,view,1.0,2026-07-28 15:54:14
493,114,view,1.0,2026-09-21 12:13:43
494,172,purchase,4.0,2026-04-16 02:24:25
494,304,like,2.0,2026-04-16 08:23:08
494,164,view,1.0,2026-05-03 03:40:17
494,399,purchase,4.0,2026-05-06 02:17:34
494,105,view,1.0,2026-05-25 09:38:17
494,205,purchase,4.0,2026-05-25 15:26:55
494,279,view,1.0,2026-06-04 16:56:20
494,222,view,1.0,2026-06-05 07:53:45
494,9,view,1.0,2026-06-13 17:18:44
494,210,view,1.0,2026-06-19 18:38:22
494,388,view,1.0,2026-06-24 09:52:24
494,171,like,2.0,2026-06-27 19:09:44
494,45,purchase,4.0,2026-06-28 13:30:07
494,4,view,1.0,2026-07-09 23:54:28
494,77,view,1.0,2026-07-11 13:39:38
494,343,view,1.0,2026-07-11 16:21:22
494,376,view,1.0,2026-07-17 14:35:35
494,371,purchase,4.0,2026-07-19 06:56:01
494,192,view,1.0,2026-07-27 04:09:33
494,137,purchase,4.0,2026-08-05 07:06:33
494,56,view,1.0,2026-08-05 12:42:38
494,229,view,1.0,2026-08-10 16:09:34
494,14,view,1.0,2026-08-21 06:12:14
494,345,view,1.0,2026-08-22 09:04:58
494,324,view,1.0,2026-09-08 03:53:24
494,369,like,2.0,2026-09-15 18:59:00
494,133,purchase,4.0,2026-09-17 05:11:05
494,354,view,1.0,2026-09-18 14:10:12
495,353,view,1.0,2026-04-07 03:55:56
495,80,view,1.0,2026-04-29 20:40:04
495,375,view,1.0,2026-05-18 13:45:45
495,286,view,1.0,2026-05-25 19:06:41
495,200,like,2.0,2026-09-14 11:43:30
496,108,like,2.0,2026-04-13 00:19:19
496,354,like,2.0,2026-04-25 15:57:31
496,163,view,1.0,2026-04-25 23:33:10
496,81,view,1.0,2026-05-03 02:09:07
496,128,purchase,4.0,2026-05-23 15:31:16
496,336,like,2.0,2026-05-27 04:48:35
496,255,like,2.0,2026-06-06 21:06:38
496,45,view,1.0,2026-06-11 20:59:54
496,40,view,1.0,2026-06-21 05:09:45
496,283,like,2.0,2026-06-26 16:00:12
496,83,view,1.0,2026-06-28 09:41:29
496,72,view,1.0,2026-07-07 04:33:18
496,307,like,2.0,2026-07-15 12:45:49
496,121,view,1.0,2026-07-26 08:41:02
496,12,like,2.0,2026-07-29 07:01:14
496,232,purchase,4.0,2026-08-03 13:43:38
496,244,view,1.0,2026-08-05 05:00:14
496,182,view,1.0,2026-08-09 03:49:12
496,136,view,1.0,2026-08-31 23:21:45
496,177,view,1.0,2026-09-04 12:48:20
496,6,view,1.0,2026-09-22 15:49:55
496,118,purchase,4.0,2026-09-26 12:23:31
496,273,purchase,4.0,2026-09-28 21:41:39
497,321,view,1.0,2026-04-20 13:26:20
497,191,view,1.0,2026-04-25 16:41:45
497,93,like,2.0,2026-04-29 05:16:23
497,14,view,1.0,2026-04-29 09:25:59
497,391,view,1.0,2026-05-15 01:22:47
497,4,view,1.0,2026-05-21 01:40:08
497,101,view,1.0,2026-05-22 06:36:46
497,254,purchase,4.0,2026-06-09 05:30:40
497,369,like,2.0,2026-06-21 23:04:09
497,52,like,2.0,2026-07-02 21:05:11
497,294,view,1.0,2026-07-05 01:54:16
497,136,view,1.0,2026-07-05 17:39:36
497,252,view,1.0,2026-07-18 17:16:32
497,38,view,1.0,2026-07-22 12:16:17
497,336,view,1.0,2026-07-23 14:00:48
497,263,view,1.0,2026-07-26 13:03:42
497,379,view,1.0,2026-07-29 07:28:28
497,200,purchase,4.0,2026-08-06 16:27:57
497,345,view,1.0,2026-08-18 03:23:07
497,205,purchase,4.0,2026-08-20 18:05:51
497,37,purchase,4.0,2026-08-22 00:56:45
497,310,like,2.0,2026-08-26 21:23:28
497,166,purchase,4.0,2026-09-01 04:32:06
497,220,view,1.0,2026-09-15 00:21:20
497,241,like,2.0,2026-09-15 03:04:05
497,295,view,1.0,2026-09-19 09:33:47
497,213,view,1.0,2026-09-23 10:57:25
498,131,view,1.0,2026-04-04 12:26:25
498,376,view,1.0,2026-04-26 22:18:16
498,12,view,1.0,2026-05-22 19:24:04
498,264,purchase,4.0,2026-06-01 07:15:51
498,301,view,1.0,2026-06-09 18:04:19
498,317,view,1.0,2026-08-16 03:41:49
498,123,like,2.0,2026-08-17 11:52:06
498,178,view,1.0,2026-08-21 04:17:04
498,67,like,2.0,2026-09-21 13:00:48
499,9,view,1.0,2026-04-03 18:20:40
499,259,view,1.0,2026-04-19 05:16:34
499,96,like,2.0,2026-04-22 09:44:29
499,230,view,1.0,2026-04-27 13:00:39
499,156,like,2.0,2026-04-28 12:26:11
499,298,like,2.0,2026-05-06 02:14:15
499,345,view,1.0,2026-05-10 15:06:35
499,101,view,1.0,2026-05-25 11:07:27
499,303,view,1.0,2026-06-14 03:37:07
499,74,purchase,4.0,2026-06-14 07:06:50
499,67,like,2.0,2026-06-24 15:38:15
499,170,like,2.0,2026-07-23 12:45:31
499,132,view,1.0,2026-08-05 08:13:51
499,394,view,1.0,2026-08-14 21:23:51
499,308,purchase,4.0,2026-08-16 19:36:51
499,65,like,2.0,2026-08-17 15:37:14
499,264,view,1.0,2026-09-07 07:20:17
499,220,like,2.0,2026-09-08 18:59:03
499,40,view,1.0,2026-09-15 14:40:05
499,304,view,1.0,2026-09-19 04:01:28
499,331,view,1.0,2026-09-20 03:57:19
499,356,view,1.0,2026-09-25 00:30:06
500,239,like,2.0,2026-04-04 07:42:42
500,169,view,1.0,2026-04-05 00:47:35
500,234,purchase,4.0,2026-04-14 11:12:15
500,220,view,1.0,2026-05-03 08:29:00
500,10,view,1.0,2026-05-24 11:03:41
500,139,view,1.0,2026-06-03 04:32:04
500,171,view,1.0,2026-06-12 20:57:50
500,190,view,1.0,2026-06-18 05:15:10
500,37,view,1.0,2026-06-18 10:55:37
500,358,purchase,4.0,2026-07-05 03:44:10
500,131,view,1.0,2026-07-08 10:28:41
500,185,purchase,4.0,2026-07-13 21:56:39
500,270,view,1.0,2026-07-18 06:36:10
500,284,like,2.0,2026-07-20 15:45:07
500,146,purchase,4.0,2026-08-03 16:09:04
500,52,like,2.0,2026-08-22 22:17:26
500,77,view,1.0,2026-09-13 17:30:08
500,63,purchase,4.0,2026-09-15 06:25:20
500,87,view,1.0,2026-09-19 20:39:00
